Using vips to process variants requires the libvips library. Please install libvips using the instructions on the libvips website.
Using vips to process variants requires the libvips library. Please install libvips using the instructions on the libvips website.
Using vips to process variants requires the libvips library. Please install libvips using the instructions on the libvips website.
Using vips to process variants requires the libvips library. Please install libvips using the instructions on the libvips website.
Using vips to process variants requires the libvips library. Please install libvips using the instructions on the libvips website.
  [1m[35m (207.2ms)[0m  [1m[35mCREATE DATABASE "task_management" ENCODING = 'unicode' /*application='TaskManagementApp'*/[0m
Using vips to process variants requires the libvips library. Please install libvips using the instructions on the libvips website.
  [1m[35m (176.6ms)[0m  [1m[35mCREATE DATABASE "task_management" ENCODING = 'unicode' /*application='TaskManagementApp'*/[0m
Using vips to process variants requires the libvips library. Please install libvips using the instructions on the libvips website.
  [1m[35m (201.5ms)[0m  [1m[35mCREATE DATABASE "task_management" ENCODING = 'unicode' /*application='TaskManagementApp'*/[0m
Using vips to process variants requires the libvips library. Please install libvips using the instructions on the libvips website.
  [1m[35mSQL (0.1ms)[0m  [1m[35mSET search_path TO public /*application='TaskManagementApp'*/[0m
  [1m[35m (373.5ms)[0m  [1m[35mCREATE DATABASE "task_management" ENCODING = 'unicode' /*application='TaskManagementApp'*/[0m
  [1m[35m (110.8ms)[0m  [1m[35mCREATE DATABASE "task_management_app_test" ENCODING = 'unicode' /*application='TaskManagementApp'*/[0m
Using vips to process variants requires the libvips library. Please install libvips using the instructions on the libvips website.
Started GET "/" for ::1 at 2026-08-28 13:00:41 +0500
  [1m[35m (5.0ms)[0m  [1m[35mCREATE TABLE "schema_migrations" ("version" character varying NOT NULL PRIMARY KEY) /*application='TaskManagementApp'*/[0m
  [1m[35m (2.8ms)[0m  [1m[35mCREATE TABLE "ar_internal_metadata" ("key" character varying NOT NULL PRIMARY KEY, "value" character varying, "created_at" timestamp(6) NOT NULL, "updated_at" timestamp(6) NOT NULL) /*application='TaskManagementApp'*/[0m
  [1m[36mActiveRecord::SchemaMigration Load (0.8ms)[0m  [1m[34mSELECT "schema_migrations"."version" FROM "schema_migrations" ORDER BY "schema_migrations"."version" ASC /*application='TaskManagementApp'*/[0m
Processing by Rails::WelcomeController#index as HTML
  Rendering /Users/macbook/.local/share/mise/installs/ruby/3.4.10/lib/ruby/gems/3.4.0/gems/railties-8.1.3.1/lib/rails/templates/rails/welcome/index.html.erb
  Rendered /Users/macbook/.local/share/mise/installs/ruby/3.4.10/lib/ruby/gems/3.4.0/gems/railties-8.1.3.1/lib/rails/templates/rails/welcome/index.html.erb (Duration: 0.9ms | GC: 0.0ms)
Completed 200 OK in 46ms (Views: 11.4ms | ActiveRecord: 0.0ms (0 queries, 0 cached) | GC: 0.0ms)


Using vips to process variants requires the libvips library. Please install libvips using the instructions on the libvips website.
Using vips to process variants requires the libvips library. Please install libvips using the instructions on the libvips website.
Using vips to process variants requires the libvips library. Please install libvips using the instructions on the libvips website.
Started GET "/" for ::1 at 2026-08-28 14:05:02 +0500
  [1m[36mActiveRecord::SchemaMigration Load (0.8ms)[0m  [1m[34mSELECT "schema_migrations"."version" FROM "schema_migrations" ORDER BY "schema_migrations"."version" ASC /*application='TaskManagementApp'*/[0m
  
ActiveRecord::PendingMigrationError (

Migrations are pending. To resolve this issue, run:

        bin/rails db:migrate

You have 1 pending migration:

db/migrate/20260828080119_create_tasks.rb


):
  
activerecord (8.1.3.1) lib/active_record/migration.rb:743:in 'ActiveRecord::Migration.check_pending_migrations'
activerecord (8.1.3.1) lib/active_record/migration.rb:660:in 'block (2 levels) in ActiveRecord::Migration::CheckPending#call'
activesupport (8.1.3.1) lib/active_support/file_update_checker.rb:88:in 'ActiveSupport::FileUpdateChecker#execute'
activerecord (8.1.3.1) lib/active_record/migration.rb:665:in 'block in ActiveRecord::Migration::CheckPending#call'
activerecord (8.1.3.1) lib/active_record/migration.rb:657:in 'Thread::Mutex#synchronize'
activerecord (8.1.3.1) lib/active_record/migration.rb:657:in 'ActiveRecord::Migration::CheckPending#call'
actionpack (8.1.3.1) lib/action_dispatch/middleware/callbacks.rb:31:in 'block in ActionDispatch::Callbacks#call'
activesupport (8.1.3.1) lib/active_support/callbacks.rb:101:in 'ActiveSupport::Callbacks#run_callbacks'
actionpack (8.1.3.1) lib/action_dispatch/middleware/callbacks.rb:30:in 'ActionDispatch::Callbacks#call'
actionpack (8.1.3.1) lib/action_dispatch/middleware/executor.rb:20:in 'ActionDispatch::Executor#call'
actionpack (8.1.3.1) lib/action_dispatch/middleware/actionable_exceptions.rb:18:in 'ActionDispatch::ActionableExceptions#call'
actionpack (8.1.3.1) lib/action_dispatch/middleware/debug_exceptions.rb:31:in 'ActionDispatch::DebugExceptions#call'
web-console (4.3.0) lib/web_console/middleware.rb:132:in 'WebConsole::Middleware#call_app'
web-console (4.3.0) lib/web_console/middleware.rb:28:in 'block in WebConsole::Middleware#call'
web-console (4.3.0) lib/web_console/middleware.rb:17:in 'Kernel#catch'
web-console (4.3.0) lib/web_console/middleware.rb:17:in 'WebConsole::Middleware#call'
actionpack (8.1.3.1) lib/action_dispatch/middleware/show_exceptions.rb:32:in 'ActionDispatch::ShowExceptions#call'
railties (8.1.3.1) lib/rails/rack/logger.rb:41:in 'Rails::Rack::Logger#call_app'
railties (8.1.3.1) lib/rails/rack/logger.rb:29:in 'Rails::Rack::Logger#call'
propshaft (1.3.2) lib/propshaft/quiet_assets.rb:11:in 'Propshaft::QuietAssets#call'
actionpack (8.1.3.1) lib/action_dispatch/middleware/remote_ip.rb:98:in 'ActionDispatch::RemoteIp#call'
actionpack (8.1.3.1) lib/action_dispatch/middleware/request_id.rb:34:in 'ActionDispatch::RequestId#call'
rack (3.2.7) lib/rack/method_override.rb:28:in 'Rack::MethodOverride#call'
rack (3.2.7) lib/rack/runtime.rb:24:in 'Rack::Runtime#call'
activesupport (8.1.3.1) lib/active_support/cache/strategy/local_cache_middleware.rb:30:in 'ActiveSupport::Cache::Strategy::LocalCache::Middleware#call'
actionpack (8.1.3.1) lib/action_dispatch/middleware/server_timing.rb:61:in 'block in ActionDispatch::ServerTiming#call'
actionpack (8.1.3.1) lib/action_dispatch/middleware/server_timing.rb:26:in 'ActionDispatch::ServerTiming::Subscriber#collect_events'
actionpack (8.1.3.1) lib/action_dispatch/middleware/server_timing.rb:60:in 'ActionDispatch::ServerTiming#call'
actionpack (8.1.3.1) lib/action_dispatch/middleware/executor.rb:20:in 'ActionDispatch::Executor#call'
propshaft (1.3.2) lib/propshaft/server.rb:37:in 'Propshaft::Server#call'
actionpack (8.1.3.1) lib/action_dispatch/middleware/static.rb:27:in 'ActionDispatch::Static#call'
rack (3.2.7) lib/rack/sendfile.rb:131:in 'Rack::Sendfile#call'
actionpack (8.1.3.1) lib/action_dispatch/middleware/host_authorization.rb:143:in 'ActionDispatch::HostAuthorization#call'
railties (8.1.3.1) lib/rails/engine.rb:534:in 'Rails::Engine#call'
puma (8.0.2) lib/puma/configuration.rb:305:in 'Puma::Configuration::ConfigMiddleware#call'
puma (8.0.2) lib/puma/response.rb:79:in 'block in Puma::Response#handle_request'
puma (8.0.2) lib/puma/thread_pool.rb:434:in 'Puma::ThreadPool#with_force_shutdown'
puma (8.0.2) lib/puma/response.rb:78:in 'Puma::Response#handle_request'
puma (8.0.2) lib/puma/server.rb:508:in 'Puma::Server#process_client'
puma (8.0.2) lib/puma/server.rb:263:in 'block in Puma::Server#run'
puma (8.0.2) lib/puma/thread_pool.rb:246:in 'block in Puma::ThreadPool#spawn_thread'
Using vips to process variants requires the libvips library. Please install libvips using the instructions on the libvips website.
  [1m[35m (0.2ms)[0m  [1m[34mSELECT pg_try_advisory_lock(805014669356415840) /*application='TaskManagementApp'*/[0m
  [1m[36mActiveRecord::SchemaMigration Load (0.8ms)[0m  [1m[34mSELECT "schema_migrations"."version" FROM "schema_migrations" ORDER BY "schema_migrations"."version" ASC /*application='TaskManagementApp'*/[0m
  [1m[36mActiveRecord::InternalMetadata Load (2.4ms)[0m  [1m[34mSELECT * FROM "ar_internal_metadata" WHERE "ar_internal_metadata"."key" = 'environment' ORDER BY "ar_internal_metadata"."key" ASC LIMIT 1 /*application='TaskManagementApp'*/[0m
  [1m[36mActiveRecord::InternalMetadata Create (45.1ms)[0m  [1m[32mINSERT INTO "ar_internal_metadata" ("key", "value", "created_at", "updated_at") VALUES ('environment', 'development', '2026-08-28 09:05:27.746520', '2026-08-28 09:05:27.746523') RETURNING "key" /*application='TaskManagementApp'*/[0m
Migrating to CreateTasks (20260828080119)
  [1m[36mTRANSACTION (0.2ms)[0m  [1m[35mBEGIN /*application='TaskManagementApp'*/[0m
  [1m[35m (50.0ms)[0m  [1m[35mCREATE TABLE "tasks" ("id" bigserial primary key, "created_at" timestamp(6) NOT NULL, "updated_at" timestamp(6) NOT NULL, "tittle" character varying, "description" character varying, "status" character varying, "priority" character varying) /*application='TaskManagementApp'*/[0m
  [1m[36mActiveRecord::SchemaMigration Create (0.5ms)[0m  [1m[32mINSERT INTO "schema_migrations" ("version") VALUES ('20260828080119') RETURNING "version" /*application='TaskManagementApp'*/[0m
  [1m[36mTRANSACTION (0.7ms)[0m  [1m[35mCOMMIT /*application='TaskManagementApp'*/[0m
  [1m[35m (0.9ms)[0m  [1m[34mSELECT pg_advisory_unlock(805014669356415840) /*application='TaskManagementApp'*/[0m
  [1m[36mActiveRecord::SchemaMigration Load (0.3ms)[0m  [1m[34mSELECT "schema_migrations"."version" FROM "schema_migrations" ORDER BY "schema_migrations"."version" ASC /*application='TaskManagementApp'*/[0m
  [1m[35mSQL (0.2ms)[0m  [1m[35mSET search_path TO public /*application='TaskManagementApp'*/[0m
  [1m[35mSQL (0.2ms)[0m  [1m[35mSET search_path TO "$user", public /*application='TaskManagementApp'*/[0m
  [1m[35mSQL (0.2ms)[0m  [1m[35mSET search_path TO public /*application='TaskManagementApp'*/[0m
  [1m[35mSQL (0.1ms)[0m  [1m[35mSET search_path TO "$user", public /*application='TaskManagementApp'*/[0m
Using vips to process variants requires the libvips library. Please install libvips using the instructions on the libvips website.
Started GET "/" for ::1 at 2026-08-28 14:06:21 +0500
  [1m[36mActiveRecord::SchemaMigration Load (0.8ms)[0m  [1m[34mSELECT "schema_migrations"."version" FROM "schema_migrations" ORDER BY "schema_migrations"."version" ASC /*application='TaskManagementApp'*/[0m
Processing by HomeController#index as HTML
  Rendering layout layouts/application.html.erb
  Rendering home/index.html.erb within layouts/application
  Rendered home/index.html.erb within layouts/application (Duration: 0.4ms | GC: 0.0ms)
  Rendered layout layouts/application.html.erb (Duration: 17.0ms | GC: 0.0ms)
Completed 200 OK in 84ms (Views: 23.7ms | ActiveRecord: 0.0ms (0 queries, 0 cached) | GC: 1.2ms)


Started GET "/" for ::1 at 2026-08-28 14:06:46 +0500
Processing by HomeController#index as HTML
  Rendering layout layouts/application.html.erb
  Rendering home/index.html.erb within layouts/application
  Rendered home/index.html.erb within layouts/application (Duration: 0.5ms | GC: 0.0ms)
  Rendered layout layouts/application.html.erb (Duration: 19.9ms | GC: 0.0ms)
Completed 200 OK in 25ms (Views: 22.3ms | ActiveRecord: 0.0ms (0 queries, 0 cached) | GC: 0.0ms)


Started GET "/" for ::1 at 2026-08-28 14:13:31 +0500
Processing by HomeController#index as HTML
  Rendering layout layouts/application.html.erb
  Rendering home/index.html.erb within layouts/application
  Rendered home/index.html.erb within layouts/application (Duration: 0.3ms | GC: 0.0ms)
  Rendered layout layouts/application.html.erb (Duration: 5.9ms | GC: 0.0ms)
Completed 500 Internal Server Error in 10ms (ActiveRecord: 0.0ms (0 queries, 0 cached) | GC: 0.0ms)


  
ActionView::Template::Error (You invoked render but did not give any of :body, :file, :html, :inline, :partial, :plain, :renderable, or :template option.)
Caused by: ArgumentError (You invoked render but did not give any of :body, :file, :html, :inline, :partial, :plain, :renderable, or :template option.)

Information for: ActionView::Template::Error (You invoked render but did not give any of :body, :file, :html, :inline, :partial, :plain, :renderable, or :template option.):
    20:   </head>
    21:   <body>
    22:     <%= render partials: "shared/navbar"%>
    23:     <%= yield %>
    24:   </body>
    25: </html>
  
app/views/layouts/application.html.erb:23

Information for cause: ArgumentError (You invoked render but did not give any of :body, :file, :html, :inline, :partial, :plain, :renderable, or :template option.):
  
app/views/layouts/application.html.erb:23
Started GET "/" for ::1 at 2026-08-28 14:13:53 +0500
Processing by HomeController#index as HTML
  Rendering layout layouts/application.html.erb
  Rendering home/index.html.erb within layouts/application
  Rendered home/index.html.erb within layouts/application (Duration: 0.3ms | GC: 0.0ms)
  Rendered shared/_navbar.html.erb (Duration: 0.8ms | GC: 0.0ms)
  Rendered layout layouts/application.html.erb (Duration: 12.5ms | GC: 0.0ms)
Completed 200 OK in 17ms (Views: 14.6ms | ActiveRecord: 0.0ms (0 queries, 0 cached) | GC: 0.0ms)


Started GET "/" for ::1 at 2026-08-28 14:14:18 +0500
Processing by HomeController#index as HTML
  Rendering layout layouts/application.html.erb
  Rendering home/index.html.erb within layouts/application
  Rendered home/index.html.erb within layouts/application (Duration: 0.3ms | GC: 0.0ms)
  Rendered shared/_navbar.html.erb (Duration: 0.7ms | GC: 0.0ms)
  Rendered layout layouts/application.html.erb (Duration: 6.1ms | GC: 0.0ms)
Completed 200 OK in 10ms (Views: 8.0ms | ActiveRecord: 0.0ms (0 queries, 0 cached) | GC: 0.0ms)


Started GET "/" for ::1 at 2026-08-28 14:15:32 +0500
Processing by HomeController#index as HTML
  Rendering layout layouts/application.html.erb
  Rendering home/index.html.erb within layouts/application
  Rendered home/index.html.erb within layouts/application (Duration: 0.3ms | GC: 0.0ms)
  Rendered shared/_navbar.html.erb (Duration: 1.1ms | GC: 0.0ms)
  Rendered layout layouts/application.html.erb (Duration: 6.7ms | GC: 0.0ms)
Completed 200 OK in 11ms (Views: 9.0ms | ActiveRecord: 0.0ms (0 queries, 0 cached) | GC: 0.0ms)


Started GET "/tasks" for ::1 at 2026-08-28 14:15:34 +0500
Processing by TasksController#index as HTML
  Rendering layout layouts/application.html.erb
  Rendering tasks/index.html.erb within layouts/application
  Rendered tasks/index.html.erb within layouts/application (Duration: 0.3ms | GC: 0.0ms)
  Rendered shared/_navbar.html.erb (Duration: 0.2ms | GC: 0.0ms)
  Rendered layout layouts/application.html.erb (Duration: 2.0ms | GC: 0.0ms)
Completed 200 OK in 40ms (Views: 3.1ms | ActiveRecord: 0.0ms (0 queries, 0 cached) | GC: 0.0ms)


Started GET "/" for ::1 at 2026-08-28 14:15:35 +0500
Processing by HomeController#index as HTML
  Rendering layout layouts/application.html.erb
  Rendering home/index.html.erb within layouts/application
  Rendered home/index.html.erb within layouts/application (Duration: 0.1ms | GC: 0.0ms)
  Rendered shared/_navbar.html.erb (Duration: 0.2ms | GC: 0.0ms)
  Rendered layout layouts/application.html.erb (Duration: 2.1ms | GC: 0.0ms)
Completed 200 OK in 5ms (Views: 3.1ms | ActiveRecord: 0.0ms (0 queries, 0 cached) | GC: 0.0ms)


Started GET "/tasks" for ::1 at 2026-08-28 14:15:36 +0500
Processing by TasksController#index as HTML
  Rendering layout layouts/application.html.erb
  Rendering tasks/index.html.erb within layouts/application
  Rendered tasks/index.html.erb within layouts/application (Duration: 0.0ms | GC: 0.0ms)
  Rendered shared/_navbar.html.erb (Duration: 0.2ms | GC: 0.0ms)
  Rendered layout layouts/application.html.erb (Duration: 1.3ms | GC: 0.0ms)
Completed 200 OK in 3ms (Views: 1.7ms | ActiveRecord: 0.0ms (0 queries, 0 cached) | GC: 0.0ms)


Started GET "/" for ::1 at 2026-08-28 14:15:37 +0500
Processing by HomeController#index as HTML
  Rendering layout layouts/application.html.erb
  Rendering home/index.html.erb within layouts/application
  Rendered home/index.html.erb within layouts/application (Duration: 0.1ms | GC: 0.0ms)
  Rendered shared/_navbar.html.erb (Duration: 0.3ms | GC: 0.0ms)
  Rendered layout layouts/application.html.erb (Duration: 2.0ms | GC: 0.0ms)
Completed 200 OK in 12ms (Views: 10.6ms | ActiveRecord: 0.0ms (0 queries, 0 cached) | GC: 7.3ms)


Started GET "/" for ::1 at 2026-08-28 14:15:38 +0500
Processing by HomeController#index as HTML
  Rendering layout layouts/application.html.erb
  Rendering home/index.html.erb within layouts/application
  Rendered home/index.html.erb within layouts/application (Duration: 0.1ms | GC: 0.0ms)
  Rendered shared/_navbar.html.erb (Duration: 1.2ms | GC: 0.0ms)
  Rendered layout layouts/application.html.erb (Duration: 11.0ms | GC: 0.0ms)
Completed 200 OK in 15ms (Views: 12.0ms | ActiveRecord: 0.0ms (0 queries, 0 cached) | GC: 0.0ms)


Started GET "/tasks" for ::1 at 2026-08-28 14:15:39 +0500
Processing by TasksController#index as HTML
  Rendering layout layouts/application.html.erb
  Rendering tasks/index.html.erb within layouts/application
  Rendered tasks/index.html.erb within layouts/application (Duration: 0.0ms | GC: 0.0ms)
  Rendered shared/_navbar.html.erb (Duration: 0.2ms | GC: 0.0ms)
  Rendered layout layouts/application.html.erb (Duration: 2.6ms | GC: 0.0ms)
Completed 200 OK in 4ms (Views: 3.1ms | ActiveRecord: 0.0ms (0 queries, 0 cached) | GC: 0.0ms)


Started GET "/" for ::1 at 2026-08-28 14:15:40 +0500
Processing by HomeController#index as HTML
  Rendering layout layouts/application.html.erb
  Rendering home/index.html.erb within layouts/application
  Rendered home/index.html.erb within layouts/application (Duration: 0.1ms | GC: 0.0ms)
  Rendered shared/_navbar.html.erb (Duration: 0.3ms | GC: 0.0ms)
  Rendered layout layouts/application.html.erb (Duration: 2.5ms | GC: 0.0ms)
Completed 200 OK in 8ms (Views: 4.0ms | ActiveRecord: 0.0ms (0 queries, 0 cached) | GC: 0.0ms)


Using vips to process variants requires the libvips library. Please install libvips using the instructions on the libvips website.
Using vips to process variants requires the libvips library. Please install libvips using the instructions on the libvips website.
Using vips to process variants requires the libvips library. Please install libvips using the instructions on the libvips website.
Using vips to process variants requires the libvips library. Please install libvips using the instructions on the libvips website.
Started GET "/" for 127.0.0.1 at 2026-08-28 15:13:46 +0500
  [1m[36mActiveRecord::SchemaMigration Load (42.0ms)[0m  [1m[34mSELECT "schema_migrations"."version" FROM "schema_migrations" ORDER BY "schema_migrations"."version" ASC /*application='TaskManagementApp'*/[0m
Processing by HomeController#index as HTML
  Rendering layout layouts/application.html.erb
  Rendering home/index.html.erb within layouts/application
  Rendered home/index.html.erb within layouts/application (Duration: 0.4ms | GC: 0.0ms)
  Rendered shared/_navbar.html.erb (Duration: 1.0ms | GC: 0.0ms)
  Rendered layout layouts/application.html.erb (Duration: 21.9ms | GC: 0.0ms)
Completed 200 OK in 54ms (Views: 27.9ms | ActiveRecord: 0.0ms (0 queries, 0 cached) | GC: 0.0ms)


Started GET "/tasks/1" for 127.0.0.1 at 2026-08-28 15:13:48 +0500
Processing by TasksController#show as HTML
  Parameters: {"id" => "1"}
  Rendering layout layouts/application.html.erb
  Rendering tasks/show.html.erb within layouts/application
  Rendered tasks/show.html.erb within layouts/application (Duration: 4.8ms | GC: 0.0ms)
  Rendered layout layouts/application.html.erb (Duration: 5.3ms | GC: 0.0ms)
Completed 500 Internal Server Error in 9ms (ActiveRecord: 0.0ms (0 queries, 0 cached) | GC: 0.0ms)


  
ActionView::Template::Error ('nil' is not an ActiveModel-compatible object. It must implement #to_partial_path.)
Caused by: ArgumentError ('nil' is not an ActiveModel-compatible object. It must implement #to_partial_path.)

Information for: ActionView::Template::Error ('nil' is not an ActiveModel-compatible object. It must implement #to_partial_path.):
    1: <p style="color: green"><%= notice %></p>
    2: 
    3: <%= render @task %>
    4: 
    5: <div>
    6:   <%= link_to "Edit this task", edit_task_path(@task) %> |
    7:   <%= link_to "Back to tasks", tasks_path %>
  
app/views/tasks/show.html.erb:4

Information for cause: ArgumentError ('nil' is not an ActiveModel-compatible object. It must implement #to_partial_path.):
  
app/views/tasks/show.html.erb:4
Started GET "/tasks/new" for 127.0.0.1 at 2026-08-28 15:13:48 +0500
Processing by TasksController#new as HTML
  Rendering layout layouts/application.html.erb
  Rendering tasks/new.html.erb within layouts/application
  Rendered tasks/new.html.erb within layouts/application (Duration: 0.9ms | GC: 0.0ms)
  Rendered layout layouts/application.html.erb (Duration: 1.2ms | GC: 0.0ms)
Completed 500 Internal Server Error in 60ms (ActiveRecord: 10.8ms (0 queries, 0 cached) | GC: 0.6ms)


  
ActionView::Template::Error (Passed nil to the :model argument, expect an object or false)
Caused by: ArgumentError (Passed nil to the :model argument, expect an object or false)

Information for: ActionView::Template::Error (Passed nil to the :model argument, expect an object or false):
    1: <%= form_with model: @tasks do |form|%>
    2:   <div>
    3:     <%= form.label :tittle , "Tittle" %>
    4:     <%= form.text_area :tittle %>
    5:   </div>
  
app/views/tasks/new.html.erb:2

Information for cause: ArgumentError (Passed nil to the :model argument, expect an object or false):
  
app/views/tasks/new.html.erb:2
Started GET "/tasks/new" for 127.0.0.1 at 2026-08-28 15:15:09 +0500
Processing by TasksController#new as HTML
  Rendering layout layouts/application.html.erb
  Rendering tasks/new.html.erb within layouts/application
  Rendered tasks/new.html.erb within layouts/application (Duration: 15.6ms | GC: 0.1ms)
  Rendered shared/_navbar.html.erb (Duration: 0.6ms | GC: 0.0ms)
  Rendered layout layouts/application.html.erb (Duration: 20.7ms | GC: 0.1ms)
Completed 200 OK in 37ms (Views: 24.1ms | ActiveRecord: 2.6ms (0 queries, 0 cached) | GC: 0.2ms)


Started GET "/tasks" for 127.0.0.1 at 2026-08-28 15:16:59 +0500
Processing by TasksController#index as HTML
  Rendering layout layouts/application.html.erb
  Rendering tasks/index.html.erb within layouts/application
  Rendered tasks/index.html.erb within layouts/application (Duration: 0.3ms | GC: 0.0ms)
  Rendered shared/_navbar.html.erb (Duration: 0.3ms | GC: 0.0ms)
  Rendered layout layouts/application.html.erb (Duration: 2.1ms | GC: 0.1ms)
Completed 200 OK in 24ms (Views: 2.7ms | ActiveRecord: 0.0ms (0 queries, 0 cached) | GC: 0.1ms)


Started GET "/tasks/1" for 127.0.0.1 at 2026-08-28 15:17:00 +0500
Processing by TasksController#show as HTML
  Parameters: {"id" => "1"}
  Rendering layout layouts/application.html.erb
  Rendering tasks/show.html.erb within layouts/application
  Rendered tasks/show.html.erb within layouts/application (Duration: 1.2ms | GC: 0.0ms)
  Rendered layout layouts/application.html.erb (Duration: 1.5ms | GC: 0.0ms)
Completed 500 Internal Server Error in 9ms (ActiveRecord: 0.0ms (0 queries, 0 cached) | GC: 0.0ms)


  
ActionView::Template::Error ('nil' is not an ActiveModel-compatible object. It must implement #to_partial_path.)
Caused by: ArgumentError ('nil' is not an ActiveModel-compatible object. It must implement #to_partial_path.)

Information for: ActionView::Template::Error ('nil' is not an ActiveModel-compatible object. It must implement #to_partial_path.):
    1: <p style="color: green"><%= notice %></p>
    2: 
    3: <%= render @task %>
    4: 
    5: <div>
    6:   <%= link_to "Edit this task", edit_task_path(@task) %> |
    7:   <%= link_to "Back to tasks", tasks_path %>
  
app/views/tasks/show.html.erb:4

Information for cause: ArgumentError ('nil' is not an ActiveModel-compatible object. It must implement #to_partial_path.):
  
app/views/tasks/show.html.erb:4
Started GET "/tasks/1" for 127.0.0.1 at 2026-08-28 15:17:06 +0500
Processing by TasksController#show as HTML
  Parameters: {"id" => "1"}
  Rendering layout layouts/application.html.erb
  Rendering tasks/show.html.erb within layouts/application
  Rendered tasks/show.html.erb within layouts/application (Duration: 1.9ms | GC: 0.0ms)
  Rendered layout layouts/application.html.erb (Duration: 2.5ms | GC: 0.0ms)
Completed 500 Internal Server Error in 7ms (ActiveRecord: 0.0ms (0 queries, 0 cached) | GC: 0.5ms)


  
ActionView::Template::Error ('nil' is not an ActiveModel-compatible object. It must implement #to_partial_path.)
Caused by: ArgumentError ('nil' is not an ActiveModel-compatible object. It must implement #to_partial_path.)

Information for: ActionView::Template::Error ('nil' is not an ActiveModel-compatible object. It must implement #to_partial_path.):
    1: <p style="color: green"><%= notice %></p>
    2: 
    3: <%= render @task %>
    4: 
    5: <div>
    6:   <%= link_to "Edit this task", edit_task_path(@task) %> |
    7:   <%= link_to "Back to tasks", tasks_path %>
  
app/views/tasks/show.html.erb:4

Information for cause: ArgumentError ('nil' is not an ActiveModel-compatible object. It must implement #to_partial_path.):
  
app/views/tasks/show.html.erb:4
Started GET "/tasks" for 127.0.0.1 at 2026-08-28 15:17:12 +0500
Processing by TasksController#index as HTML
  Rendering layout layouts/application.html.erb
  Rendering tasks/index.html.erb within layouts/application
  Rendered tasks/index.html.erb within layouts/application (Duration: 0.1ms | GC: 0.0ms)
  Rendered shared/_navbar.html.erb (Duration: 0.2ms | GC: 0.0ms)
  Rendered layout layouts/application.html.erb (Duration: 2.3ms | GC: 0.0ms)
Completed 200 OK in 4ms (Views: 3.0ms | ActiveRecord: 0.0ms (0 queries, 0 cached) | GC: 0.0ms)


Started GET "/" for 127.0.0.1 at 2026-08-28 15:17:15 +0500
Processing by HomeController#index as HTML
  Rendering layout layouts/application.html.erb
  Rendering home/index.html.erb within layouts/application
  Rendered home/index.html.erb within layouts/application (Duration: 0.3ms | GC: 0.0ms)
  Rendered shared/_navbar.html.erb (Duration: 0.2ms | GC: 0.0ms)
  Rendered layout layouts/application.html.erb (Duration: 1.7ms | GC: 0.0ms)
Completed 200 OK in 5ms (Views: 3.1ms | ActiveRecord: 0.0ms (0 queries, 0 cached) | GC: 0.0ms)


Started GET "/tasks/1" for 127.0.0.1 at 2026-08-28 15:17:24 +0500
Processing by TasksController#show as HTML
  Parameters: {"id" => "1"}
  Rendering layout layouts/application.html.erb
  Rendering tasks/show.html.erb within layouts/application
  Rendered tasks/show.html.erb within layouts/application (Duration: 0.8ms | GC: 0.0ms)
  Rendered layout layouts/application.html.erb (Duration: 1.1ms | GC: 0.0ms)
Completed 500 Internal Server Error in 3ms (ActiveRecord: 0.0ms (0 queries, 0 cached) | GC: 0.0ms)


  
ActionView::Template::Error ('nil' is not an ActiveModel-compatible object. It must implement #to_partial_path.)
Caused by: ArgumentError ('nil' is not an ActiveModel-compatible object. It must implement #to_partial_path.)

Information for: ActionView::Template::Error ('nil' is not an ActiveModel-compatible object. It must implement #to_partial_path.):
    1: <p style="color: green"><%= notice %></p>
    2: 
    3: <%= render @task %>
    4: 
    5: <div>
    6:   <%= link_to "Edit this task", edit_task_path(@task) %> |
    7:   <%= link_to "Back to tasks", tasks_path %>
  
app/views/tasks/show.html.erb:4

Information for cause: ArgumentError ('nil' is not an ActiveModel-compatible object. It must implement #to_partial_path.):
  
app/views/tasks/show.html.erb:4
Started GET "/" for 127.0.0.1 at 2026-08-28 15:17:26 +0500
Processing by HomeController#index as HTML
  Rendering layout layouts/application.html.erb
  Rendering home/index.html.erb within layouts/application
  Rendered home/index.html.erb within layouts/application (Duration: 0.1ms | GC: 0.0ms)
  Rendered shared/_navbar.html.erb (Duration: 0.5ms | GC: 0.0ms)
  Rendered layout layouts/application.html.erb (Duration: 4.6ms | GC: 0.1ms)
Completed 200 OK in 9ms (Views: 6.0ms | ActiveRecord: 0.0ms (0 queries, 0 cached) | GC: 0.1ms)


Started GET "/tasks/new" for 127.0.0.1 at 2026-08-28 15:17:27 +0500
Processing by TasksController#new as HTML
  Rendering layout layouts/application.html.erb
  Rendering tasks/new.html.erb within layouts/application
  Rendered tasks/new.html.erb within layouts/application (Duration: 1.4ms | GC: 0.0ms)
  Rendered shared/_navbar.html.erb (Duration: 0.2ms | GC: 0.0ms)
  Rendered layout layouts/application.html.erb (Duration: 2.4ms | GC: 0.0ms)
Completed 200 OK in 4ms (Views: 2.9ms | ActiveRecord: 0.0ms (0 queries, 0 cached) | GC: 0.0ms)


Started GET "/tasks/1" for 127.0.0.1 at 2026-08-28 15:17:27 +0500
Processing by TasksController#show as HTML
  Parameters: {"id" => "1"}
  Rendering layout layouts/application.html.erb
  Rendering tasks/show.html.erb within layouts/application
  Rendered tasks/show.html.erb within layouts/application (Duration: 0.8ms | GC: 0.1ms)
  Rendered layout layouts/application.html.erb (Duration: 1.1ms | GC: 0.1ms)
Completed 500 Internal Server Error in 3ms (ActiveRecord: 0.0ms (0 queries, 0 cached) | GC: 0.1ms)


  
ActionView::Template::Error ('nil' is not an ActiveModel-compatible object. It must implement #to_partial_path.)
Caused by: ArgumentError ('nil' is not an ActiveModel-compatible object. It must implement #to_partial_path.)

Information for: ActionView::Template::Error ('nil' is not an ActiveModel-compatible object. It must implement #to_partial_path.):
    1: <p style="color: green"><%= notice %></p>
    2: 
    3: <%= render @task %>
    4: 
    5: <div>
    6:   <%= link_to "Edit this task", edit_task_path(@task) %> |
    7:   <%= link_to "Back to tasks", tasks_path %>
  
app/views/tasks/show.html.erb:4

Information for cause: ArgumentError ('nil' is not an ActiveModel-compatible object. It must implement #to_partial_path.):
  
app/views/tasks/show.html.erb:4
Started GET "/tasks" for 127.0.0.1 at 2026-08-28 15:17:28 +0500
Processing by TasksController#index as HTML
  Rendering layout layouts/application.html.erb
  Rendering tasks/index.html.erb within layouts/application
  Rendered tasks/index.html.erb within layouts/application (Duration: 0.1ms | GC: 0.0ms)
  Rendered shared/_navbar.html.erb (Duration: 1.4ms | GC: 0.0ms)
  Rendered layout layouts/application.html.erb (Duration: 4.7ms | GC: 0.0ms)
Completed 200 OK in 12ms (Views: 5.5ms | ActiveRecord: 0.0ms (0 queries, 0 cached) | GC: 0.2ms)


Started GET "/" for 127.0.0.1 at 2026-08-28 15:19:58 +0500
Processing by HomeController#index as HTML
  Rendering layout layouts/application.html.erb
  Rendering home/index.html.erb within layouts/application
  Rendered home/index.html.erb within layouts/application (Duration: 0.0ms | GC: 0.0ms)
  Rendered shared/_navbar.html.erb (Duration: 0.2ms | GC: 0.0ms)
  Rendered layout layouts/application.html.erb (Duration: 1.8ms | GC: 0.0ms)
Completed 200 OK in 4ms (Views: 2.3ms | ActiveRecord: 0.0ms (0 queries, 0 cached) | GC: 0.0ms)


Started GET "/" for 127.0.0.1 at 2026-08-28 15:19:59 +0500
Processing by HomeController#index as HTML
  Rendering layout layouts/application.html.erb
  Rendering home/index.html.erb within layouts/application
  Rendered home/index.html.erb within layouts/application (Duration: 0.0ms | GC: 0.0ms)
  Rendered shared/_navbar.html.erb (Duration: 0.3ms | GC: 0.0ms)
  Rendered layout layouts/application.html.erb (Duration: 2.6ms | GC: 0.0ms)
Completed 200 OK in 5ms (Views: 3.4ms | ActiveRecord: 0.0ms (0 queries, 0 cached) | GC: 0.0ms)


Started GET "/tasks" for 127.0.0.1 at 2026-08-28 15:20:05 +0500
Processing by TasksController#index as HTML
  Rendering layout layouts/application.html.erb
  Rendering tasks/index.html.erb within layouts/application
  Rendered tasks/index.html.erb within layouts/application (Duration: 0.0ms | GC: 0.0ms)
  Rendered shared/_navbar.html.erb (Duration: 0.2ms | GC: 0.0ms)
  Rendered layout layouts/application.html.erb (Duration: 1.3ms | GC: 0.0ms)
Completed 200 OK in 3ms (Views: 1.8ms | ActiveRecord: 0.0ms (0 queries, 0 cached) | GC: 0.1ms)


Started GET "/tasks/1" for 127.0.0.1 at 2026-08-28 15:20:06 +0500
Processing by TasksController#show as HTML
  Parameters: {"id" => "1"}
  Rendering layout layouts/application.html.erb
  Rendering tasks/show.html.erb within layouts/application
  Rendered tasks/show.html.erb within layouts/application (Duration: 0.9ms | GC: 0.0ms)
  Rendered layout layouts/application.html.erb (Duration: 1.2ms | GC: 0.0ms)
Completed 500 Internal Server Error in 3ms (ActiveRecord: 0.0ms (0 queries, 0 cached) | GC: 0.0ms)


  
ActionView::Template::Error ('nil' is not an ActiveModel-compatible object. It must implement #to_partial_path.)
Caused by: ArgumentError ('nil' is not an ActiveModel-compatible object. It must implement #to_partial_path.)

Information for: ActionView::Template::Error ('nil' is not an ActiveModel-compatible object. It must implement #to_partial_path.):
    1: <p style="color: green"><%= notice %></p>
    2: 
    3: <%= render @task %>
    4: 
    5: <div>
    6:   <%= link_to "Edit this task", edit_task_path(@task) %> |
    7:   <%= link_to "Back to tasks", tasks_path %>
  
app/views/tasks/show.html.erb:4

Information for cause: ArgumentError ('nil' is not an ActiveModel-compatible object. It must implement #to_partial_path.):
  
app/views/tasks/show.html.erb:4
Started GET "/tasks/new" for 127.0.0.1 at 2026-08-28 15:20:06 +0500
Processing by TasksController#new as HTML
  Rendering layout layouts/application.html.erb
  Rendering tasks/new.html.erb within layouts/application
  Rendered tasks/new.html.erb within layouts/application (Duration: 1.7ms | GC: 0.0ms)
  Rendered shared/_navbar.html.erb (Duration: 0.2ms | GC: 0.0ms)
  Rendered layout layouts/application.html.erb (Duration: 3.2ms | GC: 0.0ms)
Completed 200 OK in 11ms (Views: 3.9ms | ActiveRecord: 0.0ms (0 queries, 0 cached) | GC: 0.1ms)


Started GET "/tasks" for 127.0.0.1 at 2026-08-28 15:20:07 +0500
Processing by TasksController#index as HTML
  Rendering layout layouts/application.html.erb
  Rendering tasks/index.html.erb within layouts/application
  Rendered tasks/index.html.erb within layouts/application (Duration: 0.0ms | GC: 0.0ms)
  Rendered shared/_navbar.html.erb (Duration: 0.2ms | GC: 0.0ms)
  Rendered layout layouts/application.html.erb (Duration: 1.3ms | GC: 0.0ms)
Completed 200 OK in 3ms (Views: 1.8ms | ActiveRecord: 0.0ms (0 queries, 0 cached) | GC: 0.1ms)


Started GET "/tasks" for 127.0.0.1 at 2026-08-28 15:29:26 +0500
Processing by TasksController#index as HTML
  Rendering layout layouts/application.html.erb
  Rendering tasks/index.html.erb within layouts/application
  Rendered tasks/index.html.erb within layouts/application (Duration: 0.3ms | GC: 0.0ms)
  Rendered shared/_navbar.html.erb (Duration: 1.0ms | GC: 0.0ms)
  Rendered layout layouts/application.html.erb (Duration: 6.0ms | GC: 0.0ms)
Completed 200 OK in 14ms (Views: 8.5ms | ActiveRecord: 0.0ms (0 queries, 0 cached) | GC: 0.0ms)


Started GET "/tasks" for 127.0.0.1 at 2026-08-28 15:48:07 +0500
Processing by TasksController#index as HTML
  Rendering layout layouts/application.html.erb
  Rendering tasks/index.html.erb within layouts/application
  Rendered tasks/index.html.erb within layouts/application (Duration: 1.4ms | GC: 0.0ms)
  Rendered layout layouts/application.html.erb (Duration: 1.8ms | GC: 0.0ms)
Completed 500 Internal Server Error in 10ms (ActiveRecord: 0.0ms (0 queries, 0 cached) | GC: 0.0ms)


  
ActionView::Template::Error (undefined local variable or method 'task' for an instance of #<Class:0x0000000112bac260>)
Caused by: NameError (undefined local variable or method 'task' for an instance of #<Class:0x0000000112bac260>)

Information for: ActionView::Template::Error (undefined local variable or method 'task' for an instance of #<Class:0x0000000112bac260>):
    4:   <h4>no task found</h4>
    5:   <% else %>
    6:  <%= render partial: task %>
    7: 
    8:   <% end %>
  
app/views/tasks/index.html.erb:7

Information for cause: NameError (undefined local variable or method 'task' for an instance of #<Class:0x0000000112bac260>):
  
app/views/tasks/index.html.erb:7
Started GET "/tasks" for 127.0.0.1 at 2026-08-28 15:48:32 +0500
Processing by TasksController#index as HTML
  Rendering layout layouts/application.html.erb
  Rendering tasks/index.html.erb within layouts/application
  [1m[36mTask Load (105.4ms)[0m  [1m[34mSELECT "tasks".* FROM "tasks" /*action='index',application='TaskManagementApp',controller='tasks'*/[0m
  ↳ app/views/tasks/_task.html.erb:13
  Rendered tasks/_task.html.erb (Duration: 108.2ms | GC: 0.5ms)
  Rendered tasks/index.html.erb within layouts/application (Duration: 109.8ms | GC: 0.5ms)
  Rendered shared/_navbar.html.erb (Duration: 0.9ms | GC: 0.0ms)
  Rendered layout layouts/application.html.erb (Duration: 115.3ms | GC: 0.5ms)
Completed 200 OK in 124ms (Views: -36.8ms | ActiveRecord: 156.3ms (1 query, 0 cached) | GC: 0.5ms)


Started GET "/tasks" for 127.0.0.1 at 2026-08-28 15:48:55 +0500
Processing by TasksController#index as HTML
  Rendering layout layouts/application.html.erb
  Rendering tasks/index.html.erb within layouts/application
  Rendered tasks/index.html.erb within layouts/application (Duration: 0.4ms | GC: 0.0ms)
  Rendered shared/_navbar.html.erb (Duration: 0.6ms | GC: 0.0ms)
  Rendered layout layouts/application.html.erb (Duration: 4.7ms | GC: 0.1ms)
Completed 200 OK in 12ms (Views: 6.7ms | ActiveRecord: 0.0ms (0 queries, 0 cached) | GC: 0.3ms)


Started GET "/" for 127.0.0.1 at 2026-08-28 15:49:22 +0500
Processing by HomeController#index as HTML
  Rendering layout layouts/application.html.erb
  Rendering home/index.html.erb within layouts/application
  Rendered home/index.html.erb within layouts/application (Duration: 0.3ms | GC: 0.0ms)
  Rendered shared/_navbar.html.erb (Duration: 0.2ms | GC: 0.0ms)
  Rendered layout layouts/application.html.erb (Duration: 1.6ms | GC: 0.0ms)
Completed 200 OK in 5ms (Views: 3.0ms | ActiveRecord: 0.0ms (0 queries, 0 cached) | GC: 0.0ms)


Started GET "/tasks/1" for 127.0.0.1 at 2026-08-28 15:49:23 +0500
Processing by TasksController#show as HTML
  Parameters: {"id" => "1"}
  Rendering layout layouts/application.html.erb
  Rendering tasks/show.html.erb within layouts/application
  Rendered tasks/show.html.erb within layouts/application (Duration: 1.4ms | GC: 0.0ms)
  Rendered layout layouts/application.html.erb (Duration: 2.3ms | GC: 0.0ms)
Completed 500 Internal Server Error in 12ms (ActiveRecord: 0.0ms (0 queries, 0 cached) | GC: 0.0ms)


  
ActionView::Template::Error ('nil' is not an ActiveModel-compatible object. It must implement #to_partial_path.)
Caused by: ArgumentError ('nil' is not an ActiveModel-compatible object. It must implement #to_partial_path.)

Information for: ActionView::Template::Error ('nil' is not an ActiveModel-compatible object. It must implement #to_partial_path.):
    1: <p style="color: green"><%= notice %></p>
    2: 
    3: <%= render @task %>
    4: 
    5: <div>
    6:   <%= link_to "Edit this task", edit_task_path(@task) %> |
    7:   <%= link_to "Back to tasks", tasks_path %>
  
app/views/tasks/show.html.erb:4

Information for cause: ArgumentError ('nil' is not an ActiveModel-compatible object. It must implement #to_partial_path.):
  
app/views/tasks/show.html.erb:4
Started GET "/tasks/new" for 127.0.0.1 at 2026-08-28 15:49:23 +0500
Processing by TasksController#new as HTML
  Rendering layout layouts/application.html.erb
  Rendering tasks/new.html.erb within layouts/application
  Rendered tasks/new.html.erb within layouts/application (Duration: 2.9ms | GC: 0.0ms)
  Rendered shared/_navbar.html.erb (Duration: 0.2ms | GC: 0.0ms)
  Rendered layout layouts/application.html.erb (Duration: 4.2ms | GC: 0.0ms)
Completed 200 OK in 27ms (Views: 4.9ms | ActiveRecord: 8.3ms (0 queries, 0 cached) | GC: 0.8ms)


Started POST "/tasks" for 127.0.0.1 at 2026-08-28 15:49:45 +0500
Processing by TasksController#create as TURBO_STREAM
  Parameters: {"authenticity_token" => "[FILTERED]", "task" => {"tittle" => "task1", "description" => "this task is for navbar", "status" => "pending", "priority" => "medium"}, "commit" => "Create Task"}
Completed 500 Internal Server Error in 2ms (ActiveRecord: 0.0ms (0 queries, 0 cached) | GC: 0.0ms)


  
ActiveModel::ForbiddenAttributesError (ActiveModel::ForbiddenAttributesError):
  
app/controllers/tasks_controller.rb:21:in 'TasksController#create'
Started GET "/tasks/new" for 127.0.0.1 at 2026-08-28 15:53:25 +0500
Processing by TasksController#new as HTML
  Rendering layout layouts/application.html.erb
  Rendering tasks/new.html.erb within layouts/application
  Rendered tasks/new.html.erb within layouts/application (Duration: 2.9ms | GC: 0.0ms)
  Rendered shared/_navbar.html.erb (Duration: 0.7ms | GC: 0.0ms)
  Rendered layout layouts/application.html.erb (Duration: 8.5ms | GC: 0.0ms)
Completed 200 OK in 23ms (Views: 11.3ms | ActiveRecord: 2.8ms (0 queries, 0 cached) | GC: 0.0ms)


Started POST "/tasks" for 127.0.0.1 at 2026-08-28 15:53:40 +0500
Processing by TasksController#create as TURBO_STREAM
  Parameters: {"authenticity_token" => "[FILTERED]", "task" => {"tittle" => "task2 ", "description" => "this task is for navbar", "status" => "pending", "priority" => "medium"}, "commit" => "Create Task"}
Completed 500 Internal Server Error in 3ms (ActiveRecord: 0.0ms (0 queries, 0 cached) | GC: 0.0ms)


  
NoMethodError (undefined method 'title' for an instance of Task):
  
app/controllers/tasks_controller.rb:22:in 'TasksController#create'
Started GET "/tasks/new" for 127.0.0.1 at 2026-08-28 16:05:12 +0500
Processing by TasksController#new as HTML
  Rendering layout layouts/application.html.erb
  Rendering tasks/new.html.erb within layouts/application
  Rendered tasks/new.html.erb within layouts/application (Duration: 3.2ms | GC: 0.0ms)
  Rendered shared/_navbar.html.erb (Duration: 0.7ms | GC: 0.0ms)
  Rendered layout layouts/application.html.erb (Duration: 9.8ms | GC: 0.3ms)
Completed 200 OK in 23ms (Views: 13.0ms | ActiveRecord: 0.0ms (0 queries, 0 cached) | GC: 0.6ms)


Started POST "/tasks" for 127.0.0.1 at 2026-08-28 16:05:26 +0500
Processing by TasksController#create as TURBO_STREAM
  Parameters: {"authenticity_token" => "[FILTERED]", "task" => {"tittle" => "task2", "description" => "", "status" => "in-progress", "priority" => "high"}, "commit" => "Create Task"}
Completed 500 Internal Server Error in 3ms (ActiveRecord: 0.0ms (0 queries, 0 cached) | GC: 0.2ms)


  
NoMethodError (undefined method 'title' for an instance of Task):
  
app/controllers/tasks_controller.rb:17:in 'TasksController#create'
Started GET "/tasks/new" for 127.0.0.1 at 2026-08-28 16:05:42 +0500
Processing by TasksController#new as HTML
  Rendering layout layouts/application.html.erb
  Rendering tasks/new.html.erb within layouts/application
  Rendered tasks/new.html.erb within layouts/application (Duration: 2.4ms | GC: 0.0ms)
  Rendered shared/_navbar.html.erb (Duration: 0.2ms | GC: 0.0ms)
  Rendered layout layouts/application.html.erb (Duration: 4.0ms | GC: 0.0ms)
Completed 200 OK in 8ms (Views: 4.7ms | ActiveRecord: 0.0ms (0 queries, 0 cached) | GC: 0.0ms)


Started POST "/tasks" for 127.0.0.1 at 2026-08-28 16:06:36 +0500
Processing by TasksController#create as TURBO_STREAM
  Parameters: {"authenticity_token" => "[FILTERED]", "task" => {"tittle" => "task2", "description" => "this task is for navbar", "status" => "pending", "priority" => "high"}, "commit" => "Create Task"}
Completed 500 Internal Server Error in 7ms (ActiveRecord: 0.0ms (0 queries, 0 cached) | GC: 3.8ms)


  
NoMethodError (undefined method 'title' for an instance of Task):
  
app/controllers/tasks_controller.rb:17:in 'TasksController#create'
Started POST "/__web_console/repl_sessions/f68e9784c88297648f97b0a3acfe81e1/trace" for 127.0.0.1 at 2026-08-28 16:06:54 +0500
Started POST "/__web_console/repl_sessions/f68e9784c88297648f97b0a3acfe81e1/trace" for 127.0.0.1 at 2026-08-28 16:06:55 +0500
Started GET "/tasks/new" for 127.0.0.1 at 2026-08-28 16:11:28 +0500
Processing by TasksController#new as HTML
  Rendering layout layouts/application.html.erb
  Rendering tasks/new.html.erb within layouts/application
  Rendered tasks/new.html.erb within layouts/application (Duration: 2.5ms | GC: 0.0ms)
  Rendered shared/_navbar.html.erb (Duration: 0.5ms | GC: 0.0ms)
  Rendered layout layouts/application.html.erb (Duration: 7.4ms | GC: 0.0ms)
Completed 200 OK in 19ms (Views: 10.8ms | ActiveRecord: 0.0ms (0 queries, 0 cached) | GC: 0.0ms)


Started GET "/tasks/1" for 127.0.0.1 at 2026-08-28 16:11:29 +0500
Processing by TasksController#show as HTML
  Parameters: {"id" => "1"}
  Rendering layout layouts/application.html.erb
  Rendering tasks/show.html.erb within layouts/application
  Rendered tasks/show.html.erb within layouts/application (Duration: 1.2ms | GC: 0.0ms)
  Rendered layout layouts/application.html.erb (Duration: 1.4ms | GC: 0.0ms)
Completed 500 Internal Server Error in 4ms (ActiveRecord: 0.0ms (0 queries, 0 cached) | GC: 0.0ms)


  
ActionView::Template::Error ('nil' is not an ActiveModel-compatible object. It must implement #to_partial_path.)
Caused by: ArgumentError ('nil' is not an ActiveModel-compatible object. It must implement #to_partial_path.)

Information for: ActionView::Template::Error ('nil' is not an ActiveModel-compatible object. It must implement #to_partial_path.):
    1: <p style="color: green"><%= notice %></p>
    2: 
    3: <%= render @task %>
    4: 
    5: <div>
    6:   <%= link_to "Edit this task", edit_task_path(@task) %> |
    7:   <%= link_to "Back to tasks", tasks_path %>
  
app/views/tasks/show.html.erb:4

Information for cause: ArgumentError ('nil' is not an ActiveModel-compatible object. It must implement #to_partial_path.):
  
app/views/tasks/show.html.erb:4
Started POST "/tasks" for 127.0.0.1 at 2026-08-28 16:11:38 +0500
Processing by TasksController#create as TURBO_STREAM
  Parameters: {"authenticity_token" => "[FILTERED]", "task" => {"tittle" => "task1", "description" => "this task is for navbar", "status" => "pending", "priority" => "medium"}, "commit" => "Create Task"}
  [1m[36mTRANSACTION (0.2ms)[0m  [1m[35mBEGIN /*action='create',application='TaskManagementApp',controller='tasks'*/[0m
  ↳ app/controllers/tasks_controller.rb:17:in 'TasksController#create'
  [1m[36mTask Create (3.6ms)[0m  [1m[32mINSERT INTO "tasks" ("created_at", "updated_at", "tittle", "description", "status", "priority") VALUES ('2026-08-28 11:11:38.156726', '2026-08-28 11:11:38.156726', 'task1', 'this task is for navbar', 'pending', 'medium') RETURNING "id" /*action='create',application='TaskManagementApp',controller='tasks'*/[0m
  ↳ app/controllers/tasks_controller.rb:17:in 'TasksController#create'
  [1m[36mTRANSACTION (0.7ms)[0m  [1m[35mCOMMIT /*action='create',application='TaskManagementApp',controller='tasks'*/[0m
  ↳ app/controllers/tasks_controller.rb:17:in 'TasksController#create'
Redirected to http://localhost:3000/tasks
↳ app/controllers/tasks_controller.rb:19:in 'TasksController#create'
Completed 302 Found in 114ms (ActiveRecord: 56.3ms (1 query, 0 cached) | GC: 0.9ms)


Started GET "/tasks" for 127.0.0.1 at 2026-08-28 16:11:38 +0500
Processing by TasksController#index as TURBO_STREAM
  Rendering layout layouts/application.html.erb
  Rendering tasks/index.html.erb within layouts/application
  Rendered tasks/index.html.erb within layouts/application (Duration: 0.4ms | GC: 0.0ms)
  Rendered shared/_navbar.html.erb (Duration: 0.6ms | GC: 0.3ms)
  Rendered layout layouts/application.html.erb (Duration: 2.4ms | GC: 0.3ms)
Completed 200 OK in 5ms (Views: 3.0ms | ActiveRecord: 0.0ms (0 queries, 0 cached) | GC: 0.3ms)


Started GET "/tasks" for 127.0.0.1 at 2026-08-28 16:12:06 +0500
Processing by TasksController#index as HTML
  Rendering layout layouts/application.html.erb
  Rendering tasks/index.html.erb within layouts/application
  [1m[36mTask Load (0.6ms)[0m  [1m[34mSELECT "tasks".* FROM "tasks" /*action='index',application='TaskManagementApp',controller='tasks'*/[0m
  ↳ app/views/tasks/_task.html.erb:13
  Rendered tasks/_task.html.erb (Duration: 12.3ms | GC: 0.0ms)
  Rendered tasks/index.html.erb within layouts/application (Duration: 18.9ms | GC: 0.2ms)
  Rendered shared/_navbar.html.erb (Duration: 0.7ms | GC: 0.0ms)
  Rendered layout layouts/application.html.erb (Duration: 24.4ms | GC: 0.6ms)
Completed 200 OK in 30ms (Views: 20.2ms | ActiveRecord: 5.9ms (1 query, 0 cached) | GC: 0.6ms)


Started GET "/tasks" for 127.0.0.1 at 2026-08-28 16:12:37 +0500
Processing by TasksController#index as HTML
  Rendering layout layouts/application.html.erb
  Rendering tasks/index.html.erb within layouts/application
  [1m[36mTask Load (0.4ms)[0m  [1m[34mSELECT "tasks".* FROM "tasks" /*action='index',application='TaskManagementApp',controller='tasks'*/[0m
  ↳ app/views/tasks/_task.html.erb:13
  Rendered tasks/_task.html.erb (Duration: 8.9ms | GC: 0.0ms)
  Rendered tasks/index.html.erb within layouts/application (Duration: 9.8ms | GC: 0.0ms)
  Rendered shared/_navbar.html.erb (Duration: 0.9ms | GC: 0.0ms)
  Rendered layout layouts/application.html.erb (Duration: 14.8ms | GC: 0.0ms)
Completed 200 OK in 21ms (Views: 13.7ms | ActiveRecord: 3.0ms (1 query, 0 cached) | GC: 0.0ms)


Started GET "/tasks/1" for 127.0.0.1 at 2026-08-28 16:12:38 +0500
Processing by TasksController#show as HTML
  Parameters: {"id" => "1"}
  Rendering layout layouts/application.html.erb
  Rendering tasks/show.html.erb within layouts/application
  Rendered tasks/show.html.erb within layouts/application (Duration: 1.6ms | GC: 0.0ms)
  Rendered layout layouts/application.html.erb (Duration: 2.2ms | GC: 0.0ms)
Completed 500 Internal Server Error in 10ms (ActiveRecord: 0.0ms (0 queries, 0 cached) | GC: 0.0ms)


  
ActionView::Template::Error ('nil' is not an ActiveModel-compatible object. It must implement #to_partial_path.)
Caused by: ArgumentError ('nil' is not an ActiveModel-compatible object. It must implement #to_partial_path.)

Information for: ActionView::Template::Error ('nil' is not an ActiveModel-compatible object. It must implement #to_partial_path.):
    1: <p style="color: green"><%= notice %></p>
    2: 
    3: <%= render @task %>
    4: 
    5: <div>
    6:   <%= link_to "Edit this task", edit_task_path(@task) %> |
    7:   <%= link_to "Back to tasks", tasks_path %>
  
app/views/tasks/show.html.erb:4

Information for cause: ArgumentError ('nil' is not an ActiveModel-compatible object. It must implement #to_partial_path.):
  
app/views/tasks/show.html.erb:4
Started GET "/tasks" for 127.0.0.1 at 2026-08-28 16:17:19 +0500
Processing by TasksController#index as HTML
  Rendering layout layouts/application.html.erb
  Rendering tasks/index.html.erb within layouts/application
  [1m[36mTask Load (0.6ms)[0m  [1m[34mSELECT "tasks".* FROM "tasks" /*action='index',application='TaskManagementApp',controller='tasks'*/[0m
  ↳ app/views/tasks/_task.html.erb:13
  Rendered tasks/_task.html.erb (Duration: 3.0ms | GC: 0.0ms)
  Rendered tasks/index.html.erb within layouts/application (Duration: 3.5ms | GC: 0.0ms)
  Rendered shared/_navbar.html.erb (Duration: 0.4ms | GC: 0.0ms)
  Rendered layout layouts/application.html.erb (Duration: 6.9ms | GC: 0.0ms)
Completed 200 OK in 10ms (Views: 7.2ms | ActiveRecord: 0.6ms (1 query, 0 cached) | GC: 0.0ms)


Started GET "/tasks" for 127.0.0.1 at 2026-08-28 16:19:59 +0500
Processing by TasksController#index as HTML
  Rendering layout layouts/application.html.erb
  Rendering tasks/index.html.erb within layouts/application
  [1m[36mTask Exists? (0.3ms)[0m  [1m[34mSELECT 1 AS one FROM "tasks" LIMIT 1 /*action='index',application='TaskManagementApp',controller='tasks'*/[0m
  ↳ app/views/tasks/index.html.erb:4
  Rendered tasks/index.html.erb within layouts/application (Duration: 4.4ms | GC: 0.0ms)
  Rendered shared/_navbar.html.erb (Duration: 0.7ms | GC: 0.0ms)
  Rendered layout layouts/application.html.erb (Duration: 11.1ms | GC: 0.3ms)
Completed 200 OK in 19ms (Views: 12.2ms | ActiveRecord: 1.4ms (1 query, 0 cached) | GC: 0.6ms)


Started GET "/" for 127.0.0.1 at 2026-08-28 16:22:20 +0500
Processing by HomeController#index as HTML
  Rendering layout layouts/application.html.erb
  Rendering home/index.html.erb within layouts/application
  Rendered home/index.html.erb within layouts/application (Duration: 0.3ms | GC: 0.0ms)
  Rendered shared/_navbar.html.erb (Duration: 0.5ms | GC: 0.0ms)
  Rendered layout layouts/application.html.erb (Duration: 4.2ms | GC: 0.0ms)
Completed 200 OK in 9ms (Views: 6.2ms | ActiveRecord: 0.0ms (0 queries, 0 cached) | GC: 0.0ms)


Started GET "/" for 127.0.0.1 at 2026-08-28 16:22:20 +0500
Processing by HomeController#index as HTML
  Rendering layout layouts/application.html.erb
  Rendering home/index.html.erb within layouts/application
  Rendered home/index.html.erb within layouts/application (Duration: 0.0ms | GC: 0.0ms)
  Rendered shared/_navbar.html.erb (Duration: 0.2ms | GC: 0.0ms)
  Rendered layout layouts/application.html.erb (Duration: 1.3ms | GC: 0.0ms)
Completed 200 OK in 3ms (Views: 1.7ms | ActiveRecord: 0.0ms (0 queries, 0 cached) | GC: 0.0ms)


Started GET "/" for 127.0.0.1 at 2026-08-28 16:26:15 +0500
Processing by HomeController#index as HTML
  Rendering layout layouts/application.html.erb
  Rendering home/index.html.erb within layouts/application
  Rendered home/index.html.erb within layouts/application (Duration: 1.9ms | GC: 0.8ms)
  Rendered layout layouts/application.html.erb (Duration: 2.2ms | GC: 0.8ms)
Completed 500 Internal Server Error in 7ms (ActiveRecord: 0.0ms (0 queries, 0 cached) | GC: 0.8ms)


  
ActionView::Template::Error (No route matches {action: "show", controller: "tasks"}, missing required keys: [:id])
Caused by: ActionController::UrlGenerationError (No route matches {action: "show", controller: "tasks"}, missing required keys: [:id])

Information for: ActionView::Template::Error (No route matches {action: "show", controller: "tasks"}, missing required keys: [:id]):
    1: <h1>Welcome to the home page of the task </h1>
    2: <%= link_to "Task List", task_path %>
  
app/views/home/index.html.erb:3

Information for cause: ActionController::UrlGenerationError (No route matches {action: "show", controller: "tasks"}, missing required keys: [:id]):
  
app/views/home/index.html.erb:3
Started GET "/" for 127.0.0.1 at 2026-08-28 16:26:34 +0500
Processing by HomeController#index as HTML
  Rendering layout layouts/application.html.erb
  Rendering home/index.html.erb within layouts/application
  Rendered home/index.html.erb within layouts/application (Duration: 0.6ms | GC: 0.0ms)
  Rendered shared/_navbar.html.erb (Duration: 0.7ms | GC: 0.0ms)
  Rendered layout layouts/application.html.erb (Duration: 11.2ms | GC: 0.0ms)
Completed 200 OK in 16ms (Views: 13.6ms | ActiveRecord: 0.0ms (0 queries, 0 cached) | GC: 0.0ms)


Started GET "/tasks" for 127.0.0.1 at 2026-08-28 16:26:36 +0500
Processing by TasksController#index as HTML
  Rendering layout layouts/application.html.erb
  Rendering tasks/index.html.erb within layouts/application
  [1m[36mTask Exists? (0.2ms)[0m  [1m[34mSELECT 1 AS one FROM "tasks" LIMIT 1 /*action='index',application='TaskManagementApp',controller='tasks'*/[0m
  ↳ app/views/tasks/index.html.erb:4
  Rendered tasks/index.html.erb within layouts/application (Duration: 3.9ms | GC: 0.0ms)
  Rendered shared/_navbar.html.erb (Duration: 0.2ms | GC: 0.0ms)
  Rendered layout layouts/application.html.erb (Duration: 5.8ms | GC: 0.0ms)
Completed 200 OK in 13ms (Views: 6.2ms | ActiveRecord: 1.5ms (1 query, 0 cached) | GC: 0.0ms)


Started GET "/" for 127.0.0.1 at 2026-08-28 16:26:39 +0500
Processing by HomeController#index as HTML
  Rendering layout layouts/application.html.erb
  Rendering home/index.html.erb within layouts/application
  Rendered home/index.html.erb within layouts/application (Duration: 0.1ms | GC: 0.0ms)
  Rendered shared/_navbar.html.erb (Duration: 0.2ms | GC: 0.0ms)
  Rendered layout layouts/application.html.erb (Duration: 1.4ms | GC: 0.0ms)
Completed 200 OK in 3ms (Views: 1.8ms | ActiveRecord: 0.0ms (0 queries, 0 cached) | GC: 0.0ms)


Started GET "/tasks" for 127.0.0.1 at 2026-08-28 16:29:44 +0500
Processing by TasksController#index as HTML
  Rendering layout layouts/application.html.erb
  Rendering tasks/index.html.erb within layouts/application
  [1m[36mTask Exists? (0.2ms)[0m  [1m[34mSELECT 1 AS one FROM "tasks" LIMIT 1 /*action='index',application='TaskManagementApp',controller='tasks'*/[0m
  ↳ app/views/tasks/index.html.erb:4
  Rendered tasks/index.html.erb within layouts/application (Duration: 3.6ms | GC: 0.0ms)
  Rendered shared/_navbar.html.erb (Duration: 0.6ms | GC: 0.0ms)
  Rendered layout layouts/application.html.erb (Duration: 9.4ms | GC: 0.7ms)
Completed 200 OK in 18ms (Views: 10.5ms | ActiveRecord: 1.3ms (1 query, 0 cached) | GC: 1.3ms)


Started GET "/" for 127.0.0.1 at 2026-08-28 16:29:55 +0500
Processing by HomeController#index as HTML
  Rendering layout layouts/application.html.erb
  Rendering home/index.html.erb within layouts/application
  Rendered home/index.html.erb within layouts/application (Duration: 0.5ms | GC: 0.0ms)
  Rendered shared/_navbar.html.erb (Duration: 0.2ms | GC: 0.0ms)
  Rendered layout layouts/application.html.erb (Duration: 2.0ms | GC: 0.0ms)
Completed 200 OK in 6ms (Views: 3.6ms | ActiveRecord: 0.0ms (0 queries, 0 cached) | GC: 0.0ms)


Started GET "/" for 127.0.0.1 at 2026-08-28 16:29:55 +0500
Processing by HomeController#index as HTML
  Rendering layout layouts/application.html.erb
  Rendering home/index.html.erb within layouts/application
  Rendered home/index.html.erb within layouts/application (Duration: 0.1ms | GC: 0.0ms)
  Rendered shared/_navbar.html.erb (Duration: 0.2ms | GC: 0.0ms)
  Rendered layout layouts/application.html.erb (Duration: 2.2ms | GC: 0.4ms)
Completed 200 OK in 4ms (Views: 2.7ms | ActiveRecord: 0.0ms (0 queries, 0 cached) | GC: 0.4ms)


Started GET "/" for 127.0.0.1 at 2026-08-28 16:52:05 +0500
Processing by HomeController#index as HTML
  Rendering layout layouts/application.html.erb
  Rendering home/index.html.erb within layouts/application
  Rendered home/index.html.erb within layouts/application (Duration: 2.0ms | GC: 0.0ms)
  Rendered shared/_navbar.html.erb (Duration: 0.9ms | GC: 0.0ms)
  Rendered layout layouts/application.html.erb (Duration: 12.8ms | GC: 1.2ms)
Completed 200 OK in 24ms (Views: 19.5ms | ActiveRecord: 0.0ms (0 queries, 0 cached) | GC: 1.2ms)


Started GET "/tasks" for 127.0.0.1 at 2026-08-28 16:52:05 +0500
Processing by TasksController#index as HTML
  Rendering layout layouts/application.html.erb
  Rendering tasks/index.html.erb within layouts/application
  [1m[36mTask Exists? (75.0ms)[0m  [1m[34mSELECT 1 AS one FROM "tasks" LIMIT 1 /*action='index',application='TaskManagementApp',controller='tasks'*/[0m
  ↳ app/views/tasks/index.html.erb:4
  Rendered tasks/index.html.erb within layouts/application (Duration: 85.3ms | GC: 0.6ms)
  Rendered shared/_navbar.html.erb (Duration: 0.3ms | GC: 0.0ms)
  Rendered layout layouts/application.html.erb (Duration: 88.6ms | GC: 0.6ms)
Completed 200 OK in 104ms (Views: 2.7ms | ActiveRecord: 88.1ms (1 query, 0 cached) | GC: 2.5ms)


Started GET "/tasks/1" for 127.0.0.1 at 2026-08-28 16:52:06 +0500
Processing by TasksController#show as HTML
  Parameters: {"id" => "1"}
  Rendering layout layouts/application.html.erb
  Rendering tasks/show.html.erb within layouts/application
  Rendered tasks/show.html.erb within layouts/application (Duration: 0.3ms | GC: 0.0ms)
  Rendered shared/_navbar.html.erb (Duration: 0.3ms | GC: 0.0ms)
  Rendered layout layouts/application.html.erb (Duration: 2.0ms | GC: 0.0ms)
Completed 200 OK in 4ms (Views: 2.5ms | ActiveRecord: 0.0ms (0 queries, 0 cached) | GC: 0.0ms)


Started GET "/tasks" for 127.0.0.1 at 2026-08-28 16:52:07 +0500
Processing by TasksController#index as HTML
  Rendering layout layouts/application.html.erb
  Rendering tasks/index.html.erb within layouts/application
  [1m[36mTask Exists? (0.4ms)[0m  [1m[34mSELECT 1 AS one FROM "tasks" LIMIT 1 /*action='index',application='TaskManagementApp',controller='tasks'*/[0m
  ↳ app/views/tasks/index.html.erb:4
  Rendered tasks/index.html.erb within layouts/application (Duration: 2.4ms | GC: 0.0ms)
  Rendered shared/_navbar.html.erb (Duration: 0.3ms | GC: 0.0ms)
  Rendered layout layouts/application.html.erb (Duration: 4.3ms | GC: 0.0ms)
Completed 200 OK in 6ms (Views: 4.4ms | ActiveRecord: 0.4ms (1 query, 0 cached) | GC: 0.0ms)


Started GET "/" for 127.0.0.1 at 2026-08-28 16:52:08 +0500
Processing by HomeController#index as HTML
  Rendering layout layouts/application.html.erb
  Rendering home/index.html.erb within layouts/application
  Rendered home/index.html.erb within layouts/application (Duration: 0.1ms | GC: 0.0ms)
  Rendered shared/_navbar.html.erb (Duration: 0.3ms | GC: 0.0ms)
  Rendered layout layouts/application.html.erb (Duration: 8.7ms | GC: 0.0ms)
Completed 200 OK in 11ms (Views: 9.3ms | ActiveRecord: 0.0ms (0 queries, 0 cached) | GC: 0.0ms)


Started GET "/tasks" for 127.0.0.1 at 2026-08-28 16:52:10 +0500
Processing by TasksController#index as HTML
  Rendering layout layouts/application.html.erb
  Rendering tasks/index.html.erb within layouts/application
  [1m[36mTask Exists? (0.4ms)[0m  [1m[34mSELECT 1 AS one FROM "tasks" LIMIT 1 /*action='index',application='TaskManagementApp',controller='tasks'*/[0m
  ↳ app/views/tasks/index.html.erb:4
  Rendered tasks/index.html.erb within layouts/application (Duration: 2.4ms | GC: 0.0ms)
  Rendered shared/_navbar.html.erb (Duration: 0.4ms | GC: 0.0ms)
  Rendered layout layouts/application.html.erb (Duration: 5.1ms | GC: 0.0ms)
Completed 200 OK in 8ms (Views: 5.6ms | ActiveRecord: 0.4ms (1 query, 0 cached) | GC: 0.0ms)


Started GET "/" for 127.0.0.1 at 2026-08-28 16:52:13 +0500
Processing by HomeController#index as HTML
  Rendering layout layouts/application.html.erb
  Rendering home/index.html.erb within layouts/application
  Rendered home/index.html.erb within layouts/application (Duration: 0.2ms | GC: 0.0ms)
  Rendered shared/_navbar.html.erb (Duration: 0.2ms | GC: 0.0ms)
  Rendered layout layouts/application.html.erb (Duration: 2.1ms | GC: 0.0ms)
Completed 200 OK in 4ms (Views: 2.7ms | ActiveRecord: 0.0ms (0 queries, 0 cached) | GC: 0.0ms)


Started GET "/tasks/1" for 127.0.0.1 at 2026-08-28 16:52:24 +0500
Processing by TasksController#show as HTML
  Parameters: {"id" => "1"}
  Rendering layout layouts/application.html.erb
  Rendering tasks/show.html.erb within layouts/application
  Rendered tasks/show.html.erb within layouts/application (Duration: 0.0ms | GC: 0.0ms)
  Rendered shared/_navbar.html.erb (Duration: 0.2ms | GC: 0.0ms)
  Rendered layout layouts/application.html.erb (Duration: 1.6ms | GC: 0.0ms)
Completed 200 OK in 4ms (Views: 2.2ms | ActiveRecord: 0.0ms (0 queries, 0 cached) | GC: 0.0ms)


Started GET "/tasks" for 127.0.0.1 at 2026-08-28 16:52:24 +0500
Processing by TasksController#index as HTML
  Rendering layout layouts/application.html.erb
  Rendering tasks/index.html.erb within layouts/application
  [1m[36mTask Exists? (0.3ms)[0m  [1m[34mSELECT 1 AS one FROM "tasks" LIMIT 1 /*action='index',application='TaskManagementApp',controller='tasks'*/[0m
  ↳ app/views/tasks/index.html.erb:4
  Rendered tasks/index.html.erb within layouts/application (Duration: 1.5ms | GC: 0.0ms)
  Rendered shared/_navbar.html.erb (Duration: 0.3ms | GC: 0.0ms)
  Rendered layout layouts/application.html.erb (Duration: 3.2ms | GC: 0.0ms)
Completed 200 OK in 5ms (Views: 3.3ms | ActiveRecord: 0.3ms (1 query, 0 cached) | GC: 0.0ms)


Started GET "/tasks/1" for 127.0.0.1 at 2026-08-28 16:52:25 +0500
Processing by TasksController#show as HTML
  Parameters: {"id" => "1"}
  Rendering layout layouts/application.html.erb
  Rendering tasks/show.html.erb within layouts/application
  Rendered tasks/show.html.erb within layouts/application (Duration: 0.0ms | GC: 0.0ms)
  Rendered shared/_navbar.html.erb (Duration: 0.2ms | GC: 0.0ms)
  Rendered layout layouts/application.html.erb (Duration: 1.7ms | GC: 0.0ms)
Completed 200 OK in 4ms (Views: 2.3ms | ActiveRecord: 0.0ms (0 queries, 0 cached) | GC: 0.0ms)


Started GET "/tasks/new" for 127.0.0.1 at 2026-08-28 16:52:25 +0500
Processing by TasksController#new as HTML
  Rendering layout layouts/application.html.erb
  Rendering tasks/new.html.erb within layouts/application
  Rendered tasks/new.html.erb within layouts/application (Duration: 4.5ms | GC: 0.0ms)
  Rendered shared/_navbar.html.erb (Duration: 0.2ms | GC: 0.0ms)
  Rendered layout layouts/application.html.erb (Duration: 6.4ms | GC: 0.0ms)
Completed 200 OK in 19ms (Views: 7.0ms | ActiveRecord: 3.5ms (0 queries, 0 cached) | GC: 0.0ms)


Started POST "/tasks" for 127.0.0.1 at 2026-08-28 16:53:00 +0500
Processing by TasksController#create as TURBO_STREAM
  Parameters: {"authenticity_token" => "[FILTERED]", "task" => {"tittle" => "task1", "description" => "this task is about responsiveness", "status" => "pending", "priority" => "medium"}, "commit" => "Create Task"}
  [1m[36mTRANSACTION (0.2ms)[0m  [1m[35mBEGIN /*action='create',application='TaskManagementApp',controller='tasks'*/[0m
  ↳ app/controllers/tasks_controller.rb:17:in 'TasksController#create'
  [1m[36mTask Create (3.5ms)[0m  [1m[32mINSERT INTO "tasks" ("created_at", "updated_at", "tittle", "description", "status", "priority") VALUES ('2026-08-28 11:53:00.078463', '2026-08-28 11:53:00.078463', 'task1', 'this task is about responsiveness', 'pending', 'medium') RETURNING "id" /*action='create',application='TaskManagementApp',controller='tasks'*/[0m
  ↳ app/controllers/tasks_controller.rb:17:in 'TasksController#create'
  [1m[36mTRANSACTION (41.6ms)[0m  [1m[35mCOMMIT /*action='create',application='TaskManagementApp',controller='tasks'*/[0m
  ↳ app/controllers/tasks_controller.rb:17:in 'TasksController#create'
Redirected to http://localhost:3000/tasks
↳ app/controllers/tasks_controller.rb:19:in 'TasksController#create'
Completed 302 Found in 56ms (ActiveRecord: 45.2ms (1 query, 0 cached) | GC: 0.0ms)


Started GET "/tasks" for 127.0.0.1 at 2026-08-28 16:53:00 +0500
Processing by TasksController#index as TURBO_STREAM
  Rendering layout layouts/application.html.erb
  Rendering tasks/index.html.erb within layouts/application
  [1m[36mTask Exists? (0.3ms)[0m  [1m[34mSELECT 1 AS one FROM "tasks" LIMIT 1 /*action='index',application='TaskManagementApp',controller='tasks'*/[0m
  ↳ app/views/tasks/index.html.erb:4
  [1m[36mTask Load (0.3ms)[0m  [1m[34mSELECT "tasks".* FROM "tasks" /*action='index',application='TaskManagementApp',controller='tasks'*/[0m
  ↳ app/views/tasks/_task.html.erb:13
  Rendered tasks/_task.html.erb (Duration: 3.1ms | GC: 0.0ms)
  Rendered tasks/index.html.erb within layouts/application (Duration: 5.7ms | GC: 0.0ms)
  Rendered shared/_navbar.html.erb (Duration: 0.2ms | GC: 0.0ms)
  Rendered layout layouts/application.html.erb (Duration: 7.4ms | GC: 0.0ms)
Completed 200 OK in 9ms (Views: 7.3ms | ActiveRecord: 0.6ms (2 queries, 0 cached) | GC: 0.0ms)


Started POST "/tasks/1" for 127.0.0.1 at 2026-08-28 16:53:02 +0500
  
ActionController::RoutingError (No route matches [POST] "/tasks/1"):
  
Started GET "/tasks" for 127.0.0.1 at 2026-08-28 16:53:02 +0500
Processing by TasksController#index as HTML
  Rendering layout layouts/application.html.erb
  Rendering tasks/index.html.erb within layouts/application
  [1m[36mTask Exists? (0.8ms)[0m  [1m[34mSELECT 1 AS one FROM "tasks" LIMIT 1 /*action='index',application='TaskManagementApp',controller='tasks'*/[0m
  ↳ app/views/tasks/index.html.erb:4
  [1m[36mTask Load (0.9ms)[0m  [1m[34mSELECT "tasks".* FROM "tasks" /*action='index',application='TaskManagementApp',controller='tasks'*/[0m
  ↳ app/views/tasks/_task.html.erb:13
  Rendered tasks/_task.html.erb (Duration: 5.2ms | GC: 1.9ms)
  Rendered tasks/index.html.erb within layouts/application (Duration: 11.9ms | GC: 4.2ms)
  Rendered shared/_navbar.html.erb (Duration: 0.3ms | GC: 0.0ms)
  Rendered layout layouts/application.html.erb (Duration: 24.5ms | GC: 11.3ms)
Completed 200 OK in 29ms (Views: 24.0ms | ActiveRecord: 1.6ms (2 queries, 0 cached) | GC: 12.6ms)


Started POST "/tasks/1" for 127.0.0.1 at 2026-08-28 16:53:03 +0500
  
ActionController::RoutingError (No route matches [POST] "/tasks/1"):
  
Started GET "/tasks" for 127.0.0.1 at 2026-08-28 16:53:03 +0500
Processing by TasksController#index as HTML
  Rendering layout layouts/application.html.erb
  Rendering tasks/index.html.erb within layouts/application
  [1m[36mTask Exists? (0.6ms)[0m  [1m[34mSELECT 1 AS one FROM "tasks" LIMIT 1 /*action='index',application='TaskManagementApp',controller='tasks'*/[0m
  ↳ app/views/tasks/index.html.erb:4
  [1m[36mTask Load (0.6ms)[0m  [1m[34mSELECT "tasks".* FROM "tasks" /*action='index',application='TaskManagementApp',controller='tasks'*/[0m
  ↳ app/views/tasks/_task.html.erb:13
  Rendered tasks/_task.html.erb (Duration: 3.2ms | GC: 0.0ms)
  Rendered tasks/index.html.erb within layouts/application (Duration: 6.8ms | GC: 0.0ms)
  Rendered shared/_navbar.html.erb (Duration: 0.2ms | GC: 0.0ms)
  Rendered layout layouts/application.html.erb (Duration: 8.9ms | GC: 0.0ms)
Completed 200 OK in 13ms (Views: 8.7ms | ActiveRecord: 1.2ms (2 queries, 0 cached) | GC: 0.0ms)


Started POST "/tasks/1" for 127.0.0.1 at 2026-08-28 16:53:04 +0500
  
ActionController::RoutingError (No route matches [POST] "/tasks/1"):
  
Started GET "/tasks" for 127.0.0.1 at 2026-08-28 16:53:04 +0500
Processing by TasksController#index as HTML
  Rendering layout layouts/application.html.erb
  Rendering tasks/index.html.erb within layouts/application
  [1m[36mTask Exists? (1.0ms)[0m  [1m[34mSELECT 1 AS one FROM "tasks" LIMIT 1 /*action='index',application='TaskManagementApp',controller='tasks'*/[0m
  ↳ app/views/tasks/index.html.erb:4
  [1m[36mTask Load (0.5ms)[0m  [1m[34mSELECT "tasks".* FROM "tasks" /*action='index',application='TaskManagementApp',controller='tasks'*/[0m
  ↳ app/views/tasks/_task.html.erb:13
  Rendered tasks/_task.html.erb (Duration: 2.5ms | GC: 0.0ms)
  Rendered tasks/index.html.erb within layouts/application (Duration: 7.1ms | GC: 0.0ms)
  Rendered shared/_navbar.html.erb (Duration: 0.2ms | GC: 0.0ms)
  Rendered layout layouts/application.html.erb (Duration: 9.7ms | GC: 0.0ms)
Completed 200 OK in 14ms (Views: 9.7ms | ActiveRecord: 1.4ms (2 queries, 0 cached) | GC: 0.0ms)


Started POST "/tasks/1" for 127.0.0.1 at 2026-08-28 16:53:04 +0500
  
ActionController::RoutingError (No route matches [POST] "/tasks/1"):
  
Started POST "/tasks/1" for 127.0.0.1 at 2026-08-28 16:53:05 +0500
  
ActionController::RoutingError (No route matches [POST] "/tasks/1"):
  
Started GET "/tasks" for 127.0.0.1 at 2026-08-28 16:53:05 +0500
Processing by TasksController#index as HTML
  Rendering layout layouts/application.html.erb
  Rendering tasks/index.html.erb within layouts/application
  [1m[36mTask Exists? (0.4ms)[0m  [1m[34mSELECT 1 AS one FROM "tasks" LIMIT 1 /*action='index',application='TaskManagementApp',controller='tasks'*/[0m
  ↳ app/views/tasks/index.html.erb:4
  [1m[36mTask Load (0.4ms)[0m  [1m[34mSELECT "tasks".* FROM "tasks" /*action='index',application='TaskManagementApp',controller='tasks'*/[0m
  ↳ app/views/tasks/_task.html.erb:13
  Rendered tasks/_task.html.erb (Duration: 2.3ms | GC: 0.0ms)
  Rendered tasks/index.html.erb within layouts/application (Duration: 5.3ms | GC: 0.0ms)
  Rendered shared/_navbar.html.erb (Duration: 0.3ms | GC: 0.0ms)
  Rendered layout layouts/application.html.erb (Duration: 8.2ms | GC: 0.0ms)
Completed 200 OK in 11ms (Views: 8.2ms | ActiveRecord: 0.8ms (2 queries, 0 cached) | GC: 0.0ms)


Started POST "/tasks/1" for 127.0.0.1 at 2026-08-28 16:53:06 +0500
  
ActionController::RoutingError (No route matches [POST] "/tasks/1"):
  
Started GET "/tasks" for 127.0.0.1 at 2026-08-28 16:53:06 +0500
Processing by TasksController#index as HTML
  Rendering layout layouts/application.html.erb
  Rendering tasks/index.html.erb within layouts/application
  [1m[36mTask Exists? (0.5ms)[0m  [1m[34mSELECT 1 AS one FROM "tasks" LIMIT 1 /*action='index',application='TaskManagementApp',controller='tasks'*/[0m
  ↳ app/views/tasks/index.html.erb:4
  [1m[36mTask Load (0.4ms)[0m  [1m[34mSELECT "tasks".* FROM "tasks" /*action='index',application='TaskManagementApp',controller='tasks'*/[0m
  ↳ app/views/tasks/_task.html.erb:13
  Rendered tasks/_task.html.erb (Duration: 2.3ms | GC: 0.0ms)
  Rendered tasks/index.html.erb within layouts/application (Duration: 5.5ms | GC: 0.0ms)
  Rendered shared/_navbar.html.erb (Duration: 0.3ms | GC: 0.0ms)
  Rendered layout layouts/application.html.erb (Duration: 7.2ms | GC: 0.0ms)
Completed 200 OK in 11ms (Views: 6.8ms | ActiveRecord: 0.9ms (2 queries, 0 cached) | GC: 0.0ms)


Started GET "/tasks" for 127.0.0.1 at 2026-08-28 16:55:30 +0500
Processing by TasksController#index as HTML
  Rendering layout layouts/application.html.erb
  Rendering tasks/index.html.erb within layouts/application
  [1m[36mTask Exists? (0.3ms)[0m  [1m[34mSELECT 1 AS one FROM "tasks" LIMIT 1 /*action='index',application='TaskManagementApp',controller='tasks'*/[0m
  ↳ app/views/tasks/index.html.erb:4
  [1m[36mTask Load (0.3ms)[0m  [1m[34mSELECT "tasks".* FROM "tasks" /*action='index',application='TaskManagementApp',controller='tasks'*/[0m
  ↳ app/views/tasks/_task.html.erb:13
  Rendered tasks/_task.html.erb (Duration: 6.0ms | GC: 0.2ms)
  Rendered tasks/index.html.erb within layouts/application (Duration: 15.0ms | GC: 0.2ms)
  Rendered shared/_navbar.html.erb (Duration: 1.3ms | GC: 0.0ms)
  Rendered layout layouts/application.html.erb (Duration: 20.7ms | GC: 0.2ms)
Completed 200 OK in 29ms (Views: 17.5ms | ActiveRecord: 5.8ms (2 queries, 0 cached) | GC: 0.5ms)


Started GET "/tasks?query=ff&commit=Search" for 127.0.0.1 at 2026-08-28 16:55:42 +0500
Processing by TasksController#index as HTML
  Parameters: {"query" => "ff", "commit" => "Search"}
  Rendering layout layouts/application.html.erb
  Rendering tasks/index.html.erb within layouts/application
  [1m[36mTask Exists? (0.6ms)[0m  [1m[34mSELECT 1 AS one FROM "tasks" LIMIT 1 /*action='index',application='TaskManagementApp',controller='tasks'*/[0m
  ↳ app/views/tasks/index.html.erb:4
  [1m[36mTask Load (0.4ms)[0m  [1m[34mSELECT "tasks".* FROM "tasks" /*action='index',application='TaskManagementApp',controller='tasks'*/[0m
  ↳ app/views/tasks/_task.html.erb:13
  Rendered tasks/_task.html.erb (Duration: 1.7ms | GC: 0.0ms)
  Rendered tasks/index.html.erb within layouts/application (Duration: 4.8ms | GC: 0.0ms)
  Rendered shared/_navbar.html.erb (Duration: 0.2ms | GC: 0.0ms)
  Rendered layout layouts/application.html.erb (Duration: 6.4ms | GC: 0.0ms)
Completed 200 OK in 8ms (Views: 6.0ms | ActiveRecord: 0.9ms (2 queries, 0 cached) | GC: 0.0ms)


Started GET "/" for 127.0.0.1 at 2026-08-28 16:55:59 +0500
Processing by HomeController#index as HTML
  Rendering layout layouts/application.html.erb
  Rendering home/index.html.erb within layouts/application
  Rendered home/index.html.erb within layouts/application (Duration: 0.6ms | GC: 0.0ms)
  Rendered shared/_navbar.html.erb (Duration: 0.5ms | GC: 0.0ms)
  Rendered layout layouts/application.html.erb (Duration: 5.6ms | GC: 0.0ms)
Completed 200 OK in 10ms (Views: 7.7ms | ActiveRecord: 0.0ms (0 queries, 0 cached) | GC: 0.0ms)


Started GET "/tasks?query=ff&commit=Search" for 127.0.0.1 at 2026-08-28 16:56:00 +0500
Processing by TasksController#index as HTML
  Parameters: {"query" => "ff", "commit" => "Search"}
  Rendering layout layouts/application.html.erb
  Rendering tasks/index.html.erb within layouts/application
  [1m[36mTask Exists? (0.4ms)[0m  [1m[34mSELECT 1 AS one FROM "tasks" LIMIT 1 /*action='index',application='TaskManagementApp',controller='tasks'*/[0m
  ↳ app/views/tasks/index.html.erb:4
  [1m[36mTask Load (0.5ms)[0m  [1m[34mSELECT "tasks".* FROM "tasks" /*action='index',application='TaskManagementApp',controller='tasks'*/[0m
  ↳ app/views/tasks/_task.html.erb:13
  Rendered tasks/_task.html.erb (Duration: 7.0ms | GC: 0.0ms)
  Rendered tasks/index.html.erb within layouts/application (Duration: 14.6ms | GC: 1.1ms)
  Rendered shared/_navbar.html.erb (Duration: 0.2ms | GC: 0.0ms)
  Rendered layout layouts/application.html.erb (Duration: 16.2ms | GC: 1.1ms)
Completed 200 OK in 26ms (Views: 17.7ms | ActiveRecord: 3.8ms (2 queries, 0 cached) | GC: 4.5ms)


Started GET "/tasks?query=ff&commit=Search" for 127.0.0.1 at 2026-08-28 17:04:23 +0500
Processing by TasksController#index as HTML
  Parameters: {"query" => "ff", "commit" => "Search"}
  Rendering layout layouts/application.html.erb
  Rendering tasks/index.html.erb within layouts/application
  [1m[36mTask Exists? (101.0ms)[0m  [1m[34mSELECT 1 AS one FROM "tasks" LIMIT 1 /*action='index',application='TaskManagementApp',controller='tasks'*/[0m
  ↳ app/views/tasks/index.html.erb:4
  [1m[36mTask Load (0.4ms)[0m  [1m[34mSELECT "tasks".* FROM "tasks" /*action='index',application='TaskManagementApp',controller='tasks'*/[0m
  ↳ app/views/tasks/_task.html.erb:13
  Rendered tasks/_task.html.erb (Duration: 6.7ms | GC: 1.7ms)
  Rendered tasks/index.html.erb within layouts/application (Duration: 111.5ms | GC: 3.1ms)
  Rendered shared/_navbar.html.erb (Duration: 0.7ms | GC: 0.0ms)
  Rendered layout layouts/application.html.erb (Duration: 118.7ms | GC: 4.7ms)
Completed 200 OK in 129ms (Views: 11.0ms | ActiveRecord: 111.9ms (2 queries, 0 cached) | GC: 5.8ms)


Started GET "/tasks?query=ff&commit=Search" for 127.0.0.1 at 2026-08-28 17:05:10 +0500
Processing by TasksController#index as HTML
  Parameters: {"query" => "ff", "commit" => "Search"}
  Rendering layout layouts/application.html.erb
  Rendering tasks/index.html.erb within layouts/application
  [1m[36mTask Exists? (0.4ms)[0m  [1m[34mSELECT 1 AS one FROM "tasks" LIMIT 1 /*action='index',application='TaskManagementApp',controller='tasks'*/[0m
  ↳ app/views/tasks/index.html.erb:4
  [1m[36mTask Load (0.3ms)[0m  [1m[34mSELECT "tasks".* FROM "tasks" /*action='index',application='TaskManagementApp',controller='tasks'*/[0m
  ↳ app/views/tasks/_task.html.erb:13
  Rendered tasks/_task.html.erb (Duration: 8.7ms | GC: 0.0ms)
  Rendered tasks/index.html.erb within layouts/application (Duration: 17.9ms | GC: 0.0ms)
  Rendered shared/_navbar.html.erb (Duration: 0.8ms | GC: 0.0ms)
  Rendered layout layouts/application.html.erb (Duration: 24.3ms | GC: 0.0ms)
Completed 200 OK in 32ms (Views: 18.0ms | ActiveRecord: 8.5ms (2 queries, 0 cached) | GC: 0.0ms)


Started GET "/tasks/1" for 127.0.0.1 at 2026-08-28 17:09:20 +0500
Processing by TasksController#show as HTML
  Parameters: {"id" => "1"}
  Rendering layout layouts/application.html.erb
  Rendering tasks/show.html.erb within layouts/application
  Rendered tasks/show.html.erb within layouts/application (Duration: 0.3ms | GC: 0.0ms)
  Rendered shared/_navbar.html.erb (Duration: 0.7ms | GC: 0.0ms)
  Rendered layout layouts/application.html.erb (Duration: 5.2ms | GC: 0.0ms)
Completed 200 OK in 12ms (Views: 9.0ms | ActiveRecord: 0.0ms (0 queries, 0 cached) | GC: 0.8ms)


Started GET "/" for 127.0.0.1 at 2026-08-28 17:09:24 +0500
Processing by HomeController#index as HTML
  Rendering layout layouts/application.html.erb
  Rendering home/index.html.erb within layouts/application
  Rendered home/index.html.erb within layouts/application (Duration: 0.5ms | GC: 0.0ms)
  Rendered shared/_navbar.html.erb (Duration: 0.2ms | GC: 0.0ms)
  Rendered layout layouts/application.html.erb (Duration: 1.8ms | GC: 0.0ms)
Completed 200 OK in 7ms (Views: 3.2ms | ActiveRecord: 0.0ms (0 queries, 0 cached) | GC: 0.0ms)


Started GET "/tasks" for 127.0.0.1 at 2026-08-28 17:09:24 +0500
Processing by TasksController#index as HTML
  Rendering layout layouts/application.html.erb
  Rendering tasks/index.html.erb within layouts/application
  [1m[36mTask Exists? (0.2ms)[0m  [1m[34mSELECT 1 AS one FROM "tasks" LIMIT 1 /*action='index',application='TaskManagementApp',controller='tasks'*/[0m
  ↳ app/views/tasks/index.html.erb:4
  [1m[36mTask Load (0.4ms)[0m  [1m[34mSELECT "tasks".* FROM "tasks" /*action='index',application='TaskManagementApp',controller='tasks'*/[0m
  ↳ app/views/tasks/_task.html.erb:13
  Rendered tasks/_task.html.erb (Duration: 6.7ms | GC: 0.3ms)
  Rendered tasks/index.html.erb within layouts/application (Duration: 13.7ms | GC: 0.3ms)
  Rendered shared/_navbar.html.erb (Duration: 0.2ms | GC: 0.0ms)
  Rendered layout layouts/application.html.erb (Duration: 16.2ms | GC: 0.3ms)
Completed 200 OK in 23ms (Views: 13.6ms | ActiveRecord: 4.2ms (2 queries, 0 cached) | GC: 0.3ms)


Started GET "/tasks/1" for 127.0.0.1 at 2026-08-28 17:09:25 +0500
Processing by TasksController#show as HTML
  Parameters: {"id" => "1"}
  Rendering layout layouts/application.html.erb
  Rendering tasks/show.html.erb within layouts/application
  Rendered tasks/show.html.erb within layouts/application (Duration: 0.0ms | GC: 0.0ms)
  Rendered shared/_navbar.html.erb (Duration: 0.2ms | GC: 0.0ms)
  Rendered layout layouts/application.html.erb (Duration: 1.7ms | GC: 0.0ms)
Completed 200 OK in 4ms (Views: 3.0ms | ActiveRecord: 0.0ms (0 queries, 0 cached) | GC: 0.5ms)


Started GET "/tasks" for 127.0.0.1 at 2026-08-28 17:09:31 +0500
Processing by TasksController#index as HTML
  Rendering layout layouts/application.html.erb
  Rendering tasks/index.html.erb within layouts/application
  [1m[36mTask Exists? (0.5ms)[0m  [1m[34mSELECT 1 AS one FROM "tasks" LIMIT 1 /*action='index',application='TaskManagementApp',controller='tasks'*/[0m
  ↳ app/views/tasks/index.html.erb:4
  [1m[36mTask Load (0.3ms)[0m  [1m[34mSELECT "tasks".* FROM "tasks" /*action='index',application='TaskManagementApp',controller='tasks'*/[0m
  ↳ app/views/tasks/_task.html.erb:13
  Rendered tasks/_task.html.erb (Duration: 2.1ms | GC: 0.0ms)
  Rendered tasks/index.html.erb within layouts/application (Duration: 6.2ms | GC: 0.0ms)
  Rendered shared/_navbar.html.erb (Duration: 0.2ms | GC: 0.0ms)
  Rendered layout layouts/application.html.erb (Duration: 9.1ms | GC: 0.0ms)
Completed 200 OK in 14ms (Views: 9.2ms | ActiveRecord: 0.8ms (2 queries, 0 cached) | GC: 0.0ms)


Started GET "/tasks/new" for 127.0.0.1 at 2026-08-28 17:09:33 +0500
Processing by TasksController#new as HTML
  Rendering layout layouts/application.html.erb
  Rendering tasks/new.html.erb within layouts/application
  Rendered tasks/new.html.erb within layouts/application (Duration: 2.3ms | GC: 0.0ms)
  Rendered shared/_navbar.html.erb (Duration: 0.2ms | GC: 0.0ms)
  Rendered layout layouts/application.html.erb (Duration: 3.4ms | GC: 0.0ms)
Completed 200 OK in 6ms (Views: 4.0ms | ActiveRecord: 0.0ms (0 queries, 0 cached) | GC: 0.0ms)


Started GET "/tasks/1" for 127.0.0.1 at 2026-08-28 17:09:34 +0500
Processing by TasksController#show as HTML
  Parameters: {"id" => "1"}
  Rendering layout layouts/application.html.erb
  Rendering tasks/show.html.erb within layouts/application
  Rendered tasks/show.html.erb within layouts/application (Duration: 0.0ms | GC: 0.0ms)
  Rendered shared/_navbar.html.erb (Duration: 0.2ms | GC: 0.0ms)
  Rendered layout layouts/application.html.erb (Duration: 2.2ms | GC: 0.4ms)
Completed 200 OK in 4ms (Views: 2.6ms | ActiveRecord: 0.0ms (0 queries, 0 cached) | GC: 0.4ms)


Started GET "/" for 127.0.0.1 at 2026-08-28 17:09:34 +0500
Processing by HomeController#index as HTML
  Rendering layout layouts/application.html.erb
  Rendering home/index.html.erb within layouts/application
  Rendered home/index.html.erb within layouts/application (Duration: 0.1ms | GC: 0.0ms)
  Rendered shared/_navbar.html.erb (Duration: 0.2ms | GC: 0.0ms)
  Rendered layout layouts/application.html.erb (Duration: 1.8ms | GC: 0.0ms)
Completed 200 OK in 4ms (Views: 2.3ms | ActiveRecord: 0.0ms (0 queries, 0 cached) | GC: 0.0ms)


Started GET "/" for 127.0.0.1 at 2026-08-28 17:09:35 +0500
Processing by HomeController#index as HTML
  Rendering layout layouts/application.html.erb
  Rendering home/index.html.erb within layouts/application
  Rendered home/index.html.erb within layouts/application (Duration: 0.1ms | GC: 0.0ms)
  Rendered shared/_navbar.html.erb (Duration: 0.2ms | GC: 0.0ms)
  Rendered layout layouts/application.html.erb (Duration: 1.5ms | GC: 0.0ms)
Completed 200 OK in 4ms (Views: 2.1ms | ActiveRecord: 0.0ms (0 queries, 0 cached) | GC: 0.4ms)


Started GET "/tasks" for 127.0.0.1 at 2026-08-28 17:09:35 +0500
Processing by TasksController#index as HTML
  Rendering layout layouts/application.html.erb
  Rendering tasks/index.html.erb within layouts/application
  [1m[36mTask Exists? (0.4ms)[0m  [1m[34mSELECT 1 AS one FROM "tasks" LIMIT 1 /*action='index',application='TaskManagementApp',controller='tasks'*/[0m
  ↳ app/views/tasks/index.html.erb:4
  [1m[36mTask Load (0.3ms)[0m  [1m[34mSELECT "tasks".* FROM "tasks" /*action='index',application='TaskManagementApp',controller='tasks'*/[0m
  ↳ app/views/tasks/_task.html.erb:13
  Rendered tasks/_task.html.erb (Duration: 1.3ms | GC: 0.0ms)
  Rendered tasks/index.html.erb within layouts/application (Duration: 3.5ms | GC: 0.0ms)
  Rendered shared/_navbar.html.erb (Duration: 0.2ms | GC: 0.0ms)
  Rendered layout layouts/application.html.erb (Duration: 4.9ms | GC: 0.0ms)
Completed 200 OK in 7ms (Views: 4.7ms | ActiveRecord: 0.7ms (2 queries, 0 cached) | GC: 0.0ms)


Started GET "/" for 127.0.0.1 at 2026-08-28 17:09:37 +0500
Processing by HomeController#index as HTML
  Rendering layout layouts/application.html.erb
  Rendering home/index.html.erb within layouts/application
  Rendered home/index.html.erb within layouts/application (Duration: 0.1ms | GC: 0.0ms)
  Rendered shared/_navbar.html.erb (Duration: 0.2ms | GC: 0.0ms)
  Rendered layout layouts/application.html.erb (Duration: 1.5ms | GC: 0.0ms)
Completed 200 OK in 3ms (Views: 1.9ms | ActiveRecord: 0.0ms (0 queries, 0 cached) | GC: 0.0ms)


Started GET "/tasks/1" for 127.0.0.1 at 2026-08-28 17:09:40 +0500
Processing by TasksController#show as HTML
  Parameters: {"id" => "1"}
  Rendering layout layouts/application.html.erb
  Rendering tasks/show.html.erb within layouts/application
  Rendered tasks/show.html.erb within layouts/application (Duration: 0.0ms | GC: 0.0ms)
  Rendered shared/_navbar.html.erb (Duration: 0.2ms | GC: 0.0ms)
  Rendered layout layouts/application.html.erb (Duration: 1.5ms | GC: 0.0ms)
Completed 200 OK in 4ms (Views: 2.0ms | ActiveRecord: 0.0ms (0 queries, 0 cached) | GC: 0.0ms)


Started GET "/tasks/new" for 127.0.0.1 at 2026-08-28 17:09:44 +0500
Processing by TasksController#new as HTML
  Rendering layout layouts/application.html.erb
  Rendering tasks/new.html.erb within layouts/application
  Rendered tasks/new.html.erb within layouts/application (Duration: 1.4ms | GC: 0.0ms)
  Rendered shared/_navbar.html.erb (Duration: 0.2ms | GC: 0.0ms)
  Rendered layout layouts/application.html.erb (Duration: 2.4ms | GC: 0.0ms)
Completed 200 OK in 4ms (Views: 2.8ms | ActiveRecord: 0.0ms (0 queries, 0 cached) | GC: 0.0ms)


Started GET "/tasks/1" for 127.0.0.1 at 2026-08-28 17:09:45 +0500
Processing by TasksController#show as HTML
  Parameters: {"id" => "1"}
  Rendering layout layouts/application.html.erb
  Rendering tasks/show.html.erb within layouts/application
  Rendered tasks/show.html.erb within layouts/application (Duration: 0.0ms | GC: 0.0ms)
  Rendered shared/_navbar.html.erb (Duration: 0.2ms | GC: 0.0ms)
  Rendered layout layouts/application.html.erb (Duration: 1.4ms | GC: 0.0ms)
Completed 200 OK in 4ms (Views: 2.5ms | ActiveRecord: 0.0ms (0 queries, 0 cached) | GC: 0.5ms)


Started GET "/tasks/1" for 127.0.0.1 at 2026-08-28 17:10:36 +0500
Processing by TasksController#show as HTML
  Parameters: {"id" => "1"}
  Rendering layout layouts/application.html.erb
  Rendering tasks/show.html.erb within layouts/application
  Rendered tasks/show.html.erb within layouts/application (Duration: 0.0ms | GC: 0.0ms)
  Rendered shared/_navbar.html.erb (Duration: 0.3ms | GC: 0.0ms)
  Rendered layout layouts/application.html.erb (Duration: 1.8ms | GC: 0.0ms)
Completed 200 OK in 4ms (Views: 2.3ms | ActiveRecord: 0.0ms (0 queries, 0 cached) | GC: 0.0ms)


Using vips to process variants requires the libvips library. Please install libvips using the instructions on the libvips website.
Using vips to process variants requires the libvips library. Please install libvips using the instructions on the libvips website.
Started GET "/" for 127.0.0.1 at 2026-08-30 02:50:36 +0500
  [1m[36mActiveRecord::SchemaMigration Load (38.7ms)[0m  [1m[34mSELECT "schema_migrations"."version" FROM "schema_migrations" ORDER BY "schema_migrations"."version" ASC /*application='TaskManagementApp'*/[0m
Processing by HomeController#index as HTML
  Rendering layout layouts/application.html.erb
  Rendering home/index.html.erb within layouts/application
  Rendered home/index.html.erb within layouts/application (Duration: 0.7ms | GC: 0.0ms)
  Rendered shared/_navbar.html.erb (Duration: 0.7ms | GC: 0.0ms)
  Rendered layout layouts/application.html.erb (Duration: 21.2ms | GC: 0.0ms)
Completed 200 OK in 66ms (Views: 28.6ms | ActiveRecord: 0.0ms (0 queries, 0 cached) | GC: 0.0ms)


Started GET "/favicon.ico" for 127.0.0.1 at 2026-08-30 02:50:37 +0500
  
ActionController::RoutingError (No route matches [GET] "/favicon.ico"):
  
Started GET "/tasks" for 127.0.0.1 at 2026-08-30 02:50:47 +0500
Processing by TasksController#index as HTML
  Rendering layout layouts/application.html.erb
  Rendering tasks/index.html.erb within layouts/application
  [1m[36mTask Exists? (35.7ms)[0m  [1m[34mSELECT 1 AS one FROM "tasks" LIMIT 1 /*action='index',application='TaskManagementApp',controller='tasks'*/[0m
  ↳ app/views/tasks/index.html.erb:4
  [1m[36mTask Load (43.2ms)[0m  [1m[34mSELECT "tasks".* FROM "tasks" /*action='index',application='TaskManagementApp',controller='tasks'*/[0m
  ↳ app/views/tasks/_task.html.erb:13
  Rendered tasks/_task.html.erb (Duration: 57.8ms | GC: 0.2ms)
  Rendered tasks/index.html.erb within layouts/application (Duration: 149.3ms | GC: 0.8ms)
  Rendered shared/_navbar.html.erb (Duration: 0.2ms | GC: 0.0ms)
  Rendered layout layouts/application.html.erb (Duration: 150.8ms | GC: 0.8ms)
Completed 200 OK in 178ms (Views: 48.0ms | ActiveRecord: 104.2ms (2 queries, 0 cached) | GC: 2.4ms)


Started GET "/tasks/1" for 127.0.0.1 at 2026-08-30 02:50:47 +0500
Processing by TasksController#show as HTML
  Parameters: {"id" => "1"}
  Rendering layout layouts/application.html.erb
  Rendering tasks/show.html.erb within layouts/application
  Rendered tasks/show.html.erb within layouts/application (Duration: 1.5ms | GC: 0.0ms)
  Rendered layout layouts/application.html.erb (Duration: 2.7ms | GC: 0.5ms)
Completed 500 Internal Server Error in 5ms (ActiveRecord: 0.0ms (0 queries, 0 cached) | GC: 0.5ms)


  
ActionView::Template::Error (undefined method 'title' for nil)
Caused by: NoMethodError (undefined method 'title' for nil)

Information for: ActionView::Template::Error (undefined method 'title' for nil):
    3: <p>
    4:   <strong>Title:</strong>
    5:   <%= @task.title %>
    6: </p>
    7: 
    8: <p>
    9:   <strong>Description:</strong>
  
app/views/tasks/show.html.erb:6

Information for cause: NoMethodError (undefined method 'title' for nil):
  
app/views/tasks/show.html.erb:6
Started GET "/tasks/1" for 127.0.0.1 at 2026-08-30 02:51:18 +0500
Processing by TasksController#show as HTML
  Parameters: {"id" => "1"}
  Rendering layout layouts/application.html.erb
  Rendering tasks/show.html.erb within layouts/application
  Rendered tasks/show.html.erb within layouts/application (Duration: 1.2ms | GC: 0.0ms)
  Rendered layout layouts/application.html.erb (Duration: 1.5ms | GC: 0.0ms)
Completed 500 Internal Server Error in 6ms (ActiveRecord: 0.0ms (0 queries, 0 cached) | GC: 0.0ms)


  
ActionView::Template::Error (undefined method 'tittle' for nil)
Caused by: NoMethodError (undefined method 'tittle' for nil)

Information for: ActionView::Template::Error (undefined method 'tittle' for nil):
    3: <p>
    4:   <strong>Title:</strong>
    5:   <%= @task.tittle %>
    6: </p>
    7: 
    8: <p>
    9:   <strong>Description:</strong>
  
app/views/tasks/show.html.erb:6

Information for cause: NoMethodError (undefined method 'tittle' for nil):
  
app/views/tasks/show.html.erb:6
Started GET "/tasks/1" for 127.0.0.1 at 2026-08-30 02:51:53 +0500
Processing by TasksController#show as HTML
  Parameters: {"id" => "1"}
  Rendering layout layouts/application.html.erb
  Rendering tasks/show.html.erb within layouts/application
  Rendered tasks/show.html.erb within layouts/application (Duration: 0.6ms | GC: 0.0ms)
  Rendered layout layouts/application.html.erb (Duration: 1.1ms | GC: 0.0ms)
Completed 500 Internal Server Error in 4ms (ActiveRecord: 0.0ms (0 queries, 0 cached) | GC: 0.0ms)


  
ActionView::Template::Error (undefined method 'tittle' for nil)
Caused by: NoMethodError (undefined method 'tittle' for nil)

Information for: ActionView::Template::Error (undefined method 'tittle' for nil):
    3: <p>
    4:   <strong>Title:</strong>
    5:   <%= @task.tittle %>
    6: </p>
    7: 
    8: <p>
    9:   <strong>Description:</strong>
  
app/views/tasks/show.html.erb:6

Information for cause: NoMethodError (undefined method 'tittle' for nil):
  
app/views/tasks/show.html.erb:6
Started GET "/tasks/1" for 127.0.0.1 at 2026-08-30 02:51:54 +0500
Processing by TasksController#show as HTML
  Parameters: {"id" => "1"}
  Rendering layout layouts/application.html.erb
  Rendering tasks/show.html.erb within layouts/application
  Rendered tasks/show.html.erb within layouts/application (Duration: 0.5ms | GC: 0.0ms)
  Rendered layout layouts/application.html.erb (Duration: 0.7ms | GC: 0.0ms)
Completed 500 Internal Server Error in 4ms (ActiveRecord: 0.0ms (0 queries, 0 cached) | GC: 0.0ms)


  
ActionView::Template::Error (undefined method 'tittle' for nil)
Caused by: NoMethodError (undefined method 'tittle' for nil)

Information for: ActionView::Template::Error (undefined method 'tittle' for nil):
    3: <p>
    4:   <strong>Title:</strong>
    5:   <%= @task.tittle %>
    6: </p>
    7: 
    8: <p>
    9:   <strong>Description:</strong>
  
app/views/tasks/show.html.erb:6

Information for cause: NoMethodError (undefined method 'tittle' for nil):
  
app/views/tasks/show.html.erb:6
Started GET "/" for 127.0.0.1 at 2026-08-30 02:52:04 +0500
Processing by HomeController#index as HTML
  Rendering layout layouts/application.html.erb
  Rendering home/index.html.erb within layouts/application
  Rendered home/index.html.erb within layouts/application (Duration: 0.5ms | GC: 0.0ms)
  Rendered shared/_navbar.html.erb (Duration: 0.7ms | GC: 0.0ms)
  Rendered layout layouts/application.html.erb (Duration: 5.8ms | GC: 0.0ms)
Completed 200 OK in 9ms (Views: 7.3ms | ActiveRecord: 0.0ms (0 queries, 0 cached) | GC: 0.0ms)


Started GET "/tasks" for 127.0.0.1 at 2026-08-30 02:52:26 +0500
Processing by TasksController#index as HTML
  Rendering layout layouts/application.html.erb
  Rendering tasks/index.html.erb within layouts/application
  [1m[36mTask Exists? (0.2ms)[0m  [1m[34mSELECT 1 AS one FROM "tasks" LIMIT 1 /*action='index',application='TaskManagementApp',controller='tasks'*/[0m
  ↳ app/views/tasks/index.html.erb:4
  [1m[36mTask Load (0.3ms)[0m  [1m[34mSELECT "tasks".* FROM "tasks" /*action='index',application='TaskManagementApp',controller='tasks'*/[0m
  ↳ app/views/tasks/_task.html.erb:13
  Rendered tasks/_task.html.erb (Duration: 8.8ms | GC: 2.5ms)
  Rendered tasks/index.html.erb within layouts/application (Duration: 13.6ms | GC: 2.5ms)
  Rendered shared/_navbar.html.erb (Duration: 0.2ms | GC: 0.0ms)
  Rendered layout layouts/application.html.erb (Duration: 15.0ms | GC: 2.5ms)
Completed 200 OK in 20ms (Views: 12.8ms | ActiveRecord: 2.8ms (2 queries, 0 cached) | GC: 2.5ms)


Started GET "/tasks" for 127.0.0.1 at 2026-08-30 02:52:30 +0500
Processing by TasksController#index as HTML
  Rendering layout layouts/application.html.erb
  Rendering tasks/index.html.erb within layouts/application
  [1m[36mTask Exists? (0.4ms)[0m  [1m[34mSELECT 1 AS one FROM "tasks" LIMIT 1 /*action='index',application='TaskManagementApp',controller='tasks'*/[0m
  ↳ app/views/tasks/index.html.erb:4
  [1m[36mTask Load (0.4ms)[0m  [1m[34mSELECT "tasks".* FROM "tasks" /*action='index',application='TaskManagementApp',controller='tasks'*/[0m
  ↳ app/views/tasks/_task.html.erb:13
  Rendered tasks/_task.html.erb (Duration: 1.9ms | GC: 0.0ms)
  Rendered tasks/index.html.erb within layouts/application (Duration: 4.9ms | GC: 0.6ms)
  Rendered shared/_navbar.html.erb (Duration: 0.2ms | GC: 0.0ms)
  Rendered layout layouts/application.html.erb (Duration: 6.5ms | GC: 0.6ms)
Completed 200 OK in 9ms (Views: 6.5ms | ActiveRecord: 0.7ms (2 queries, 0 cached) | GC: 0.6ms)


Started GET "/tasks" for 127.0.0.1 at 2026-08-30 02:53:04 +0500
Processing by TasksController#index as HTML
  Rendering layout layouts/application.html.erb
  Rendering tasks/index.html.erb within layouts/application
  [1m[36mTask Exists? (0.3ms)[0m  [1m[34mSELECT 1 AS one FROM "tasks" LIMIT 1 /*action='index',application='TaskManagementApp',controller='tasks'*/[0m
  ↳ app/views/tasks/index.html.erb:4
  [1m[36mTask Load (0.3ms)[0m  [1m[34mSELECT "tasks".* FROM "tasks" /*action='index',application='TaskManagementApp',controller='tasks'*/[0m
  ↳ app/views/tasks/_task.html.erb:13
  Rendered tasks/_task.html.erb (Duration: 6.6ms | GC: 0.2ms)
  Rendered shared/_searchTask.html.erb (Duration: 1.1ms | GC: 0.0ms)
  Rendered tasks/index.html.erb within layouts/application (Duration: 14.3ms | GC: 0.2ms)
  Rendered layout layouts/application.html.erb (Duration: 14.5ms | GC: 0.2ms)
Completed 500 Internal Server Error in 24ms (ActiveRecord: 3.4ms (2 queries, 0 cached) | GC: 0.2ms)


  
ActionView::Template::Error (undefined local variable or method 'get' for an instance of #<Class:0x0000000122189d90>)
Caused by: NameError (undefined local variable or method 'get' for an instance of #<Class:0x0000000122189d90>)

Information for: ActionView::Template::Error (undefined local variable or method 'get' for an instance of #<Class:0x0000000122189d90>):
    1: <%= form_with url: search_tasks_path, method: get,local:true do |form|%>
    2:   <%= form.text_field :query, placeholder: "Enter task title" %>
    3:   <%= form.submit "Search" %>
    4: <% end %>
  
app/views/shared/_searchTask.html.erb:2
app/views/tasks/index.html.erb:9

Information for cause: NameError (undefined local variable or method 'get' for an instance of #<Class:0x0000000122189d90>):
  
app/views/shared/_searchTask.html.erb:2
app/views/tasks/index.html.erb:9
Started GET "/tasks" for 127.0.0.1 at 2026-08-30 02:53:46 +0500
Processing by TasksController#index as HTML
  Rendering layout layouts/application.html.erb
  Rendering tasks/index.html.erb within layouts/application
  [1m[36mTask Exists? (0.3ms)[0m  [1m[34mSELECT 1 AS one FROM "tasks" LIMIT 1 /*action='index',application='TaskManagementApp',controller='tasks'*/[0m
  ↳ app/views/tasks/index.html.erb:4
  [1m[36mTask Load (0.3ms)[0m  [1m[34mSELECT "tasks".* FROM "tasks" /*action='index',application='TaskManagementApp',controller='tasks'*/[0m
  ↳ app/views/tasks/_task.html.erb:13
  Rendered tasks/_task.html.erb (Duration: 8.4ms | GC: 0.0ms)
  Rendered shared/_searchTask.html.erb (Duration: 1.0ms | GC: 0.0ms)
  Rendered tasks/index.html.erb within layouts/application (Duration: 14.9ms | GC: 0.0ms)
  Rendered shared/_navbar.html.erb (Duration: 0.5ms | GC: 0.0ms)
  Rendered layout layouts/application.html.erb (Duration: 19.0ms | GC: 0.0ms)
Completed 200 OK in 26ms (Views: 17.5ms | ActiveRecord: 4.0ms (2 queries, 0 cached) | GC: 0.0ms)


Started GET "/tasks" for 127.0.0.1 at 2026-08-30 02:54:16 +0500
Processing by TasksController#index as HTML
  Rendering layout layouts/application.html.erb
  Rendering tasks/index.html.erb within layouts/application
  [1m[36mTask Exists? (0.2ms)[0m  [1m[34mSELECT 1 AS one FROM "tasks" LIMIT 1 /*action='index',application='TaskManagementApp',controller='tasks'*/[0m
  ↳ app/views/tasks/index.html.erb:4
  [1m[36mTask Load (0.3ms)[0m  [1m[34mSELECT "tasks".* FROM "tasks" /*action='index',application='TaskManagementApp',controller='tasks'*/[0m
  ↳ app/views/tasks/_task.html.erb:13
  Rendered tasks/_task.html.erb (Duration: 6.1ms | GC: 0.0ms)
  Rendered shared/_searchTask.html.erb (Duration: 1.1ms | GC: 0.0ms)
  Rendered tasks/index.html.erb within layouts/application (Duration: 12.8ms | GC: 0.6ms)
  Rendered shared/_navbar.html.erb (Duration: 0.5ms | GC: 0.0ms)
  Rendered layout layouts/application.html.erb (Duration: 17.8ms | GC: 0.9ms)
Completed 200 OK in 25ms (Views: 17.5ms | ActiveRecord: 2.5ms (2 queries, 0 cached) | GC: 1.3ms)


Started GET "/tasks" for 127.0.0.1 at 2026-08-30 02:54:31 +0500
Processing by TasksController#index as HTML
  Rendering layout layouts/application.html.erb
  Rendering tasks/index.html.erb within layouts/application
  [1m[36mTask Exists? (0.5ms)[0m  [1m[34mSELECT 1 AS one FROM "tasks" LIMIT 1 /*action='index',application='TaskManagementApp',controller='tasks'*/[0m
  ↳ app/views/tasks/index.html.erb:4
  [1m[36mTask Load (0.3ms)[0m  [1m[34mSELECT "tasks".* FROM "tasks" /*action='index',application='TaskManagementApp',controller='tasks'*/[0m
  ↳ app/views/tasks/_task.html.erb:13
  Rendered tasks/_task.html.erb (Duration: 7.3ms | GC: 0.4ms)
  Rendered shared/_searchTask.html.erb (Duration: 1.1ms | GC: 0.0ms)
  Rendered tasks/index.html.erb within layouts/application (Duration: 14.1ms | GC: 0.4ms)
  Rendered shared/_navbar.html.erb (Duration: 0.6ms | GC: 0.0ms)
  Rendered layout layouts/application.html.erb (Duration: 19.1ms | GC: 0.4ms)
Completed 200 OK in 26ms (Views: 18.5ms | ActiveRecord: 3.2ms (2 queries, 0 cached) | GC: 0.7ms)


Started GET "/search?query=task1&commit=Search" for 127.0.0.1 at 2026-08-30 02:54:38 +0500
Processing by TasksController#search as HTML
  Parameters: {"query" => "task1", "commit" => "Search"}
  [1m[36mTask Load (44.3ms)[0m  [1m[34mSELECT "tasks".* FROM "tasks" WHERE "tasks"."title" = 'task1' LIMIT 1 /*action='search',application='TaskManagementApp',controller='tasks'*/[0m
  ↳ app/controllers/tasks_controller.rb:15:in 'TasksController#search'
Completed 500 Internal Server Error in 51ms (ActiveRecord: 44.3ms (1 query, 0 cached) | GC: 0.0ms)


  
ActiveRecord::StatementInvalid (PG::UndefinedColumn: ERROR:  column tasks.title does not exist
LINE 1: SELECT "tasks".* FROM "tasks" WHERE "tasks"."title" = 'task1...
                                            ^
HINT:  Perhaps you meant to reference the column "tasks.tittle".
)
Caused by: PG::UndefinedColumn (ERROR:  column tasks.title does not exist
LINE 1: SELECT "tasks".* FROM "tasks" WHERE "tasks"."title" = 'task1...
                                            ^
HINT:  Perhaps you meant to reference the column "tasks.tittle".
)

Information for: ActiveRecord::StatementInvalid (PG::UndefinedColumn: ERROR:  column tasks.title does not exist
LINE 1: SELECT "tasks".* FROM "tasks" WHERE "tasks"."title" = 'task1...
                                            ^
HINT:  Perhaps you meant to reference the column "tasks.tittle".
):
  

Information for cause: PG::UndefinedColumn (ERROR:  column tasks.title does not exist
LINE 1: SELECT "tasks".* FROM "tasks" WHERE "tasks"."title" = 'task1...
                                            ^
HINT:  Perhaps you meant to reference the column "tasks.tittle".
):
  
app/controllers/tasks_controller.rb:15:in 'TasksController#search'
Started GET "/tasks" for 127.0.0.1 at 2026-08-30 02:56:07 +0500
Processing by TasksController#index as HTML
  Rendering layout layouts/application.html.erb
  Rendering tasks/index.html.erb within layouts/application
  [1m[36mTask Exists? (0.2ms)[0m  [1m[34mSELECT 1 AS one FROM "tasks" LIMIT 1 /*action='index',application='TaskManagementApp',controller='tasks'*/[0m
  ↳ app/views/tasks/index.html.erb:4
  [1m[36mTask Load (0.3ms)[0m  [1m[34mSELECT "tasks".* FROM "tasks" /*action='index',application='TaskManagementApp',controller='tasks'*/[0m
  ↳ app/views/tasks/_task.html.erb:13
  Rendered tasks/_task.html.erb (Duration: 7.3ms | GC: 0.5ms)
  Rendered shared/_searchTask.html.erb (Duration: 1.0ms | GC: 0.0ms)
  Rendered tasks/index.html.erb within layouts/application (Duration: 13.2ms | GC: 0.5ms)
  Rendered shared/_navbar.html.erb (Duration: 0.6ms | GC: 0.0ms)
  Rendered layout layouts/application.html.erb (Duration: 18.8ms | GC: 1.2ms)
Completed 200 OK in 26ms (Views: 18.2ms | ActiveRecord: 2.8ms (2 queries, 0 cached) | GC: 1.7ms)


Started GET "/search?query=task1&commit=Search" for 127.0.0.1 at 2026-08-30 02:56:12 +0500
Processing by TasksController#search as HTML
  Parameters: {"query" => "task1", "commit" => "Search"}
  [1m[36mTask Load (2.3ms)[0m  [1m[34mSELECT "tasks".* FROM "tasks" WHERE "tasks"."tittle" = 'task1' LIMIT 1 /*action='search',application='TaskManagementApp',controller='tasks'*/[0m
  ↳ app/controllers/tasks_controller.rb:15:in 'TasksController#search'
Redirected to http://localhost:3000/tasks/2
↳ app/controllers/tasks_controller.rb:17:in 'TasksController#search'
Completed 302 Found in 7ms (ActiveRecord: 2.3ms (1 query, 0 cached) | GC: 0.0ms)


Started GET "/tasks/2" for 127.0.0.1 at 2026-08-30 02:56:12 +0500
Processing by TasksController#show as HTML
  Parameters: {"id" => "2"}
  Rendering layout layouts/application.html.erb
  Rendering tasks/show.html.erb within layouts/application
  Rendered tasks/show.html.erb within layouts/application (Duration: 1.0ms | GC: 0.0ms)
  Rendered layout layouts/application.html.erb (Duration: 1.5ms | GC: 0.0ms)
Completed 500 Internal Server Error in 4ms (ActiveRecord: 0.0ms (0 queries, 0 cached) | GC: 0.0ms)


  
ActionView::Template::Error (undefined method 'tittle' for nil)
Caused by: NoMethodError (undefined method 'tittle' for nil)

Information for: ActionView::Template::Error (undefined method 'tittle' for nil):
    3: <p>
    4:   <strong>Title:</strong>
    5:   <%= @task.tittle %>
    6: </p>
    7: 
    8: <p>
    9:   <strong>Description:</strong>
  
app/views/tasks/show.html.erb:6

Information for cause: NoMethodError (undefined method 'tittle' for nil):
  
app/views/tasks/show.html.erb:6
Started GET "/tasks" for 127.0.0.1 at 2026-08-30 02:57:54 +0500
Processing by TasksController#index as HTML
  Rendering layout layouts/application.html.erb
  Rendering tasks/index.html.erb within layouts/application
  [1m[36mTask Exists? (0.2ms)[0m  [1m[34mSELECT 1 AS one FROM "tasks" LIMIT 1 /*action='index',application='TaskManagementApp',controller='tasks'*/[0m
  ↳ app/views/tasks/index.html.erb:4
  [1m[36mTask Load (0.3ms)[0m  [1m[34mSELECT "tasks".* FROM "tasks" /*action='index',application='TaskManagementApp',controller='tasks'*/[0m
  ↳ app/views/tasks/_task.html.erb:13
  Rendered tasks/_task.html.erb (Duration: 6.2ms | GC: 0.0ms)
  Rendered shared/_searchTask.html.erb (Duration: 0.9ms | GC: 0.0ms)
  Rendered tasks/index.html.erb within layouts/application (Duration: 12.2ms | GC: 0.0ms)
  Rendered shared/_navbar.html.erb (Duration: 0.8ms | GC: 0.0ms)
  Rendered layout layouts/application.html.erb (Duration: 17.6ms | GC: 0.4ms)
Completed 200 OK in 24ms (Views: 17.3ms | ActiveRecord: 3.0ms (2 queries, 0 cached) | GC: 0.4ms)


Started GET "/search?query=task1&commit=Search" for 127.0.0.1 at 2026-08-30 02:57:58 +0500
Processing by TasksController#search as HTML
  Parameters: {"query" => "task1", "commit" => "Search"}
  [1m[36mTask Load (0.4ms)[0m  [1m[34mSELECT "tasks".* FROM "tasks" WHERE "tasks"."tittle" = 'task1' LIMIT 1 /*action='search',application='TaskManagementApp',controller='tasks'*/[0m
  ↳ app/controllers/tasks_controller.rb:16:in 'TasksController#search'
Redirected to http://localhost:3000/tasks/2
↳ app/controllers/tasks_controller.rb:18:in 'TasksController#search'
Completed 302 Found in 4ms (ActiveRecord: 0.4ms (1 query, 0 cached) | GC: 0.0ms)


Started GET "/tasks/2" for 127.0.0.1 at 2026-08-30 02:57:58 +0500
Processing by TasksController#show as HTML
  Parameters: {"id" => "2"}
  [1m[36mTask Load (1.9ms)[0m  [1m[34mSELECT "tasks".* FROM "tasks" WHERE "tasks"."id" = 2 LIMIT 1 /*action='show',application='TaskManagementApp',controller='tasks'*/[0m
  ↳ app/controllers/tasks_controller.rb:8:in 'TasksController#show'
  Rendering layout layouts/application.html.erb
  Rendering tasks/show.html.erb within layouts/application
  Rendered tasks/show.html.erb within layouts/application (Duration: 0.5ms | GC: 0.0ms)
  Rendered shared/_navbar.html.erb (Duration: 0.2ms | GC: 0.0ms)
  Rendered layout layouts/application.html.erb (Duration: 1.9ms | GC: 0.0ms)
Completed 200 OK in 8ms (Views: 2.4ms | ActiveRecord: 1.9ms (1 query, 0 cached) | GC: 0.2ms)


Started GET "/tasks" for 127.0.0.1 at 2026-08-30 02:58:01 +0500
Processing by TasksController#index as HTML
  Rendering layout layouts/application.html.erb
  Rendering tasks/index.html.erb within layouts/application
  [1m[36mTask Exists? (0.3ms)[0m  [1m[34mSELECT 1 AS one FROM "tasks" LIMIT 1 /*action='index',application='TaskManagementApp',controller='tasks'*/[0m
  ↳ app/views/tasks/index.html.erb:4
  [1m[36mTask Load (0.2ms)[0m  [1m[34mSELECT "tasks".* FROM "tasks" /*action='index',application='TaskManagementApp',controller='tasks'*/[0m
  ↳ app/views/tasks/_task.html.erb:13
  Rendered tasks/_task.html.erb (Duration: 1.5ms | GC: 0.0ms)
  Rendered shared/_searchTask.html.erb (Duration: 0.5ms | GC: 0.0ms)
  Rendered tasks/index.html.erb within layouts/application (Duration: 3.5ms | GC: 0.0ms)
  Rendered shared/_navbar.html.erb (Duration: 0.2ms | GC: 0.0ms)
  Rendered layout layouts/application.html.erb (Duration: 4.8ms | GC: 0.0ms)
Completed 200 OK in 7ms (Views: 4.7ms | ActiveRecord: 0.6ms (2 queries, 0 cached) | GC: 0.0ms)


Started GET "/tasks/1" for 127.0.0.1 at 2026-08-30 02:58:04 +0500
Processing by TasksController#show as HTML
  Parameters: {"id" => "1"}
  [1m[36mTask Load (0.4ms)[0m  [1m[34mSELECT "tasks".* FROM "tasks" WHERE "tasks"."id" = 1 LIMIT 1 /*action='show',application='TaskManagementApp',controller='tasks'*/[0m
  ↳ app/controllers/tasks_controller.rb:8:in 'TasksController#show'
Completed 404 Not Found in 3ms (ActiveRecord: 0.3ms (1 query, 0 cached) | GC: 0.0ms)


  
ActiveRecord::RecordNotFound (Couldn't find Task with 'id'="1"):
  
app/controllers/tasks_controller.rb:8:in 'TasksController#show'
Started GET "/tasks/1" for 127.0.0.1 at 2026-08-30 03:09:29 +0500
Processing by TasksController#show as HTML
  Parameters: {"id" => "1"}
  [1m[36mTask Load (54.7ms)[0m  [1m[34mSELECT "tasks".* FROM "tasks" WHERE "tasks"."id" = 1 LIMIT 1 /*action='show',application='TaskManagementApp',controller='tasks'*/[0m
  ↳ app/controllers/tasks_controller.rb:8:in 'TasksController#show'
Completed 404 Not Found in 61ms (ActiveRecord: 61.3ms (1 query, 0 cached) | GC: 0.8ms)


  
ActiveRecord::RecordNotFound (Couldn't find Task with 'id'="1"):
  
app/controllers/tasks_controller.rb:8:in 'TasksController#show'
Started GET "/tasks" for 127.0.0.1 at 2026-08-30 03:09:35 +0500
Processing by TasksController#index as HTML
  Rendering layout layouts/application.html.erb
  Rendering tasks/index.html.erb within layouts/application
  [1m[36mTask Exists? (0.5ms)[0m  [1m[34mSELECT 1 AS one FROM "tasks" LIMIT 1 /*action='index',application='TaskManagementApp',controller='tasks'*/[0m
  ↳ app/views/tasks/index.html.erb:4
  [1m[36mTask Load (0.4ms)[0m  [1m[34mSELECT "tasks".* FROM "tasks" /*action='index',application='TaskManagementApp',controller='tasks'*/[0m
  ↳ app/views/tasks/_task.html.erb:13
  Rendered tasks/_task.html.erb (Duration: 5.0ms | GC: 0.0ms)
  Rendered tasks/index.html.erb within layouts/application (Duration: 8.2ms | GC: 0.0ms)
  Rendered shared/_navbar.html.erb (Duration: 0.7ms | GC: 0.0ms)
  Rendered layout layouts/application.html.erb (Duration: 13.8ms | GC: 0.3ms)
Completed 200 OK in 19ms (Views: 15.8ms | ActiveRecord: 0.9ms (2 queries, 0 cached) | GC: 0.3ms)


Started GET "/task-details" for 127.0.0.1 at 2026-08-30 03:09:38 +0500
Processing by TasksController#details as HTML
  Rendering layout layouts/application.html.erb
  Rendering tasks/details.html.erb within layouts/application
  Rendered tasks/details.html.erb within layouts/application (Duration: 1.0ms | GC: 0.0ms)
  Rendered shared/_navbar.html.erb (Duration: 0.2ms | GC: 0.0ms)
  Rendered layout layouts/application.html.erb (Duration: 2.3ms | GC: 0.0ms)
Completed 200 OK in 5ms (Views: 2.8ms | ActiveRecord: 0.0ms (0 queries, 0 cached) | GC: 0.3ms)


Started GET "/task-details?query=task1&commit=Search" for 127.0.0.1 at 2026-08-30 03:09:42 +0500
Processing by TasksController#details as HTML
  Parameters: {"query" => "task1", "commit" => "Search"}
  [1m[36mTask Load (0.9ms)[0m  [1m[34mSELECT "tasks".* FROM "tasks" WHERE "tasks"."tittle" = 'task1' LIMIT 1 /*action='details',application='TaskManagementApp',controller='tasks'*/[0m
  ↳ app/controllers/tasks_controller.rb:14:in 'TasksController#details'
  Rendering layout layouts/application.html.erb
  Rendering tasks/details.html.erb within layouts/application
  Rendered tasks/details.html.erb within layouts/application (Duration: 0.8ms | GC: 0.0ms)
  Rendered shared/_navbar.html.erb (Duration: 0.2ms | GC: 0.0ms)
  Rendered layout layouts/application.html.erb (Duration: 2.7ms | GC: 0.4ms)
Completed 200 OK in 7ms (Views: 3.2ms | ActiveRecord: 0.9ms (1 query, 0 cached) | GC: 0.4ms)


Started GET "/tasks/new" for 127.0.0.1 at 2026-08-30 03:09:47 +0500
Processing by TasksController#new as HTML
  Rendering layout layouts/application.html.erb
  Rendering tasks/new.html.erb within layouts/application
  Rendered tasks/new.html.erb within layouts/application (Duration: 6.9ms | GC: 0.0ms)
  Rendered shared/_navbar.html.erb (Duration: 0.2ms | GC: 0.0ms)
  Rendered layout layouts/application.html.erb (Duration: 8.2ms | GC: 0.0ms)
Completed 200 OK in 11ms (Views: 8.9ms | ActiveRecord: 0.0ms (0 queries, 0 cached) | GC: 0.0ms)


Started GET "/tasks" for 127.0.0.1 at 2026-08-30 03:09:48 +0500
Processing by TasksController#index as HTML
  Rendering layout layouts/application.html.erb
  Rendering tasks/index.html.erb within layouts/application
  [1m[36mTask Exists? (0.3ms)[0m  [1m[34mSELECT 1 AS one FROM "tasks" LIMIT 1 /*action='index',application='TaskManagementApp',controller='tasks'*/[0m
  ↳ app/views/tasks/index.html.erb:4
  [1m[36mTask Load (0.3ms)[0m  [1m[34mSELECT "tasks".* FROM "tasks" /*action='index',application='TaskManagementApp',controller='tasks'*/[0m
  ↳ app/views/tasks/_task.html.erb:13
  Rendered tasks/_task.html.erb (Duration: 1.5ms | GC: 0.0ms)
  Rendered tasks/index.html.erb within layouts/application (Duration: 3.1ms | GC: 0.0ms)
  Rendered shared/_navbar.html.erb (Duration: 0.2ms | GC: 0.0ms)
  Rendered layout layouts/application.html.erb (Duration: 4.4ms | GC: 0.0ms)
Completed 200 OK in 6ms (Views: 4.1ms | ActiveRecord: 0.7ms (2 queries, 0 cached) | GC: 0.0ms)


Started GET "/task-details" for 127.0.0.1 at 2026-08-30 03:09:49 +0500
Processing by TasksController#details as HTML
  Rendering layout layouts/application.html.erb
  Rendering tasks/details.html.erb within layouts/application
  Rendered tasks/details.html.erb within layouts/application (Duration: 0.5ms | GC: 0.0ms)
  Rendered shared/_navbar.html.erb (Duration: 0.2ms | GC: 0.0ms)
  Rendered layout layouts/application.html.erb (Duration: 2.0ms | GC: 0.1ms)
Completed 200 OK in 4ms (Views: 2.5ms | ActiveRecord: 0.0ms (0 queries, 0 cached) | GC: 0.1ms)


Started GET "/tasks" for 127.0.0.1 at 2026-08-30 03:09:50 +0500
Processing by TasksController#index as HTML
  Rendering layout layouts/application.html.erb
  Rendering tasks/index.html.erb within layouts/application
  [1m[36mTask Exists? (0.4ms)[0m  [1m[34mSELECT 1 AS one FROM "tasks" LIMIT 1 /*action='index',application='TaskManagementApp',controller='tasks'*/[0m
  ↳ app/views/tasks/index.html.erb:4
  [1m[36mTask Load (0.3ms)[0m  [1m[34mSELECT "tasks".* FROM "tasks" /*action='index',application='TaskManagementApp',controller='tasks'*/[0m
  ↳ app/views/tasks/_task.html.erb:13
  Rendered tasks/_task.html.erb (Duration: 1.5ms | GC: 0.0ms)
  Rendered tasks/index.html.erb within layouts/application (Duration: 3.2ms | GC: 0.0ms)
  Rendered shared/_navbar.html.erb (Duration: 0.2ms | GC: 0.0ms)
  Rendered layout layouts/application.html.erb (Duration: 4.6ms | GC: 0.0ms)
Completed 200 OK in 6ms (Views: 4.4ms | ActiveRecord: 0.7ms (2 queries, 0 cached) | GC: 0.0ms)


Started GET "/" for 127.0.0.1 at 2026-08-30 03:09:51 +0500
Processing by HomeController#index as HTML
  Rendering layout layouts/application.html.erb
  Rendering home/index.html.erb within layouts/application
  Rendered home/index.html.erb within layouts/application (Duration: 0.4ms | GC: 0.0ms)
  Rendered shared/_navbar.html.erb (Duration: 0.2ms | GC: 0.0ms)
  Rendered layout layouts/application.html.erb (Duration: 1.9ms | GC: 0.0ms)
Completed 200 OK in 5ms (Views: 3.2ms | ActiveRecord: 0.0ms (0 queries, 0 cached) | GC: 0.0ms)


Started GET "/" for 127.0.0.1 at 2026-08-30 03:09:52 +0500
Processing by HomeController#index as HTML
  Rendering layout layouts/application.html.erb
  Rendering home/index.html.erb within layouts/application
  Rendered home/index.html.erb within layouts/application (Duration: 0.3ms | GC: 0.0ms)
  Rendered shared/_navbar.html.erb (Duration: 0.2ms | GC: 0.0ms)
  Rendered layout layouts/application.html.erb (Duration: 2.1ms | GC: 0.0ms)
Completed 200 OK in 5ms (Views: 3.0ms | ActiveRecord: 0.0ms (0 queries, 0 cached) | GC: 0.0ms)


Started GET "/tasks" for 127.0.0.1 at 2026-08-30 03:09:53 +0500
Processing by TasksController#index as HTML
  Rendering layout layouts/application.html.erb
  Rendering tasks/index.html.erb within layouts/application
  [1m[36mTask Exists? (0.3ms)[0m  [1m[34mSELECT 1 AS one FROM "tasks" LIMIT 1 /*action='index',application='TaskManagementApp',controller='tasks'*/[0m
  ↳ app/views/tasks/index.html.erb:4
  [1m[36mTask Load (0.2ms)[0m  [1m[34mSELECT "tasks".* FROM "tasks" /*action='index',application='TaskManagementApp',controller='tasks'*/[0m
  ↳ app/views/tasks/_task.html.erb:13
  Rendered tasks/_task.html.erb (Duration: 1.2ms | GC: 0.0ms)
  Rendered tasks/index.html.erb within layouts/application (Duration: 2.6ms | GC: 0.0ms)
  Rendered shared/_navbar.html.erb (Duration: 0.2ms | GC: 0.0ms)
  Rendered layout layouts/application.html.erb (Duration: 3.9ms | GC: 0.0ms)
Completed 200 OK in 6ms (Views: 3.8ms | ActiveRecord: 0.5ms (2 queries, 0 cached) | GC: 0.0ms)


Started GET "/task-details" for 127.0.0.1 at 2026-08-30 03:09:54 +0500
Processing by TasksController#details as HTML
  Rendering layout layouts/application.html.erb
  Rendering tasks/details.html.erb within layouts/application
  Rendered tasks/details.html.erb within layouts/application (Duration: 0.4ms | GC: 0.0ms)
  Rendered shared/_navbar.html.erb (Duration: 0.2ms | GC: 0.0ms)
  Rendered layout layouts/application.html.erb (Duration: 1.7ms | GC: 0.0ms)
Completed 200 OK in 3ms (Views: 2.1ms | ActiveRecord: 0.0ms (0 queries, 0 cached) | GC: 0.0ms)


Started GET "/tasks/new" for 127.0.0.1 at 2026-08-30 03:09:55 +0500
Processing by TasksController#new as HTML
  Rendering layout layouts/application.html.erb
  Rendering tasks/new.html.erb within layouts/application
  Rendered tasks/new.html.erb within layouts/application (Duration: 1.3ms | GC: 0.0ms)
  Rendered shared/_navbar.html.erb (Duration: 0.2ms | GC: 0.0ms)
  Rendered layout layouts/application.html.erb (Duration: 2.4ms | GC: 0.0ms)
Completed 200 OK in 4ms (Views: 3.1ms | ActiveRecord: 0.0ms (0 queries, 0 cached) | GC: 0.0ms)


Started GET "/task-details" for 127.0.0.1 at 2026-08-30 03:10:29 +0500
Processing by TasksController#details as HTML
  Rendering layout layouts/application.html.erb
  Rendering tasks/details.html.erb within layouts/application
  Rendered tasks/details.html.erb within layouts/application (Duration: 1.0ms | GC: 0.0ms)
  Rendered shared/_navbar.html.erb (Duration: 0.5ms | GC: 0.0ms)
  Rendered layout layouts/application.html.erb (Duration: 5.6ms | GC: 0.0ms)
Completed 200 OK in 11ms (Views: 7.5ms | ActiveRecord: 0.0ms (0 queries, 0 cached) | GC: 0.0ms)


Started GET "/task-details" for 127.0.0.1 at 2026-08-30 03:10:31 +0500
Processing by TasksController#details as HTML
  Rendering layout layouts/application.html.erb
  Rendering tasks/details.html.erb within layouts/application
  Rendered tasks/details.html.erb within layouts/application (Duration: 0.4ms | GC: 0.0ms)
  Rendered shared/_navbar.html.erb (Duration: 0.2ms | GC: 0.0ms)
  Rendered layout layouts/application.html.erb (Duration: 2.0ms | GC: 0.0ms)
Completed 200 OK in 4ms (Views: 2.6ms | ActiveRecord: 0.0ms (0 queries, 0 cached) | GC: 0.0ms)


Started GET "/tasks" for 127.0.0.1 at 2026-08-30 03:10:32 +0500
Processing by TasksController#index as HTML
  Rendering layout layouts/application.html.erb
  Rendering tasks/index.html.erb within layouts/application
  [1m[36mTask Exists? (0.3ms)[0m  [1m[34mSELECT 1 AS one FROM "tasks" LIMIT 1 /*action='index',application='TaskManagementApp',controller='tasks'*/[0m
  ↳ app/views/tasks/index.html.erb:4
  [1m[36mTask Load (0.2ms)[0m  [1m[34mSELECT "tasks".* FROM "tasks" /*action='index',application='TaskManagementApp',controller='tasks'*/[0m
  ↳ app/views/tasks/_task.html.erb:13
  Rendered tasks/_task.html.erb (Duration: 7.0ms | GC: 0.7ms)
  Rendered tasks/index.html.erb within layouts/application (Duration: 13.4ms | GC: 0.7ms)
  Rendered shared/_navbar.html.erb (Duration: 0.2ms | GC: 0.0ms)
  Rendered layout layouts/application.html.erb (Duration: 14.8ms | GC: 0.7ms)
Completed 200 OK in 23ms (Views: 10.2ms | ActiveRecord: 5.2ms (2 queries, 0 cached) | GC: 4.9ms)


Started GET "/tasks" for 127.0.0.1 at 2026-08-30 03:10:33 +0500
Processing by TasksController#index as HTML
  Rendering layout layouts/application.html.erb
  Rendering tasks/index.html.erb within layouts/application
  [1m[36mTask Exists? (0.4ms)[0m  [1m[34mSELECT 1 AS one FROM "tasks" LIMIT 1 /*action='index',application='TaskManagementApp',controller='tasks'*/[0m
  ↳ app/views/tasks/index.html.erb:4
  [1m[36mTask Load (0.3ms)[0m  [1m[34mSELECT "tasks".* FROM "tasks" /*action='index',application='TaskManagementApp',controller='tasks'*/[0m
  ↳ app/views/tasks/_task.html.erb:13
  Rendered tasks/_task.html.erb (Duration: 1.7ms | GC: 0.0ms)
  Rendered tasks/index.html.erb within layouts/application (Duration: 4.0ms | GC: 0.0ms)
  Rendered shared/_navbar.html.erb (Duration: 0.2ms | GC: 0.0ms)
  Rendered layout layouts/application.html.erb (Duration: 6.3ms | GC: 0.6ms)
Completed 200 OK in 9ms (Views: 6.2ms | ActiveRecord: 0.7ms (2 queries, 0 cached) | GC: 0.6ms)


Started GET "/task-details" for 127.0.0.1 at 2026-08-30 03:10:34 +0500
Processing by TasksController#details as HTML
  Rendering layout layouts/application.html.erb
  Rendering tasks/details.html.erb within layouts/application
  Rendered tasks/details.html.erb within layouts/application (Duration: 0.5ms | GC: 0.0ms)
  Rendered shared/_navbar.html.erb (Duration: 0.2ms | GC: 0.0ms)
  Rendered layout layouts/application.html.erb (Duration: 1.8ms | GC: 0.0ms)
Completed 200 OK in 4ms (Views: 2.3ms | ActiveRecord: 0.0ms (0 queries, 0 cached) | GC: 0.0ms)


Started GET "/task-details?query=task1&commit=Search" for 127.0.0.1 at 2026-08-30 03:10:36 +0500
Processing by TasksController#details as HTML
  Parameters: {"query" => "task1", "commit" => "Search"}
  [1m[36mTask Load (0.4ms)[0m  [1m[34mSELECT "tasks".* FROM "tasks" WHERE "tasks"."tittle" = 'task1' LIMIT 1 /*action='details',application='TaskManagementApp',controller='tasks'*/[0m
  ↳ app/controllers/tasks_controller.rb:14:in 'TasksController#details'
  Rendering layout layouts/application.html.erb
  Rendering tasks/details.html.erb within layouts/application
  Rendered tasks/details.html.erb within layouts/application (Duration: 0.5ms | GC: 0.0ms)
  Rendered shared/_navbar.html.erb (Duration: 0.2ms | GC: 0.0ms)
  Rendered layout layouts/application.html.erb (Duration: 1.9ms | GC: 0.0ms)
Completed 200 OK in 6ms (Views: 2.4ms | ActiveRecord: 0.4ms (1 query, 0 cached) | GC: 0.0ms)


Started GET "/" for 127.0.0.1 at 2026-08-30 03:10:41 +0500
Processing by HomeController#index as HTML
  Rendering layout layouts/application.html.erb
  Rendering home/index.html.erb within layouts/application
  Rendered home/index.html.erb within layouts/application (Duration: 0.4ms | GC: 0.0ms)
  Rendered shared/_navbar.html.erb (Duration: 0.2ms | GC: 0.0ms)
  Rendered layout layouts/application.html.erb (Duration: 1.7ms | GC: 0.0ms)
Completed 200 OK in 5ms (Views: 3.0ms | ActiveRecord: 0.0ms (0 queries, 0 cached) | GC: 0.0ms)


Started GET "/" for 127.0.0.1 at 2026-08-30 03:10:42 +0500
Processing by HomeController#index as HTML
  Rendering layout layouts/application.html.erb
  Rendering home/index.html.erb within layouts/application
  Rendered home/index.html.erb within layouts/application (Duration: 0.2ms | GC: 0.0ms)
  Rendered shared/_navbar.html.erb (Duration: 0.2ms | GC: 0.0ms)
  Rendered layout layouts/application.html.erb (Duration: 3.0ms | GC: 0.7ms)
Completed 200 OK in 6ms (Views: 3.9ms | ActiveRecord: 0.0ms (0 queries, 0 cached) | GC: 0.7ms)


Started GET "/tasks" for 127.0.0.1 at 2026-08-30 03:10:43 +0500
Processing by TasksController#index as HTML
  Rendering layout layouts/application.html.erb
  Rendering tasks/index.html.erb within layouts/application
  [1m[36mTask Exists? (0.3ms)[0m  [1m[34mSELECT 1 AS one FROM "tasks" LIMIT 1 /*action='index',application='TaskManagementApp',controller='tasks'*/[0m
  ↳ app/views/tasks/index.html.erb:4
  [1m[36mTask Load (0.2ms)[0m  [1m[34mSELECT "tasks".* FROM "tasks" /*action='index',application='TaskManagementApp',controller='tasks'*/[0m
  ↳ app/views/tasks/_task.html.erb:13
  Rendered tasks/_task.html.erb (Duration: 1.3ms | GC: 0.0ms)
  Rendered tasks/index.html.erb within layouts/application (Duration: 2.7ms | GC: 0.0ms)
  Rendered shared/_navbar.html.erb (Duration: 0.2ms | GC: 0.0ms)
  Rendered layout layouts/application.html.erb (Duration: 4.1ms | GC: 0.0ms)
Completed 200 OK in 6ms (Views: 4.0ms | ActiveRecord: 0.5ms (2 queries, 0 cached) | GC: 0.0ms)


Started GET "/" for 127.0.0.1 at 2026-08-30 03:10:44 +0500
Processing by HomeController#index as HTML
  Rendering layout layouts/application.html.erb
  Rendering home/index.html.erb within layouts/application
  Rendered home/index.html.erb within layouts/application (Duration: 0.2ms | GC: 0.0ms)
  Rendered shared/_navbar.html.erb (Duration: 0.3ms | GC: 0.0ms)
  Rendered layout layouts/application.html.erb (Duration: 2.2ms | GC: 0.0ms)
Completed 200 OK in 5ms (Views: 2.8ms | ActiveRecord: 0.0ms (0 queries, 0 cached) | GC: 0.5ms)


Started GET "/" for 127.0.0.1 at 2026-08-30 03:11:01 +0500
Processing by HomeController#index as HTML
  Rendering layout layouts/application.html.erb
  Rendering home/index.html.erb within layouts/application
  Rendered home/index.html.erb within layouts/application (Duration: 0.5ms | GC: 0.0ms)
  Rendered shared/_navbar.html.erb (Duration: 0.6ms | GC: 0.0ms)
  Rendered layout layouts/application.html.erb (Duration: 5.5ms | GC: 0.0ms)
Completed 200 OK in 10ms (Views: 8.1ms | ActiveRecord: 0.0ms (0 queries, 0 cached) | GC: 0.3ms)


Started GET "/task-details" for 127.0.0.1 at 2026-08-30 03:11:01 +0500
Processing by TasksController#details as HTML
  Rendering layout layouts/application.html.erb
  Rendering tasks/details.html.erb within layouts/application
  Rendered tasks/details.html.erb within layouts/application (Duration: 1.1ms | GC: 0.0ms)
  Rendered shared/_navbar.html.erb (Duration: 0.2ms | GC: 0.0ms)
  Rendered layout layouts/application.html.erb (Duration: 2.4ms | GC: 0.0ms)
Completed 200 OK in 5ms (Views: 3.6ms | ActiveRecord: 0.0ms (0 queries, 0 cached) | GC: 0.0ms)


Started GET "/task-details?query=task1&commit=Search" for 127.0.0.1 at 2026-08-30 03:11:04 +0500
Processing by TasksController#details as HTML
  Parameters: {"query" => "task1", "commit" => "Search"}
  [1m[36mTask Load (0.3ms)[0m  [1m[34mSELECT "tasks".* FROM "tasks" WHERE "tasks"."tittle" = 'task1' LIMIT 1 /*action='details',application='TaskManagementApp',controller='tasks'*/[0m
  ↳ app/controllers/tasks_controller.rb:14:in 'TasksController#details'
  Rendering layout layouts/application.html.erb
  Rendering tasks/details.html.erb within layouts/application
  Rendered tasks/details.html.erb within layouts/application (Duration: 0.6ms | GC: 0.0ms)
  Rendered shared/_navbar.html.erb (Duration: 0.2ms | GC: 0.0ms)
  Rendered layout layouts/application.html.erb (Duration: 2.2ms | GC: 0.0ms)
Completed 200 OK in 15ms (Views: 2.7ms | ActiveRecord: 2.6ms (1 query, 0 cached) | GC: 0.5ms)


Started GET "/task-details?query=task1&commit=Search" for 127.0.0.1 at 2026-08-30 03:13:15 +0500
Processing by TasksController#details as HTML
  Parameters: {"query" => "task1", "commit" => "Search"}
  [1m[36mTask Load (0.3ms)[0m  [1m[34mSELECT "tasks".* FROM "tasks" WHERE "tasks"."tittle" = 'task1' LIMIT 1 /*action='details',application='TaskManagementApp',controller='tasks'*/[0m
  ↳ app/controllers/tasks_controller.rb:14:in 'TasksController#details'
  Rendering layout layouts/application.html.erb
  Rendering tasks/details.html.erb within layouts/application
  Rendered tasks/details.html.erb within layouts/application (Duration: 2.1ms | GC: 0.7ms)
  Rendered shared/_navbar.html.erb (Duration: 1.3ms | GC: 0.4ms)
  Rendered layout layouts/application.html.erb (Duration: 12.1ms | GC: 5.3ms)
Completed 200 OK in 34ms (Views: 15.7ms | ActiveRecord: 2.7ms (1 query, 0 cached) | GC: 11.1ms)


Started GET "/" for 127.0.0.1 at 2026-08-30 03:13:18 +0500
Processing by HomeController#index as HTML
  Rendering layout layouts/application.html.erb
  Rendering home/index.html.erb within layouts/application
  Rendered home/index.html.erb within layouts/application (Duration: 0.6ms | GC: 0.0ms)
  Rendered shared/_navbar.html.erb (Duration: 0.6ms | GC: 0.4ms)
  Rendered layout layouts/application.html.erb (Duration: 3.9ms | GC: 1.4ms)
Completed 200 OK in 8ms (Views: 5.3ms | ActiveRecord: 0.0ms (0 queries, 0 cached) | GC: 2.1ms)


Started GET "/" for 127.0.0.1 at 2026-08-30 03:13:19 +0500
Processing by HomeController#index as HTML
  Rendering layout layouts/application.html.erb
  Rendering home/index.html.erb within layouts/application
  Rendered home/index.html.erb within layouts/application (Duration: 0.2ms | GC: 0.0ms)
  Rendered shared/_navbar.html.erb (Duration: 0.4ms | GC: 0.0ms)
  Rendered layout layouts/application.html.erb (Duration: 4.1ms | GC: 1.6ms)
Completed 200 OK in 8ms (Views: 4.6ms | ActiveRecord: 0.0ms (0 queries, 0 cached) | GC: 2.1ms)


Started GET "/" for 127.0.0.1 at 2026-08-30 03:13:20 +0500
Processing by HomeController#index as HTML
  Rendering layout layouts/application.html.erb
  Rendering home/index.html.erb within layouts/application
  Rendered home/index.html.erb within layouts/application (Duration: 0.1ms | GC: 0.0ms)
  Rendered shared/_navbar.html.erb (Duration: 0.2ms | GC: 0.0ms)
  Rendered layout layouts/application.html.erb (Duration: 1.9ms | GC: 0.3ms)
Completed 200 OK in 5ms (Views: 3.3ms | ActiveRecord: 0.0ms (0 queries, 0 cached) | GC: 1.0ms)


Started GET "/tasks" for 127.0.0.1 at 2026-08-30 03:13:21 +0500
Processing by TasksController#index as HTML
  Rendering layout layouts/application.html.erb
  Rendering tasks/index.html.erb within layouts/application
  [1m[36mTask Exists? (0.3ms)[0m  [1m[34mSELECT 1 AS one FROM "tasks" LIMIT 1 /*action='index',application='TaskManagementApp',controller='tasks'*/[0m
  ↳ app/views/tasks/index.html.erb:4
  [1m[36mTask Load (0.3ms)[0m  [1m[34mSELECT "tasks".* FROM "tasks" /*action='index',application='TaskManagementApp',controller='tasks'*/[0m
  ↳ app/views/tasks/_task.html.erb:13
  Rendered tasks/_task.html.erb (Duration: 2.7ms | GC: 0.8ms)
  Rendered tasks/index.html.erb within layouts/application (Duration: 6.6ms | GC: 2.0ms)
  Rendered shared/_navbar.html.erb (Duration: 0.7ms | GC: 0.4ms)
  Rendered layout layouts/application.html.erb (Duration: 9.3ms | GC: 3.3ms)
Completed 200 OK in 12ms (Views: 9.1ms | ActiveRecord: 0.7ms (2 queries, 0 cached) | GC: 3.6ms)


Started GET "/tasks" for 127.0.0.1 at 2026-08-30 03:13:48 +0500
Processing by TasksController#index as HTML
  Rendering layout layouts/application.html.erb
  Rendering tasks/index.html.erb within layouts/application
  [1m[36mTask Exists? (0.2ms)[0m  [1m[34mSELECT 1 AS one FROM "tasks" LIMIT 1 /*action='index',application='TaskManagementApp',controller='tasks'*/[0m
  ↳ app/views/tasks/index.html.erb:4
  [1m[36mTask Load (0.5ms)[0m  [1m[34mSELECT "tasks".* FROM "tasks" /*action='index',application='TaskManagementApp',controller='tasks'*/[0m
  ↳ app/views/tasks/_task.html.erb:13
  Rendered tasks/_task.html.erb (Duration: 7.3ms | GC: 0.8ms)
  Rendered tasks/index.html.erb within layouts/application (Duration: 11.4ms | GC: 0.8ms)
  Rendered shared/_navbar.html.erb (Duration: 0.6ms | GC: 0.0ms)
  Rendered layout layouts/application.html.erb (Duration: 17.3ms | GC: 1.6ms)
Completed 200 OK in 25ms (Views: 16.5ms | ActiveRecord: 2.9ms (2 queries, 0 cached) | GC: 2.3ms)


Started GET "/task-details" for 127.0.0.1 at 2026-08-30 03:13:49 +0500
Processing by TasksController#details as HTML
  Rendering layout layouts/application.html.erb
  Rendering tasks/details.html.erb within layouts/application
  Rendered tasks/details.html.erb within layouts/application (Duration: 1.0ms | GC: 0.0ms)
  Rendered shared/_navbar.html.erb (Duration: 0.1ms | GC: 0.0ms)
  Rendered layout layouts/application.html.erb (Duration: 2.9ms | GC: 0.7ms)
Completed 200 OK in 6ms (Views: 3.4ms | ActiveRecord: 0.0ms (0 queries, 0 cached) | GC: 0.7ms)


Started GET "/task-details?query=task1&commit=Search" for 127.0.0.1 at 2026-08-30 03:13:53 +0500
Processing by TasksController#details as HTML
  Parameters: {"query" => "task1", "commit" => "Search"}
  [1m[36mTask Load (0.4ms)[0m  [1m[34mSELECT "tasks".* FROM "tasks" WHERE "tasks"."tittle" = 'task1' LIMIT 1 /*action='details',application='TaskManagementApp',controller='tasks'*/[0m
  ↳ app/controllers/tasks_controller.rb:14:in 'TasksController#details'
  Rendering layout layouts/application.html.erb
  Rendering tasks/details.html.erb within layouts/application
  Rendered tasks/details.html.erb within layouts/application (Duration: 0.6ms | GC: 0.0ms)
  Rendered shared/_navbar.html.erb (Duration: 0.2ms | GC: 0.0ms)
  Rendered layout layouts/application.html.erb (Duration: 2.0ms | GC: 0.0ms)
Completed 200 OK in 6ms (Views: 2.5ms | ActiveRecord: 0.4ms (1 query, 0 cached) | GC: 0.0ms)


Started GET "/tasks" for 127.0.0.1 at 2026-08-30 03:13:54 +0500
Processing by TasksController#index as HTML
  Rendering layout layouts/application.html.erb
  Rendering tasks/index.html.erb within layouts/application
  [1m[36mTask Exists? (0.3ms)[0m  [1m[34mSELECT 1 AS one FROM "tasks" LIMIT 1 /*action='index',application='TaskManagementApp',controller='tasks'*/[0m
  ↳ app/views/tasks/index.html.erb:4
  [1m[36mTask Load (0.2ms)[0m  [1m[34mSELECT "tasks".* FROM "tasks" /*action='index',application='TaskManagementApp',controller='tasks'*/[0m
  ↳ app/views/tasks/_task.html.erb:13
  Rendered tasks/_task.html.erb (Duration: 1.3ms | GC: 0.0ms)
  Rendered tasks/index.html.erb within layouts/application (Duration: 2.7ms | GC: 0.0ms)
  Rendered shared/_navbar.html.erb (Duration: 0.2ms | GC: 0.0ms)
  Rendered layout layouts/application.html.erb (Duration: 4.0ms | GC: 0.0ms)
Completed 200 OK in 6ms (Views: 3.9ms | ActiveRecord: 0.5ms (2 queries, 0 cached) | GC: 0.0ms)


Started GET "/" for 127.0.0.1 at 2026-08-30 03:13:54 +0500
Processing by HomeController#index as HTML
  Rendering layout layouts/application.html.erb
  Rendering home/index.html.erb within layouts/application
  Rendered home/index.html.erb within layouts/application (Duration: 0.5ms | GC: 0.0ms)
  Rendered shared/_navbar.html.erb (Duration: 0.2ms | GC: 0.0ms)
  Rendered layout layouts/application.html.erb (Duration: 1.9ms | GC: 0.0ms)
Completed 200 OK in 5ms (Views: 3.0ms | ActiveRecord: 0.0ms (0 queries, 0 cached) | GC: 0.0ms)


Started GET "/" for 127.0.0.1 at 2026-08-30 03:15:36 +0500
Processing by HomeController#index as HTML
  Rendering layout layouts/application.html.erb
  Rendering home/index.html.erb within layouts/application
  Rendered home/index.html.erb within layouts/application (Duration: 0.8ms | GC: 0.0ms)
  Rendered shared/_navbar.html.erb (Duration: 0.8ms | GC: 0.0ms)
  Rendered layout layouts/application.html.erb (Duration: 8.1ms | GC: 0.0ms)
Completed 200 OK in 14ms (Views: 11.0ms | ActiveRecord: 0.0ms (0 queries, 0 cached) | GC: 0.0ms)


Started GET "/task-details" for 127.0.0.1 at 2026-08-30 03:15:37 +0500
Processing by TasksController#details as HTML
  Rendering layout layouts/application.html.erb
  Rendering tasks/details.html.erb within layouts/application
  Rendered tasks/details.html.erb within layouts/application (Duration: 1.6ms | GC: 0.0ms)
  Rendered shared/_navbar.html.erb (Duration: 0.2ms | GC: 0.0ms)
  Rendered layout layouts/application.html.erb (Duration: 5.2ms | GC: 0.0ms)
Completed 200 OK in 11ms (Views: 7.2ms | ActiveRecord: 0.0ms (0 queries, 0 cached) | GC: 0.0ms)


Started GET "/task-details?query=task1&commit=Search" for 127.0.0.1 at 2026-08-30 03:15:40 +0500
Processing by TasksController#details as HTML
  Parameters: {"query" => "task1", "commit" => "Search"}
  [1m[36mTask Load (0.4ms)[0m  [1m[34mSELECT "tasks".* FROM "tasks" WHERE "tasks"."tittle" = 'task1' LIMIT 1 /*action='details',application='TaskManagementApp',controller='tasks'*/[0m
  ↳ app/controllers/tasks_controller.rb:14:in 'TasksController#details'
  Rendering layout layouts/application.html.erb
  Rendering tasks/details.html.erb within layouts/application
  Rendered tasks/details.html.erb within layouts/application (Duration: 1.0ms | GC: 0.3ms)
  Rendered shared/_navbar.html.erb (Duration: 0.2ms | GC: 0.0ms)
  Rendered layout layouts/application.html.erb (Duration: 3.1ms | GC: 0.3ms)
Completed 200 OK in 15ms (Views: 3.7ms | ActiveRecord: 2.6ms (1 query, 0 cached) | GC: 0.3ms)


Started GET "/" for 127.0.0.1 at 2026-08-30 03:15:41 +0500
Processing by HomeController#index as HTML
  Rendering layout layouts/application.html.erb
  Rendering home/index.html.erb within layouts/application
  Rendered home/index.html.erb within layouts/application (Duration: 0.1ms | GC: 0.0ms)
  Rendered shared/_navbar.html.erb (Duration: 0.2ms | GC: 0.0ms)
  Rendered layout layouts/application.html.erb (Duration: 1.4ms | GC: 0.0ms)
Completed 200 OK in 3ms (Views: 1.9ms | ActiveRecord: 0.0ms (0 queries, 0 cached) | GC: 0.0ms)


Started GET "/task-details" for 127.0.0.1 at 2026-08-30 03:16:09 +0500
Processing by TasksController#details as HTML
  Rendering layout layouts/application.html.erb
  Rendering tasks/details.html.erb within layouts/application
  Rendered tasks/details.html.erb within layouts/application (Duration: 1.2ms | GC: 0.0ms)
  Rendered shared/_navbar.html.erb (Duration: 0.5ms | GC: 0.0ms)
  Rendered layout layouts/application.html.erb (Duration: 5.1ms | GC: 0.0ms)
Completed 200 OK in 9ms (Views: 7.2ms | ActiveRecord: 0.0ms (0 queries, 0 cached) | GC: 0.0ms)


Started GET "/task-details?query=vfv&commit=Search" for 127.0.0.1 at 2026-08-30 03:16:11 +0500
Processing by TasksController#details as HTML
  Parameters: {"query" => "vfv", "commit" => "Search"}
  [1m[36mTask Load (0.5ms)[0m  [1m[34mSELECT "tasks".* FROM "tasks" WHERE "tasks"."tittle" = 'vfv' LIMIT 1 /*action='details',application='TaskManagementApp',controller='tasks'*/[0m
  ↳ app/controllers/tasks_controller.rb:10:in 'TasksController#details'
  Rendering layout layouts/application.html.erb
  Rendering tasks/details.html.erb within layouts/application
  Rendered tasks/details.html.erb within layouts/application (Duration: 0.5ms | GC: 0.0ms)
  Rendered shared/_navbar.html.erb (Duration: 0.1ms | GC: 0.0ms)
  Rendered layout layouts/application.html.erb (Duration: 1.8ms | GC: 0.0ms)
Completed 200 OK in 10ms (Views: 2.4ms | ActiveRecord: 1.7ms (1 query, 0 cached) | GC: 0.0ms)


Started GET "/" for 127.0.0.1 at 2026-08-30 03:16:12 +0500
Processing by HomeController#index as HTML
  Rendering layout layouts/application.html.erb
  Rendering home/index.html.erb within layouts/application
  Rendered home/index.html.erb within layouts/application (Duration: 0.5ms | GC: 0.0ms)
  Rendered shared/_navbar.html.erb (Duration: 0.2ms | GC: 0.0ms)
  Rendered layout layouts/application.html.erb (Duration: 2.0ms | GC: 0.0ms)
Completed 200 OK in 5ms (Views: 3.2ms | ActiveRecord: 0.0ms (0 queries, 0 cached) | GC: 0.0ms)


Started GET "/" for 127.0.0.1 at 2026-08-30 03:16:12 +0500
Processing by HomeController#index as HTML
  Rendering layout layouts/application.html.erb
  Rendering home/index.html.erb within layouts/application
  Rendered home/index.html.erb within layouts/application (Duration: 0.1ms | GC: 0.0ms)
  Rendered shared/_navbar.html.erb (Duration: 0.1ms | GC: 0.0ms)
  Rendered layout layouts/application.html.erb (Duration: 1.4ms | GC: 0.0ms)
Completed 200 OK in 3ms (Views: 2.0ms | ActiveRecord: 0.0ms (0 queries, 0 cached) | GC: 0.0ms)


Started GET "/tasks" for 127.0.0.1 at 2026-08-30 03:16:13 +0500
Processing by TasksController#index as HTML
  Rendering layout layouts/application.html.erb
  Rendering tasks/index.html.erb within layouts/application
  [1m[36mTask Exists? (0.4ms)[0m  [1m[34mSELECT 1 AS one FROM "tasks" LIMIT 1 /*action='index',application='TaskManagementApp',controller='tasks'*/[0m
  ↳ app/views/tasks/index.html.erb:4
  [1m[36mTask Load (0.3ms)[0m  [1m[34mSELECT "tasks".* FROM "tasks" /*action='index',application='TaskManagementApp',controller='tasks'*/[0m
  ↳ app/views/tasks/_task.html.erb:13
  Rendered tasks/_task.html.erb (Duration: 5.6ms | GC: 0.0ms)
  Rendered tasks/index.html.erb within layouts/application (Duration: 8.2ms | GC: 0.0ms)
  Rendered shared/_navbar.html.erb (Duration: 0.3ms | GC: 0.0ms)
  Rendered layout layouts/application.html.erb (Duration: 9.8ms | GC: 0.0ms)
Completed 200 OK in 12ms (Views: 8.5ms | ActiveRecord: 1.7ms (2 queries, 0 cached) | GC: 0.0ms)


Started GET "/tasks" for 127.0.0.1 at 2026-08-30 03:16:58 +0500
Processing by TasksController#index as HTML
  Rendering layout layouts/application.html.erb
  Rendering tasks/index.html.erb within layouts/application
  [1m[36mTask Exists? (0.4ms)[0m  [1m[34mSELECT 1 AS one FROM "tasks" LIMIT 1 /*action='index',application='TaskManagementApp',controller='tasks'*/[0m
  ↳ app/views/tasks/index.html.erb:4
  [1m[36mTask Load (0.4ms)[0m  [1m[34mSELECT "tasks".* FROM "tasks" /*action='index',application='TaskManagementApp',controller='tasks'*/[0m
  ↳ app/views/tasks/_task.html.erb:13
  Rendered tasks/_task.html.erb (Duration: 8.4ms | GC: 0.7ms)
  Rendered tasks/index.html.erb within layouts/application (Duration: 14.9ms | GC: 0.7ms)
  Rendered shared/_navbar.html.erb (Duration: 0.7ms | GC: 0.0ms)
  Rendered layout layouts/application.html.erb (Duration: 20.7ms | GC: 0.7ms)
Completed 200 OK in 29ms (Views: 18.9ms | ActiveRecord: 4.4ms (2 queries, 0 cached) | GC: 1.3ms)


Started GET "/" for 127.0.0.1 at 2026-08-30 03:17:45 +0500
Processing by HomeController#index as HTML
  Rendering layout layouts/application.html.erb
  Rendering home/index.html.erb within layouts/application
  Rendered home/index.html.erb within layouts/application (Duration: 0.4ms | GC: 0.0ms)
  Rendered shared/_navbar.html.erb (Duration: 0.1ms | GC: 0.0ms)
  Rendered layout layouts/application.html.erb (Duration: 1.7ms | GC: 0.0ms)
Completed 200 OK in 5ms (Views: 3.8ms | ActiveRecord: 0.0ms (0 queries, 0 cached) | GC: 0.7ms)


Started GET "/" for 127.0.0.1 at 2026-08-30 03:17:46 +0500
Processing by HomeController#index as HTML
  Rendering layout layouts/application.html.erb
  Rendering home/index.html.erb within layouts/application
  Rendered home/index.html.erb within layouts/application (Duration: 0.2ms | GC: 0.0ms)
  Rendered shared/_navbar.html.erb (Duration: 0.2ms | GC: 0.0ms)
  Rendered layout layouts/application.html.erb (Duration: 1.7ms | GC: 0.0ms)
Completed 200 OK in 3ms (Views: 2.2ms | ActiveRecord: 0.0ms (0 queries, 0 cached) | GC: 0.0ms)


Started GET "/" for 127.0.0.1 at 2026-08-30 03:17:47 +0500
Processing by HomeController#index as HTML
  Rendering layout layouts/application.html.erb
  Rendering home/index.html.erb within layouts/application
  Rendered home/index.html.erb within layouts/application (Duration: 0.1ms | GC: 0.0ms)
  Rendered shared/_navbar.html.erb (Duration: 0.2ms | GC: 0.0ms)
  Rendered layout layouts/application.html.erb (Duration: 1.4ms | GC: 0.0ms)
Completed 200 OK in 3ms (Views: 1.9ms | ActiveRecord: 0.0ms (0 queries, 0 cached) | GC: 0.0ms)


Started GET "/" for 127.0.0.1 at 2026-08-30 03:17:48 +0500
Processing by HomeController#index as HTML
  Rendering layout layouts/application.html.erb
  Rendering home/index.html.erb within layouts/application
  Rendered home/index.html.erb within layouts/application (Duration: 0.2ms | GC: 0.0ms)
  Rendered shared/_navbar.html.erb (Duration: 0.5ms | GC: 0.0ms)
  Rendered layout layouts/application.html.erb (Duration: 3.0ms | GC: 0.5ms)
Completed 200 OK in 7ms (Views: 3.9ms | ActiveRecord: 0.0ms (0 queries, 0 cached) | GC: 0.5ms)


Started GET "/tasks" for 127.0.0.1 at 2026-08-30 03:17:48 +0500
Processing by TasksController#index as HTML
  Rendering layout layouts/application.html.erb
  Rendering tasks/index.html.erb within layouts/application
  [1m[36mTask Exists? (0.3ms)[0m  [1m[34mSELECT 1 AS one FROM "tasks" LIMIT 1 /*action='index',application='TaskManagementApp',controller='tasks'*/[0m
  ↳ app/views/tasks/index.html.erb:4
  [1m[36mTask Load (0.2ms)[0m  [1m[34mSELECT "tasks".* FROM "tasks" /*action='index',application='TaskManagementApp',controller='tasks'*/[0m
  ↳ app/views/tasks/_task.html.erb:13
  Rendered tasks/_task.html.erb (Duration: 1.4ms | GC: 0.0ms)
  Rendered tasks/index.html.erb within layouts/application (Duration: 2.9ms | GC: 0.0ms)
  Rendered shared/_navbar.html.erb (Duration: 0.2ms | GC: 0.0ms)
  Rendered layout layouts/application.html.erb (Duration: 4.2ms | GC: 0.0ms)
Completed 200 OK in 6ms (Views: 4.1ms | ActiveRecord: 0.5ms (2 queries, 0 cached) | GC: 0.0ms)


Started GET "/task-details" for 127.0.0.1 at 2026-08-30 03:17:49 +0500
Processing by TasksController#details as HTML
  Rendering layout layouts/application.html.erb
  Rendering tasks/details.html.erb within layouts/application
  Rendered tasks/details.html.erb within layouts/application (Duration: 1.1ms | GC: 0.0ms)
  Rendered shared/_navbar.html.erb (Duration: 0.2ms | GC: 0.0ms)
  Rendered layout layouts/application.html.erb (Duration: 2.4ms | GC: 0.0ms)
Completed 200 OK in 5ms (Views: 3.2ms | ActiveRecord: 0.0ms (0 queries, 0 cached) | GC: 0.4ms)


Started GET "/tasks/new" for 127.0.0.1 at 2026-08-30 03:17:50 +0500
Processing by TasksController#new as HTML
  Rendering layout layouts/application.html.erb
  Rendering tasks/new.html.erb within layouts/application
  Rendered tasks/new.html.erb within layouts/application (Duration: 1.9ms | GC: 0.0ms)
  Rendered shared/_navbar.html.erb (Duration: 0.1ms | GC: 0.0ms)
  Rendered layout layouts/application.html.erb (Duration: 2.9ms | GC: 0.0ms)
Completed 200 OK in 5ms (Views: 3.4ms | ActiveRecord: 0.0ms (0 queries, 0 cached) | GC: 0.0ms)


Started GET "/tasks" for 127.0.0.1 at 2026-08-30 03:17:50 +0500
Processing by TasksController#index as HTML
  Rendering layout layouts/application.html.erb
  Rendering tasks/index.html.erb within layouts/application
  [1m[36mTask Exists? (0.3ms)[0m  [1m[34mSELECT 1 AS one FROM "tasks" LIMIT 1 /*action='index',application='TaskManagementApp',controller='tasks'*/[0m
  ↳ app/views/tasks/index.html.erb:4
  [1m[36mTask Load (0.3ms)[0m  [1m[34mSELECT "tasks".* FROM "tasks" /*action='index',application='TaskManagementApp',controller='tasks'*/[0m
  ↳ app/views/tasks/_task.html.erb:13
  Rendered tasks/_task.html.erb (Duration: 1.5ms | GC: 0.0ms)
  Rendered tasks/index.html.erb within layouts/application (Duration: 2.9ms | GC: 0.0ms)
  Rendered shared/_navbar.html.erb (Duration: 0.2ms | GC: 0.0ms)
  Rendered layout layouts/application.html.erb (Duration: 4.3ms | GC: 0.0ms)
Completed 200 OK in 6ms (Views: 4.1ms | ActiveRecord: 0.6ms (2 queries, 0 cached) | GC: 0.0ms)


Started GET "/" for 127.0.0.1 at 2026-08-30 03:17:51 +0500
Processing by HomeController#index as HTML
  Rendering layout layouts/application.html.erb
  Rendering home/index.html.erb within layouts/application
  Rendered home/index.html.erb within layouts/application (Duration: 0.1ms | GC: 0.0ms)
  Rendered shared/_navbar.html.erb (Duration: 0.2ms | GC: 0.0ms)
  Rendered layout layouts/application.html.erb (Duration: 1.8ms | GC: 0.3ms)
Completed 200 OK in 3ms (Views: 2.2ms | ActiveRecord: 0.0ms (0 queries, 0 cached) | GC: 0.3ms)


Started GET "/task-details" for 127.0.0.1 at 2026-08-30 03:17:55 +0500
Processing by TasksController#details as HTML
  Rendering layout layouts/application.html.erb
  Rendering tasks/details.html.erb within layouts/application
  Rendered tasks/details.html.erb within layouts/application (Duration: 0.5ms | GC: 0.0ms)
  Rendered shared/_navbar.html.erb (Duration: 0.1ms | GC: 0.0ms)
  Rendered layout layouts/application.html.erb (Duration: 1.6ms | GC: 0.0ms)
Completed 200 OK in 3ms (Views: 2.1ms | ActiveRecord: 0.0ms (0 queries, 0 cached) | GC: 0.0ms)


Started GET "/tasks/new" for 127.0.0.1 at 2026-08-30 03:17:56 +0500
Processing by TasksController#new as HTML
  Rendering layout layouts/application.html.erb
  Rendering tasks/new.html.erb within layouts/application
  Rendered tasks/new.html.erb within layouts/application (Duration: 1.3ms | GC: 0.0ms)
  Rendered shared/_navbar.html.erb (Duration: 0.2ms | GC: 0.0ms)
  Rendered layout layouts/application.html.erb (Duration: 2.2ms | GC: 0.0ms)
Completed 200 OK in 4ms (Views: 2.7ms | ActiveRecord: 0.0ms (0 queries, 0 cached) | GC: 0.0ms)


Started GET "/task-details" for 127.0.0.1 at 2026-08-30 03:17:56 +0500
Processing by TasksController#details as HTML
  Rendering layout layouts/application.html.erb
  Rendering tasks/details.html.erb within layouts/application
  Rendered tasks/details.html.erb within layouts/application (Duration: 0.4ms | GC: 0.0ms)
  Rendered shared/_navbar.html.erb (Duration: 0.1ms | GC: 0.0ms)
  Rendered layout layouts/application.html.erb (Duration: 1.7ms | GC: 0.0ms)
Completed 200 OK in 4ms (Views: 2.2ms | ActiveRecord: 0.0ms (0 queries, 0 cached) | GC: 0.0ms)


Started GET "/tasks" for 127.0.0.1 at 2026-08-30 03:17:56 +0500
Processing by TasksController#index as HTML
  Rendering layout layouts/application.html.erb
  Rendering tasks/index.html.erb within layouts/application
  [1m[36mTask Exists? (0.4ms)[0m  [1m[34mSELECT 1 AS one FROM "tasks" LIMIT 1 /*action='index',application='TaskManagementApp',controller='tasks'*/[0m
  ↳ app/views/tasks/index.html.erb:4
  [1m[36mTask Load (0.5ms)[0m  [1m[34mSELECT "tasks".* FROM "tasks" /*action='index',application='TaskManagementApp',controller='tasks'*/[0m
  ↳ app/views/tasks/_task.html.erb:13
  Rendered tasks/_task.html.erb (Duration: 1.8ms | GC: 0.0ms)
  Rendered tasks/index.html.erb within layouts/application (Duration: 3.6ms | GC: 0.0ms)
  Rendered shared/_navbar.html.erb (Duration: 0.2ms | GC: 0.0ms)
  Rendered layout layouts/application.html.erb (Duration: 5.3ms | GC: 0.0ms)
Completed 200 OK in 8ms (Views: 5.0ms | ActiveRecord: 0.8ms (2 queries, 0 cached) | GC: 0.0ms)


Started GET "/" for 127.0.0.1 at 2026-08-30 03:17:57 +0500
Processing by HomeController#index as HTML
  Rendering layout layouts/application.html.erb
  Rendering home/index.html.erb within layouts/application
  Rendered home/index.html.erb within layouts/application (Duration: 0.1ms | GC: 0.0ms)
  Rendered shared/_navbar.html.erb (Duration: 0.1ms | GC: 0.0ms)
  Rendered layout layouts/application.html.erb (Duration: 1.3ms | GC: 0.0ms)
Completed 200 OK in 3ms (Views: 1.8ms | ActiveRecord: 0.0ms (0 queries, 0 cached) | GC: 0.0ms)


Started GET "/task-details" for 127.0.0.1 at 2026-08-30 03:18:21 +0500
Processing by TasksController#details as HTML
  Rendering layout layouts/application.html.erb
  Rendering tasks/details.html.erb within layouts/application
  Rendered tasks/details.html.erb within layouts/application (Duration: 0.4ms | GC: 0.0ms)
  Rendered shared/_navbar.html.erb (Duration: 0.1ms | GC: 0.0ms)
  Rendered layout layouts/application.html.erb (Duration: 1.6ms | GC: 0.0ms)
Completed 200 OK in 4ms (Views: 2.1ms | ActiveRecord: 0.0ms (0 queries, 0 cached) | GC: 0.0ms)


Started GET "/task-details" for 127.0.0.1 at 2026-08-30 03:18:21 +0500
Processing by TasksController#details as HTML
  Rendering layout layouts/application.html.erb
  Rendering tasks/details.html.erb within layouts/application
  Rendered tasks/details.html.erb within layouts/application (Duration: 0.4ms | GC: 0.0ms)
  Rendered shared/_navbar.html.erb (Duration: 0.1ms | GC: 0.0ms)
  Rendered layout layouts/application.html.erb (Duration: 1.7ms | GC: 0.0ms)
Completed 200 OK in 3ms (Views: 2.1ms | ActiveRecord: 0.0ms (0 queries, 0 cached) | GC: 0.0ms)


Started GET "/tasks" for 127.0.0.1 at 2026-08-30 03:18:22 +0500
Processing by TasksController#index as HTML
  Rendering layout layouts/application.html.erb
  Rendering tasks/index.html.erb within layouts/application
  [1m[36mTask Exists? (0.3ms)[0m  [1m[34mSELECT 1 AS one FROM "tasks" LIMIT 1 /*action='index',application='TaskManagementApp',controller='tasks'*/[0m
  ↳ app/views/tasks/index.html.erb:4
  [1m[36mTask Load (0.2ms)[0m  [1m[34mSELECT "tasks".* FROM "tasks" /*action='index',application='TaskManagementApp',controller='tasks'*/[0m
  ↳ app/views/tasks/_task.html.erb:13
  Rendered tasks/_task.html.erb (Duration: 1.2ms | GC: 0.0ms)
  Rendered tasks/index.html.erb within layouts/application (Duration: 2.7ms | GC: 0.0ms)
  Rendered shared/_navbar.html.erb (Duration: 0.2ms | GC: 0.0ms)
  Rendered layout layouts/application.html.erb (Duration: 4.0ms | GC: 0.0ms)
Completed 200 OK in 6ms (Views: 3.9ms | ActiveRecord: 0.5ms (2 queries, 0 cached) | GC: 0.0ms)


Started GET "/" for 127.0.0.1 at 2026-08-30 03:18:37 +0500
Processing by HomeController#index as HTML
  Rendering layout layouts/application.html.erb
  Rendering home/index.html.erb within layouts/application
  Rendered home/index.html.erb within layouts/application (Duration: 0.1ms | GC: 0.0ms)
  Rendered shared/_navbar.html.erb (Duration: 0.1ms | GC: 0.0ms)
  Rendered layout layouts/application.html.erb (Duration: 1.9ms | GC: 0.4ms)
Completed 200 OK in 4ms (Views: 2.4ms | ActiveRecord: 0.0ms (0 queries, 0 cached) | GC: 0.4ms)


Started GET "/" for 127.0.0.1 at 2026-08-30 03:18:37 +0500
Processing by HomeController#index as HTML
  Rendering layout layouts/application.html.erb
  Rendering home/index.html.erb within layouts/application
  Rendered home/index.html.erb within layouts/application (Duration: 0.1ms | GC: 0.0ms)
  Rendered shared/_navbar.html.erb (Duration: 0.2ms | GC: 0.0ms)
  Rendered layout layouts/application.html.erb (Duration: 1.7ms | GC: 0.0ms)
Completed 200 OK in 4ms (Views: 2.6ms | ActiveRecord: 0.0ms (0 queries, 0 cached) | GC: 0.0ms)


Started GET "/" for 127.0.0.1 at 2026-08-30 03:18:56 +0500
Processing by HomeController#index as HTML
  Rendering layout layouts/application.html.erb
  Rendering home/index.html.erb within layouts/application
  Rendered home/index.html.erb within layouts/application (Duration: 0.3ms | GC: 0.0ms)
  Rendered shared/_navbar.html.erb (Duration: 0.5ms | GC: 0.0ms)
  Rendered layout layouts/application.html.erb (Duration: 3.4ms | GC: 0.0ms)
Completed 200 OK in 7ms (Views: 4.1ms | ActiveRecord: 0.0ms (0 queries, 0 cached) | GC: 0.0ms)


Started GET "/" for 127.0.0.1 at 2026-08-30 03:20:25 +0500
Processing by HomeController#index as HTML
  Rendering layout layouts/application.html.erb
  Rendering home/index.html.erb within layouts/application
  Rendered home/index.html.erb within layouts/application (Duration: 0.5ms | GC: 0.0ms)
  Rendered shared/_navbar.html.erb (Duration: 0.5ms | GC: 0.0ms)
  Rendered layout layouts/application.html.erb (Duration: 7.5ms | GC: 0.0ms)
Completed 200 OK in 14ms (Views: 9.7ms | ActiveRecord: 0.0ms (0 queries, 0 cached) | GC: 0.0ms)


Started GET "/" for 127.0.0.1 at 2026-08-30 03:20:37 +0500
Processing by HomeController#index as HTML
  Rendering layout layouts/application.html.erb
  Rendering home/index.html.erb within layouts/application
  Rendered home/index.html.erb within layouts/application (Duration: 0.3ms | GC: 0.0ms)
  Rendered shared/_navbar.html.erb (Duration: 0.2ms | GC: 0.0ms)
  Rendered layout layouts/application.html.erb (Duration: 2.8ms | GC: 0.0ms)
Completed 200 OK in 6ms (Views: 3.9ms | ActiveRecord: 0.0ms (0 queries, 0 cached) | GC: 0.0ms)


Started GET "/" for 127.0.0.1 at 2026-08-30 03:20:55 +0500
Processing by HomeController#index as HTML
  Rendering layout layouts/application.html.erb
  Rendering home/index.html.erb within layouts/application
  Rendered home/index.html.erb within layouts/application (Duration: 0.1ms | GC: 0.0ms)
  Rendered shared/_navbar.html.erb (Duration: 0.2ms | GC: 0.0ms)
  Rendered layout layouts/application.html.erb (Duration: 1.9ms | GC: 0.0ms)
Completed 200 OK in 4ms (Views: 2.3ms | ActiveRecord: 0.0ms (0 queries, 0 cached) | GC: 0.0ms)


Started GET "/" for 127.0.0.1 at 2026-08-30 03:21:05 +0500
Processing by HomeController#index as HTML
  Rendering layout layouts/application.html.erb
  Rendering home/index.html.erb within layouts/application
  Rendered home/index.html.erb within layouts/application (Duration: 0.2ms | GC: 0.0ms)
  Rendered shared/_navbar.html.erb (Duration: 0.3ms | GC: 0.0ms)
  Rendered layout layouts/application.html.erb (Duration: 2.2ms | GC: 0.0ms)
Completed 200 OK in 5ms (Views: 2.8ms | ActiveRecord: 0.0ms (0 queries, 0 cached) | GC: 0.7ms)


Started GET "/" for 127.0.0.1 at 2026-08-30 03:21:58 +0500
Processing by HomeController#index as HTML
  Rendering layout layouts/application.html.erb
  Rendering home/index.html.erb within layouts/application
  Rendered home/index.html.erb within layouts/application (Duration: 0.2ms | GC: 0.0ms)
  Rendered shared/_navbar.html.erb (Duration: 0.2ms | GC: 0.0ms)
  Rendered layout layouts/application.html.erb (Duration: 2.3ms | GC: 0.0ms)
Completed 200 OK in 5ms (Views: 2.9ms | ActiveRecord: 0.0ms (0 queries, 0 cached) | GC: 0.0ms)


Started GET "/" for 127.0.0.1 at 2026-08-30 03:22:43 +0500
Processing by HomeController#index as HTML
  Rendering layout layouts/application.html.erb
  Rendering home/index.html.erb within layouts/application
  Rendered home/index.html.erb within layouts/application (Duration: 0.2ms | GC: 0.0ms)
  Rendered shared/_navbar.html.erb (Duration: 0.3ms | GC: 0.0ms)
  Rendered layout layouts/application.html.erb (Duration: 2.2ms | GC: 0.0ms)
Completed 200 OK in 4ms (Views: 2.8ms | ActiveRecord: 0.0ms (0 queries, 0 cached) | GC: 0.0ms)


Started GET "/" for 127.0.0.1 at 2026-08-30 03:22:44 +0500
Processing by HomeController#index as HTML
  Rendering layout layouts/application.html.erb
  Rendering home/index.html.erb within layouts/application
  Rendered home/index.html.erb within layouts/application (Duration: 0.2ms | GC: 0.0ms)
  Rendered shared/_navbar.html.erb (Duration: 0.2ms | GC: 0.0ms)
  Rendered layout layouts/application.html.erb (Duration: 3.1ms | GC: 0.0ms)
Completed 200 OK in 6ms (Views: 3.8ms | ActiveRecord: 0.0ms (0 queries, 0 cached) | GC: 0.0ms)


Started GET "/" for 127.0.0.1 at 2026-08-30 03:22:56 +0500
Processing by HomeController#index as HTML
  Rendering layout layouts/application.html.erb
  Rendering home/index.html.erb within layouts/application
  Rendered home/index.html.erb within layouts/application (Duration: 0.1ms | GC: 0.0ms)
  Rendered shared/_navbar.html.erb (Duration: 0.2ms | GC: 0.0ms)
  Rendered layout layouts/application.html.erb (Duration: 1.7ms | GC: 0.0ms)
Completed 200 OK in 4ms (Views: 2.8ms | ActiveRecord: 0.0ms (0 queries, 0 cached) | GC: 0.5ms)


Started GET "/" for 127.0.0.1 at 2026-08-30 03:23:12 +0500
Processing by HomeController#index as HTML
  Rendering layout layouts/application.html.erb
  Rendering home/index.html.erb within layouts/application
  Rendered home/index.html.erb within layouts/application (Duration: 0.1ms | GC: 0.0ms)
  Rendered shared/_navbar.html.erb (Duration: 0.1ms | GC: 0.0ms)
  Rendered layout layouts/application.html.erb (Duration: 1.5ms | GC: 0.0ms)
Completed 200 OK in 3ms (Views: 1.9ms | ActiveRecord: 0.0ms (0 queries, 0 cached) | GC: 0.0ms)


Started GET "/" for 127.0.0.1 at 2026-08-30 03:23:20 +0500
Processing by HomeController#index as HTML
  Rendering layout layouts/application.html.erb
  Rendering home/index.html.erb within layouts/application
  Rendered home/index.html.erb within layouts/application (Duration: 0.1ms | GC: 0.0ms)
  Rendered shared/_navbar.html.erb (Duration: 0.3ms | GC: 0.0ms)
  Rendered layout layouts/application.html.erb (Duration: 2.2ms | GC: 0.0ms)
Completed 200 OK in 5ms (Views: 2.7ms | ActiveRecord: 0.0ms (0 queries, 0 cached) | GC: 0.5ms)


Started GET "/" for 127.0.0.1 at 2026-08-30 03:23:44 +0500
Processing by HomeController#index as HTML
  Rendering layout layouts/application.html.erb
  Rendering home/index.html.erb within layouts/application
  Rendered home/index.html.erb within layouts/application (Duration: 0.1ms | GC: 0.0ms)
  Rendered shared/_navbar.html.erb (Duration: 0.2ms | GC: 0.0ms)
  Rendered layout layouts/application.html.erb (Duration: 1.7ms | GC: 0.0ms)
Completed 200 OK in 3ms (Views: 2.2ms | ActiveRecord: 0.0ms (0 queries, 0 cached) | GC: 0.0ms)


Started GET "/" for 127.0.0.1 at 2026-08-30 03:24:43 +0500
Processing by HomeController#index as HTML
  Rendering layout layouts/application.html.erb
  Rendering home/index.html.erb within layouts/application
  Rendered home/index.html.erb within layouts/application (Duration: 0.2ms | GC: 0.0ms)
  Rendered shared/_navbar.html.erb (Duration: 0.2ms | GC: 0.0ms)
  Rendered layout layouts/application.html.erb (Duration: 2.8ms | GC: 0.0ms)
Completed 200 OK in 5ms (Views: 3.5ms | ActiveRecord: 0.0ms (0 queries, 0 cached) | GC: 0.0ms)


Started GET "/" for 127.0.0.1 at 2026-08-30 03:24:49 +0500
Processing by HomeController#index as HTML
  Rendering layout layouts/application.html.erb
  Rendering home/index.html.erb within layouts/application
  Rendered home/index.html.erb within layouts/application (Duration: 0.2ms | GC: 0.0ms)
  Rendered shared/_navbar.html.erb (Duration: 0.2ms | GC: 0.0ms)
  Rendered layout layouts/application.html.erb (Duration: 2.7ms | GC: 0.0ms)
Completed 200 OK in 5ms (Views: 3.5ms | ActiveRecord: 0.0ms (0 queries, 0 cached) | GC: 0.0ms)


Started GET "/" for 127.0.0.1 at 2026-08-30 03:26:10 +0500
Processing by HomeController#index as HTML
  Rendering layout layouts/application.html.erb
  Rendering home/index.html.erb within layouts/application
  Rendered home/index.html.erb within layouts/application (Duration: 0.5ms | GC: 0.0ms)
  Rendered shared/_navbar.html.erb (Duration: 0.2ms | GC: 0.0ms)
  Rendered layout layouts/application.html.erb (Duration: 3.2ms | GC: 0.0ms)
Completed 200 OK in 6ms (Views: 4.2ms | ActiveRecord: 0.0ms (0 queries, 0 cached) | GC: 0.0ms)


Started GET "/" for 127.0.0.1 at 2026-08-30 03:26:23 +0500
Processing by HomeController#index as HTML
  Rendering layout layouts/application.html.erb
  Rendering home/index.html.erb within layouts/application
  Rendered home/index.html.erb within layouts/application (Duration: 0.2ms | GC: 0.0ms)
  Rendered shared/_navbar.html.erb (Duration: 0.4ms | GC: 0.0ms)
  Rendered layout layouts/application.html.erb (Duration: 2.6ms | GC: 0.0ms)
Completed 200 OK in 5ms (Views: 3.2ms | ActiveRecord: 0.0ms (0 queries, 0 cached) | GC: 0.0ms)


Started GET "/" for 127.0.0.1 at 2026-08-30 03:26:32 +0500
Processing by HomeController#index as HTML
  Rendering layout layouts/application.html.erb
  Rendering home/index.html.erb within layouts/application
  Rendered home/index.html.erb within layouts/application (Duration: 0.1ms | GC: 0.0ms)
  Rendered shared/_navbar.html.erb (Duration: 0.2ms | GC: 0.0ms)
  Rendered layout layouts/application.html.erb (Duration: 1.6ms | GC: 0.0ms)
Completed 200 OK in 4ms (Views: 2.2ms | ActiveRecord: 0.0ms (0 queries, 0 cached) | GC: 0.0ms)


Started GET "/" for 127.0.0.1 at 2026-08-30 03:26:45 +0500
Processing by HomeController#index as HTML
  Rendering layout layouts/application.html.erb
  Rendering home/index.html.erb within layouts/application
  Rendered home/index.html.erb within layouts/application (Duration: 0.1ms | GC: 0.0ms)
  Rendered shared/_navbar.html.erb (Duration: 0.5ms | GC: 0.3ms)
  Rendered layout layouts/application.html.erb (Duration: 2.5ms | GC: 0.3ms)
Completed 200 OK in 4ms (Views: 3.0ms | ActiveRecord: 0.0ms (0 queries, 0 cached) | GC: 0.3ms)


Started GET "/" for 127.0.0.1 at 2026-08-30 03:27:18 +0500
Processing by HomeController#index as HTML
  Rendering layout layouts/application.html.erb
  Rendering home/index.html.erb within layouts/application
  Rendered home/index.html.erb within layouts/application (Duration: 0.1ms | GC: 0.0ms)
  Rendered shared/_navbar.html.erb (Duration: 0.1ms | GC: 0.0ms)
  Rendered layout layouts/application.html.erb (Duration: 1.5ms | GC: 0.0ms)
Completed 200 OK in 4ms (Views: 2.0ms | ActiveRecord: 0.0ms (0 queries, 0 cached) | GC: 0.0ms)


Started GET "/" for 127.0.0.1 at 2026-08-30 03:27:45 +0500
Processing by HomeController#index as HTML
  Rendering layout layouts/application.html.erb
  Rendering home/index.html.erb within layouts/application
  Rendered home/index.html.erb within layouts/application (Duration: 0.1ms | GC: 0.0ms)
  Rendered shared/_navbar.html.erb (Duration: 0.2ms | GC: 0.0ms)
  Rendered layout layouts/application.html.erb (Duration: 1.6ms | GC: 0.0ms)
Completed 200 OK in 3ms (Views: 2.1ms | ActiveRecord: 0.0ms (0 queries, 0 cached) | GC: 0.0ms)


Started GET "/" for 127.0.0.1 at 2026-08-30 03:27:50 +0500
Processing by HomeController#index as HTML
  Rendering layout layouts/application.html.erb
  Rendering home/index.html.erb within layouts/application
  Rendered home/index.html.erb within layouts/application (Duration: 0.1ms | GC: 0.0ms)
  Rendered shared/_navbar.html.erb (Duration: 0.1ms | GC: 0.0ms)
  Rendered layout layouts/application.html.erb (Duration: 1.8ms | GC: 0.3ms)
Completed 200 OK in 4ms (Views: 2.2ms | ActiveRecord: 0.0ms (0 queries, 0 cached) | GC: 0.3ms)


Started GET "/" for 127.0.0.1 at 2026-08-30 03:29:25 +0500
Processing by HomeController#index as HTML
  Rendering layout layouts/application.html.erb
  Rendering home/index.html.erb within layouts/application
  Rendered home/index.html.erb within layouts/application (Duration: 0.2ms | GC: 0.0ms)
  Rendered shared/_navbar.html.erb (Duration: 0.2ms | GC: 0.0ms)
  Rendered layout layouts/application.html.erb (Duration: 2.7ms | GC: 0.3ms)
Completed 200 OK in 6ms (Views: 3.5ms | ActiveRecord: 0.0ms (0 queries, 0 cached) | GC: 0.3ms)


Started GET "/" for 127.0.0.1 at 2026-08-30 03:29:49 +0500
Processing by HomeController#index as HTML
  Rendering layout layouts/application.html.erb
  Rendering home/index.html.erb within layouts/application
  Rendered home/index.html.erb within layouts/application (Duration: 0.1ms | GC: 0.0ms)
  Rendered shared/_navbar.html.erb (Duration: 0.1ms | GC: 0.0ms)
  Rendered layout layouts/application.html.erb (Duration: 1.6ms | GC: 0.0ms)
Completed 200 OK in 3ms (Views: 2.1ms | ActiveRecord: 0.0ms (0 queries, 0 cached) | GC: 0.0ms)


Started GET "/" for 127.0.0.1 at 2026-08-30 03:30:20 +0500
Processing by HomeController#index as HTML
  Rendering layout layouts/application.html.erb
  Rendering home/index.html.erb within layouts/application
  Rendered home/index.html.erb within layouts/application (Duration: 0.1ms | GC: 0.0ms)
  Rendered shared/_navbar.html.erb (Duration: 0.1ms | GC: 0.0ms)
  Rendered layout layouts/application.html.erb (Duration: 1.5ms | GC: 0.0ms)
Completed 200 OK in 4ms (Views: 2.0ms | ActiveRecord: 0.0ms (0 queries, 0 cached) | GC: 0.0ms)


Started GET "/tasks" for 127.0.0.1 at 2026-08-30 03:30:23 +0500
Processing by TasksController#index as HTML
  Rendering layout layouts/application.html.erb
  Rendering tasks/index.html.erb within layouts/application
  [1m[36mTask Exists? (0.5ms)[0m  [1m[34mSELECT 1 AS one FROM "tasks" LIMIT 1 /*action='index',application='TaskManagementApp',controller='tasks'*/[0m
  ↳ app/views/tasks/index.html.erb:4
  [1m[36mTask Load (0.5ms)[0m  [1m[34mSELECT "tasks".* FROM "tasks" /*action='index',application='TaskManagementApp',controller='tasks'*/[0m
  ↳ app/views/tasks/_task.html.erb:13
  Rendered tasks/_task.html.erb (Duration: 7.6ms | GC: 0.0ms)
  Rendered tasks/index.html.erb within layouts/application (Duration: 64.5ms | GC: 0.0ms)
  Rendered shared/_navbar.html.erb (Duration: 0.2ms | GC: 0.0ms)
  Rendered layout layouts/application.html.erb (Duration: 66.0ms | GC: 0.0ms)
Completed 200 OK in 71ms (Views: 54.6ms | ActiveRecord: 12.6ms (2 queries, 0 cached) | GC: 0.0ms)


Started GET "/task-details" for 127.0.0.1 at 2026-08-30 03:30:24 +0500
Processing by TasksController#details as HTML
  Rendering layout layouts/application.html.erb
  Rendering tasks/details.html.erb within layouts/application
  Rendered tasks/details.html.erb within layouts/application (Duration: 1.1ms | GC: 0.0ms)
  Rendered shared/_navbar.html.erb (Duration: 0.2ms | GC: 0.0ms)
  Rendered layout layouts/application.html.erb (Duration: 3.0ms | GC: 0.0ms)
Completed 200 OK in 5ms (Views: 3.6ms | ActiveRecord: 0.0ms (0 queries, 0 cached) | GC: 0.0ms)


Started GET "/tasks/new" for 127.0.0.1 at 2026-08-30 03:30:24 +0500
Processing by TasksController#new as HTML
  Rendering layout layouts/application.html.erb
  Rendering tasks/new.html.erb within layouts/application
  Rendered tasks/new.html.erb within layouts/application (Duration: 2.0ms | GC: 0.0ms)
  Rendered shared/_navbar.html.erb (Duration: 0.2ms | GC: 0.0ms)
  Rendered layout layouts/application.html.erb (Duration: 3.1ms | GC: 0.0ms)
Completed 200 OK in 6ms (Views: 3.8ms | ActiveRecord: 0.0ms (0 queries, 0 cached) | GC: 0.0ms)


Started GET "/task-details" for 127.0.0.1 at 2026-08-30 03:30:25 +0500
Processing by TasksController#details as HTML
  Rendering layout layouts/application.html.erb
  Rendering tasks/details.html.erb within layouts/application
  Rendered tasks/details.html.erb within layouts/application (Duration: 0.6ms | GC: 0.0ms)
  Rendered shared/_navbar.html.erb (Duration: 0.2ms | GC: 0.0ms)
  Rendered layout layouts/application.html.erb (Duration: 2.1ms | GC: 0.0ms)
Completed 200 OK in 4ms (Views: 2.6ms | ActiveRecord: 0.0ms (0 queries, 0 cached) | GC: 0.0ms)


Started GET "/tasks" for 127.0.0.1 at 2026-08-30 03:30:25 +0500
Processing by TasksController#index as HTML
  Rendering layout layouts/application.html.erb
  Rendering tasks/index.html.erb within layouts/application
  [1m[36mTask Exists? (0.7ms)[0m  [1m[34mSELECT 1 AS one FROM "tasks" LIMIT 1 /*action='index',application='TaskManagementApp',controller='tasks'*/[0m
  ↳ app/views/tasks/index.html.erb:4
  [1m[36mTask Load (0.5ms)[0m  [1m[34mSELECT "tasks".* FROM "tasks" /*action='index',application='TaskManagementApp',controller='tasks'*/[0m
  ↳ app/views/tasks/_task.html.erb:13
  Rendered tasks/_task.html.erb (Duration: 3.1ms | GC: 0.0ms)
  Rendered tasks/index.html.erb within layouts/application (Duration: 10.8ms | GC: 4.6ms)
  Rendered shared/_navbar.html.erb (Duration: 0.4ms | GC: 0.0ms)
  Rendered layout layouts/application.html.erb (Duration: 13.3ms | GC: 4.6ms)
Completed 200 OK in 16ms (Views: 13.0ms | ActiveRecord: 1.1ms (2 queries, 0 cached) | GC: 4.6ms)


Started GET "/" for 127.0.0.1 at 2026-08-30 03:30:46 +0500
Processing by HomeController#index as HTML
  Rendering layout layouts/application.html.erb
  Rendering home/index.html.erb within layouts/application
  Rendered home/index.html.erb within layouts/application (Duration: 0.1ms | GC: 0.0ms)
  Rendered shared/_navbar.html.erb (Duration: 0.3ms | GC: 0.0ms)
  Rendered layout layouts/application.html.erb (Duration: 2.2ms | GC: 0.0ms)
Completed 200 OK in 4ms (Views: 2.7ms | ActiveRecord: 0.0ms (0 queries, 0 cached) | GC: 0.4ms)


Started GET "/tasks" for 127.0.0.1 at 2026-08-30 03:30:48 +0500
Processing by TasksController#index as HTML
  Rendering layout layouts/application.html.erb
  Rendering tasks/index.html.erb within layouts/application
  [1m[36mTask Exists? (0.5ms)[0m  [1m[34mSELECT 1 AS one FROM "tasks" LIMIT 1 /*action='index',application='TaskManagementApp',controller='tasks'*/[0m
  ↳ app/views/tasks/index.html.erb:4
  [1m[36mTask Load (0.4ms)[0m  [1m[34mSELECT "tasks".* FROM "tasks" /*action='index',application='TaskManagementApp',controller='tasks'*/[0m
  ↳ app/views/tasks/_task.html.erb:13
  Rendered tasks/_task.html.erb (Duration: 1.6ms | GC: 0.0ms)
  Rendered tasks/index.html.erb within layouts/application (Duration: 4.1ms | GC: 0.4ms)
  Rendered shared/_navbar.html.erb (Duration: 0.2ms | GC: 0.0ms)
  Rendered layout layouts/application.html.erb (Duration: 5.5ms | GC: 0.4ms)
Completed 200 OK in 7ms (Views: 5.1ms | ActiveRecord: 0.8ms (2 queries, 0 cached) | GC: 0.4ms)


Started GET "/task-details" for 127.0.0.1 at 2026-08-30 03:30:49 +0500
Processing by TasksController#details as HTML
  Rendering layout layouts/application.html.erb
  Rendering tasks/details.html.erb within layouts/application
  Rendered tasks/details.html.erb within layouts/application (Duration: 0.7ms | GC: 0.0ms)
  Rendered shared/_navbar.html.erb (Duration: 0.2ms | GC: 0.0ms)
  Rendered layout layouts/application.html.erb (Duration: 2.0ms | GC: 0.0ms)
Completed 200 OK in 4ms (Views: 2.6ms | ActiveRecord: 0.0ms (0 queries, 0 cached) | GC: 0.0ms)


Started GET "/tasks/new" for 127.0.0.1 at 2026-08-30 03:30:50 +0500
Processing by TasksController#new as HTML
  Rendering layout layouts/application.html.erb
  Rendering tasks/new.html.erb within layouts/application
  Rendered tasks/new.html.erb within layouts/application (Duration: 1.4ms | GC: 0.0ms)
  Rendered shared/_navbar.html.erb (Duration: 0.2ms | GC: 0.0ms)
  Rendered layout layouts/application.html.erb (Duration: 2.5ms | GC: 0.0ms)
Completed 200 OK in 5ms (Views: 3.3ms | ActiveRecord: 0.0ms (0 queries, 0 cached) | GC: 0.0ms)


Started GET "/task-details" for 127.0.0.1 at 2026-08-30 03:30:50 +0500
Processing by TasksController#details as HTML
  Rendering layout layouts/application.html.erb
  Rendering tasks/details.html.erb within layouts/application
  Rendered tasks/details.html.erb within layouts/application (Duration: 0.6ms | GC: 0.0ms)
  Rendered shared/_navbar.html.erb (Duration: 0.2ms | GC: 0.0ms)
  Rendered layout layouts/application.html.erb (Duration: 3.1ms | GC: 0.5ms)
Completed 200 OK in 6ms (Views: 3.8ms | ActiveRecord: 0.0ms (0 queries, 0 cached) | GC: 0.5ms)


Started GET "/tasks" for 127.0.0.1 at 2026-08-30 03:30:51 +0500
Processing by TasksController#index as HTML
  Rendering layout layouts/application.html.erb
  Rendering tasks/index.html.erb within layouts/application
  [1m[36mTask Exists? (0.4ms)[0m  [1m[34mSELECT 1 AS one FROM "tasks" LIMIT 1 /*action='index',application='TaskManagementApp',controller='tasks'*/[0m
  ↳ app/views/tasks/index.html.erb:4
  [1m[36mTask Load (0.4ms)[0m  [1m[34mSELECT "tasks".* FROM "tasks" /*action='index',application='TaskManagementApp',controller='tasks'*/[0m
  ↳ app/views/tasks/_task.html.erb:13
  Rendered tasks/_task.html.erb (Duration: 2.0ms | GC: 0.0ms)
  Rendered tasks/index.html.erb within layouts/application (Duration: 4.0ms | GC: 0.0ms)
  Rendered shared/_navbar.html.erb (Duration: 0.5ms | GC: 0.0ms)
  Rendered layout layouts/application.html.erb (Duration: 9.8ms | GC: 0.0ms)
Completed 200 OK in 13ms (Views: 9.8ms | ActiveRecord: 0.7ms (2 queries, 0 cached) | GC: 0.0ms)


Started GET "/" for 127.0.0.1 at 2026-08-30 03:31:30 +0500
Processing by HomeController#index as HTML
  Rendering layout layouts/application.html.erb
  Rendering home/index.html.erb within layouts/application
  Rendered home/index.html.erb within layouts/application (Duration: 0.2ms | GC: 0.0ms)
  Rendered shared/_navbar.html.erb (Duration: 0.3ms | GC: 0.0ms)
  Rendered layout layouts/application.html.erb (Duration: 2.6ms | GC: 0.0ms)
Completed 200 OK in 6ms (Views: 3.5ms | ActiveRecord: 0.0ms (0 queries, 0 cached) | GC: 0.3ms)


Started GET "/" for 127.0.0.1 at 2026-08-30 03:31:32 +0500
Processing by HomeController#index as HTML
  Rendering layout layouts/application.html.erb
  Rendering home/index.html.erb within layouts/application
  Rendered home/index.html.erb within layouts/application (Duration: 0.1ms | GC: 0.0ms)
  Rendered shared/_navbar.html.erb (Duration: 0.2ms | GC: 0.0ms)
  Rendered layout layouts/application.html.erb (Duration: 1.6ms | GC: 0.0ms)
Completed 200 OK in 3ms (Views: 2.0ms | ActiveRecord: 0.0ms (0 queries, 0 cached) | GC: 0.0ms)


Started GET "/tasks" for 127.0.0.1 at 2026-08-30 03:31:32 +0500
Processing by TasksController#index as HTML
  Rendering layout layouts/application.html.erb
  Rendering tasks/index.html.erb within layouts/application
  [1m[36mTask Exists? (0.4ms)[0m  [1m[34mSELECT 1 AS one FROM "tasks" LIMIT 1 /*action='index',application='TaskManagementApp',controller='tasks'*/[0m
  ↳ app/views/tasks/index.html.erb:4
  [1m[36mTask Load (0.3ms)[0m  [1m[34mSELECT "tasks".* FROM "tasks" /*action='index',application='TaskManagementApp',controller='tasks'*/[0m
  ↳ app/views/tasks/_task.html.erb:13
  Rendered tasks/_task.html.erb (Duration: 1.3ms | GC: 0.0ms)
  Rendered tasks/index.html.erb within layouts/application (Duration: 2.9ms | GC: 0.0ms)
  Rendered shared/_navbar.html.erb (Duration: 0.2ms | GC: 0.0ms)
  Rendered layout layouts/application.html.erb (Duration: 4.2ms | GC: 0.0ms)
Completed 200 OK in 7ms (Views: 4.2ms | ActiveRecord: 0.6ms (2 queries, 0 cached) | GC: 0.0ms)


Started GET "/task-details" for 127.0.0.1 at 2026-08-30 03:31:33 +0500
Processing by TasksController#details as HTML
  Rendering layout layouts/application.html.erb
  Rendering tasks/details.html.erb within layouts/application
  Rendered tasks/details.html.erb within layouts/application (Duration: 0.8ms | GC: 0.3ms)
  Rendered shared/_navbar.html.erb (Duration: 0.2ms | GC: 0.0ms)
  Rendered layout layouts/application.html.erb (Duration: 2.4ms | GC: 0.3ms)
Completed 200 OK in 5ms (Views: 3.0ms | ActiveRecord: 0.0ms (0 queries, 0 cached) | GC: 0.3ms)


Started GET "/tasks/new" for 127.0.0.1 at 2026-08-30 03:31:34 +0500
Processing by TasksController#new as HTML
  Rendering layout layouts/application.html.erb
  Rendering tasks/new.html.erb within layouts/application
  Rendered tasks/new.html.erb within layouts/application (Duration: 1.5ms | GC: 0.0ms)
  Rendered shared/_navbar.html.erb (Duration: 0.2ms | GC: 0.0ms)
  Rendered layout layouts/application.html.erb (Duration: 2.6ms | GC: 0.0ms)
Completed 200 OK in 5ms (Views: 3.2ms | ActiveRecord: 0.0ms (0 queries, 0 cached) | GC: 0.0ms)


Started GET "/task-details" for 127.0.0.1 at 2026-08-30 03:31:35 +0500
Processing by TasksController#details as HTML
  Rendering layout layouts/application.html.erb
  Rendering tasks/details.html.erb within layouts/application
  Rendered tasks/details.html.erb within layouts/application (Duration: 0.5ms | GC: 0.0ms)
  Rendered shared/_navbar.html.erb (Duration: 0.2ms | GC: 0.0ms)
  Rendered layout layouts/application.html.erb (Duration: 1.8ms | GC: 0.0ms)
Completed 200 OK in 4ms (Views: 2.2ms | ActiveRecord: 0.0ms (0 queries, 0 cached) | GC: 0.0ms)


Started GET "/tasks" for 127.0.0.1 at 2026-08-30 03:31:36 +0500
Processing by TasksController#index as HTML
  Rendering layout layouts/application.html.erb
  Rendering tasks/index.html.erb within layouts/application
  [1m[36mTask Exists? (0.3ms)[0m  [1m[34mSELECT 1 AS one FROM "tasks" LIMIT 1 /*action='index',application='TaskManagementApp',controller='tasks'*/[0m
  ↳ app/views/tasks/index.html.erb:4
  [1m[36mTask Load (0.3ms)[0m  [1m[34mSELECT "tasks".* FROM "tasks" /*action='index',application='TaskManagementApp',controller='tasks'*/[0m
  ↳ app/views/tasks/_task.html.erb:13
  Rendered tasks/_task.html.erb (Duration: 1.6ms | GC: 0.0ms)
  Rendered tasks/index.html.erb within layouts/application (Duration: 3.2ms | GC: 0.0ms)
  Rendered shared/_navbar.html.erb (Duration: 0.3ms | GC: 0.0ms)
  Rendered layout layouts/application.html.erb (Duration: 4.7ms | GC: 0.0ms)
Completed 200 OK in 7ms (Views: 4.8ms | ActiveRecord: 0.6ms (2 queries, 0 cached) | GC: 0.2ms)


Started GET "/" for 127.0.0.1 at 2026-08-30 03:31:36 +0500
Processing by HomeController#index as HTML
  Rendering layout layouts/application.html.erb
  Rendering home/index.html.erb within layouts/application
  Rendered home/index.html.erb within layouts/application (Duration: 0.1ms | GC: 0.0ms)
  Rendered shared/_navbar.html.erb (Duration: 0.2ms | GC: 0.0ms)
  Rendered layout layouts/application.html.erb (Duration: 1.9ms | GC: 0.4ms)
Completed 200 OK in 4ms (Views: 2.5ms | ActiveRecord: 0.0ms (0 queries, 0 cached) | GC: 0.4ms)


Started GET "/tasks" for 127.0.0.1 at 2026-08-30 03:33:47 +0500
Processing by TasksController#index as HTML
  Rendering layout layouts/application.html.erb
  Rendering tasks/index.html.erb within layouts/application
  [1m[36mTask Exists? (0.4ms)[0m  [1m[34mSELECT 1 AS one FROM "tasks" LIMIT 1 /*action='index',application='TaskManagementApp',controller='tasks'*/[0m
  ↳ app/views/tasks/index.html.erb:4
  [1m[36mTask Load (0.3ms)[0m  [1m[34mSELECT "tasks".* FROM "tasks" /*action='index',application='TaskManagementApp',controller='tasks'*/[0m
  ↳ app/views/tasks/_task.html.erb:13
  Rendered tasks/_task.html.erb (Duration: 1.6ms | GC: 0.3ms)
  Rendered tasks/index.html.erb within layouts/application (Duration: 3.4ms | GC: 0.3ms)
  Rendered shared/_navbar.html.erb (Duration: 0.2ms | GC: 0.0ms)
  Rendered layout layouts/application.html.erb (Duration: 4.9ms | GC: 0.3ms)
Completed 200 OK in 8ms (Views: 4.9ms | ActiveRecord: 0.6ms (2 queries, 0 cached) | GC: 0.3ms)


Started GET "/task-details" for 127.0.0.1 at 2026-08-30 03:33:48 +0500
Processing by TasksController#details as HTML
  Rendering layout layouts/application.html.erb
  Rendering tasks/details.html.erb within layouts/application
  Rendered tasks/details.html.erb within layouts/application (Duration: 0.5ms | GC: 0.0ms)
  Rendered shared/_navbar.html.erb (Duration: 0.2ms | GC: 0.0ms)
  Rendered layout layouts/application.html.erb (Duration: 1.9ms | GC: 0.0ms)
Completed 200 OK in 4ms (Views: 2.4ms | ActiveRecord: 0.0ms (0 queries, 0 cached) | GC: 0.0ms)


Started GET "/tasks/new" for 127.0.0.1 at 2026-08-30 03:33:48 +0500
Processing by TasksController#new as HTML
  Rendering layout layouts/application.html.erb
  Rendering tasks/new.html.erb within layouts/application
  Rendered tasks/new.html.erb within layouts/application (Duration: 1.4ms | GC: 0.0ms)
  Rendered shared/_navbar.html.erb (Duration: 0.2ms | GC: 0.0ms)
  Rendered layout layouts/application.html.erb (Duration: 2.9ms | GC: 0.0ms)
Completed 200 OK in 6ms (Views: 3.9ms | ActiveRecord: 0.0ms (0 queries, 0 cached) | GC: 0.4ms)


Started GET "/task-details" for 127.0.0.1 at 2026-08-30 03:33:49 +0500
Processing by TasksController#details as HTML
  Rendering layout layouts/application.html.erb
  Rendering tasks/details.html.erb within layouts/application
  Rendered tasks/details.html.erb within layouts/application (Duration: 0.5ms | GC: 0.0ms)
  Rendered shared/_navbar.html.erb (Duration: 0.2ms | GC: 0.0ms)
  Rendered layout layouts/application.html.erb (Duration: 1.8ms | GC: 0.0ms)
Completed 200 OK in 4ms (Views: 2.3ms | ActiveRecord: 0.0ms (0 queries, 0 cached) | GC: 0.0ms)


Started GET "/tasks" for 127.0.0.1 at 2026-08-30 03:33:50 +0500
Processing by TasksController#index as HTML
  Rendering layout layouts/application.html.erb
  Rendering tasks/index.html.erb within layouts/application
  [1m[36mTask Exists? (0.4ms)[0m  [1m[34mSELECT 1 AS one FROM "tasks" LIMIT 1 /*action='index',application='TaskManagementApp',controller='tasks'*/[0m
  ↳ app/views/tasks/index.html.erb:4
  [1m[36mTask Load (0.2ms)[0m  [1m[34mSELECT "tasks".* FROM "tasks" /*action='index',application='TaskManagementApp',controller='tasks'*/[0m
  ↳ app/views/tasks/_task.html.erb:13
  Rendered tasks/_task.html.erb (Duration: 1.4ms | GC: 0.0ms)
  Rendered tasks/index.html.erb within layouts/application (Duration: 2.9ms | GC: 0.0ms)
  Rendered shared/_navbar.html.erb (Duration: 0.2ms | GC: 0.0ms)
  Rendered layout layouts/application.html.erb (Duration: 4.3ms | GC: 0.0ms)
Completed 200 OK in 6ms (Views: 4.3ms | ActiveRecord: 0.6ms (2 queries, 0 cached) | GC: 0.0ms)


Started GET "/" for 127.0.0.1 at 2026-08-30 03:34:56 +0500
Processing by HomeController#index as HTML
  Rendering layout layouts/application.html.erb
  Rendering home/index.html.erb within layouts/application
  Rendered home/index.html.erb within layouts/application (Duration: 0.1ms | GC: 0.0ms)
  Rendered shared/_navbar.html.erb (Duration: 0.2ms | GC: 0.0ms)
  Rendered layout layouts/application.html.erb (Duration: 2.1ms | GC: 0.0ms)
Completed 200 OK in 4ms (Views: 3.0ms | ActiveRecord: 0.0ms (0 queries, 0 cached) | GC: 0.3ms)


Started GET "/.well-known/appspecific/com.chrome.devtools.json" for 127.0.0.1 at 2026-08-30 03:34:59 +0500
  
ActionController::RoutingError (No route matches [GET] "/.well-known/appspecific/com.chrome.devtools.json"):
  
Started GET "/.well-known/appspecific/com.chrome.devtools.json" for 127.0.0.1 at 2026-08-30 03:35:18 +0500
  
ActionController::RoutingError (No route matches [GET] "/.well-known/appspecific/com.chrome.devtools.json"):
  
Started GET "/" for 127.0.0.1 at 2026-08-30 03:36:42 +0500
Processing by HomeController#index as HTML
  Rendering layout layouts/application.html.erb
  Rendering home/index.html.erb within layouts/application
  Rendered home/index.html.erb within layouts/application (Duration: 0.3ms | GC: 0.0ms)
  Rendered shared/_navbar.html.erb (Duration: 0.2ms | GC: 0.0ms)
  Rendered layout layouts/application.html.erb (Duration: 2.4ms | GC: 0.0ms)
Completed 200 OK in 5ms (Views: 3.0ms | ActiveRecord: 0.0ms (0 queries, 0 cached) | GC: 0.0ms)


Started GET "/.well-known/appspecific/com.chrome.devtools.json" for 127.0.0.1 at 2026-08-30 03:36:45 +0500
  
ActionController::RoutingError (No route matches [GET] "/.well-known/appspecific/com.chrome.devtools.json"):
  
Started GET "/" for 127.0.0.1 at 2026-08-30 03:37:38 +0500
Processing by HomeController#index as HTML
  Rendering layout layouts/application.html.erb
  Rendering home/index.html.erb within layouts/application
  Rendered home/index.html.erb within layouts/application (Duration: 0.2ms | GC: 0.0ms)
  Rendered shared/_navbar.html.erb (Duration: 0.2ms | GC: 0.0ms)
  Rendered layout layouts/application.html.erb (Duration: 2.3ms | GC: 0.0ms)
Completed 200 OK in 5ms (Views: 3.2ms | ActiveRecord: 0.0ms (0 queries, 0 cached) | GC: 0.0ms)


Started GET "/tasks" for 127.0.0.1 at 2026-08-30 03:37:42 +0500
Processing by TasksController#index as HTML
  Rendering layout layouts/application.html.erb
  Rendering tasks/index.html.erb within layouts/application
  [1m[36mTask Exists? (0.5ms)[0m  [1m[34mSELECT 1 AS one FROM "tasks" LIMIT 1 /*action='index',application='TaskManagementApp',controller='tasks'*/[0m
  ↳ app/views/tasks/index.html.erb:4
  [1m[36mTask Load (0.4ms)[0m  [1m[34mSELECT "tasks".* FROM "tasks" /*action='index',application='TaskManagementApp',controller='tasks'*/[0m
  ↳ app/views/tasks/_task.html.erb:13
  Rendered tasks/_task.html.erb (Duration: 2.0ms | GC: 0.2ms)
  Rendered tasks/index.html.erb within layouts/application (Duration: 4.3ms | GC: 0.2ms)
  Rendered shared/_navbar.html.erb (Duration: 0.2ms | GC: 0.0ms)
  Rendered layout layouts/application.html.erb (Duration: 5.9ms | GC: 0.2ms)
Completed 200 OK in 8ms (Views: 5.7ms | ActiveRecord: 0.9ms (2 queries, 0 cached) | GC: 0.2ms)


Started GET "/task-details" for 127.0.0.1 at 2026-08-30 03:37:43 +0500
Processing by TasksController#details as HTML
  Rendering layout layouts/application.html.erb
  Rendering tasks/details.html.erb within layouts/application
  Rendered tasks/details.html.erb within layouts/application (Duration: 0.5ms | GC: 0.0ms)
  Rendered shared/_navbar.html.erb (Duration: 0.1ms | GC: 0.0ms)
  Rendered layout layouts/application.html.erb (Duration: 1.8ms | GC: 0.0ms)
Completed 200 OK in 4ms (Views: 2.3ms | ActiveRecord: 0.0ms (0 queries, 0 cached) | GC: 0.0ms)


Started GET "/tasks/new" for 127.0.0.1 at 2026-08-30 03:37:43 +0500
Processing by TasksController#new as HTML
  Rendering layout layouts/application.html.erb
  Rendering tasks/new.html.erb within layouts/application
  Rendered tasks/new.html.erb within layouts/application (Duration: 1.7ms | GC: 0.0ms)
  Rendered shared/_navbar.html.erb (Duration: 0.2ms | GC: 0.0ms)
  Rendered layout layouts/application.html.erb (Duration: 3.1ms | GC: 0.0ms)
Completed 200 OK in 6ms (Views: 3.8ms | ActiveRecord: 0.0ms (0 queries, 0 cached) | GC: 0.3ms)


Started GET "/tasks" for 127.0.0.1 at 2026-08-30 03:37:44 +0500
Processing by TasksController#index as HTML
  Rendering layout layouts/application.html.erb
  Rendering tasks/index.html.erb within layouts/application
  [1m[36mTask Exists? (0.3ms)[0m  [1m[34mSELECT 1 AS one FROM "tasks" LIMIT 1 /*action='index',application='TaskManagementApp',controller='tasks'*/[0m
  ↳ app/views/tasks/index.html.erb:4
  [1m[36mTask Load (0.3ms)[0m  [1m[34mSELECT "tasks".* FROM "tasks" /*action='index',application='TaskManagementApp',controller='tasks'*/[0m
  ↳ app/views/tasks/_task.html.erb:13
  Rendered tasks/_task.html.erb (Duration: 1.6ms | GC: 0.0ms)
  Rendered tasks/index.html.erb within layouts/application (Duration: 3.4ms | GC: 0.2ms)
  Rendered shared/_navbar.html.erb (Duration: 0.2ms | GC: 0.0ms)
  Rendered layout layouts/application.html.erb (Duration: 4.6ms | GC: 0.2ms)
Completed 200 OK in 7ms (Views: 4.5ms | ActiveRecord: 0.6ms (2 queries, 0 cached) | GC: 0.2ms)


Started GET "/tasks" for 127.0.0.1 at 2026-08-30 03:38:05 +0500
Processing by TasksController#index as HTML
  Rendering layout layouts/application.html.erb
  Rendering tasks/index.html.erb within layouts/application
  [1m[36mTask Exists? (0.4ms)[0m  [1m[34mSELECT 1 AS one FROM "tasks" LIMIT 1 /*action='index',application='TaskManagementApp',controller='tasks'*/[0m
  ↳ app/views/tasks/index.html.erb:4
  [1m[36mTask Load (0.2ms)[0m  [1m[34mSELECT "tasks".* FROM "tasks" /*action='index',application='TaskManagementApp',controller='tasks'*/[0m
  ↳ app/views/tasks/_task.html.erb:13
  Rendered tasks/_task.html.erb (Duration: 1.3ms | GC: 0.0ms)
  Rendered tasks/index.html.erb within layouts/application (Duration: 3.0ms | GC: 0.0ms)
  Rendered shared/_navbar.html.erb (Duration: 0.3ms | GC: 0.0ms)
  Rendered layout layouts/application.html.erb (Duration: 4.4ms | GC: 0.0ms)
Completed 200 OK in 7ms (Views: 4.3ms | ActiveRecord: 0.6ms (2 queries, 0 cached) | GC: 0.0ms)


Started GET "/tasks" for 127.0.0.1 at 2026-08-30 03:38:05 +0500
Processing by TasksController#index as HTML
  Rendering layout layouts/application.html.erb
  Rendering tasks/index.html.erb within layouts/application
  [1m[36mTask Exists? (0.4ms)[0m  [1m[34mSELECT 1 AS one FROM "tasks" LIMIT 1 /*action='index',application='TaskManagementApp',controller='tasks'*/[0m
  ↳ app/views/tasks/index.html.erb:4
  [1m[36mTask Load (0.4ms)[0m  [1m[34mSELECT "tasks".* FROM "tasks" /*action='index',application='TaskManagementApp',controller='tasks'*/[0m
  ↳ app/views/tasks/_task.html.erb:13
  Rendered tasks/_task.html.erb (Duration: 2.0ms | GC: 0.0ms)
  Rendered tasks/index.html.erb within layouts/application (Duration: 3.7ms | GC: 0.0ms)
  Rendered shared/_navbar.html.erb (Duration: 0.2ms | GC: 0.0ms)
  Rendered layout layouts/application.html.erb (Duration: 5.0ms | GC: 0.0ms)
Completed 200 OK in 7ms (Views: 4.7ms | ActiveRecord: 0.8ms (2 queries, 0 cached) | GC: 0.0ms)


Started GET "/task-details" for 127.0.0.1 at 2026-08-30 03:38:06 +0500
Processing by TasksController#details as HTML
  Rendering layout layouts/application.html.erb
  Rendering tasks/details.html.erb within layouts/application
  Rendered tasks/details.html.erb within layouts/application (Duration: 0.5ms | GC: 0.0ms)
  Rendered shared/_navbar.html.erb (Duration: 0.2ms | GC: 0.0ms)
  Rendered layout layouts/application.html.erb (Duration: 1.9ms | GC: 0.0ms)
Completed 200 OK in 4ms (Views: 2.4ms | ActiveRecord: 0.0ms (0 queries, 0 cached) | GC: 0.0ms)


Started GET "/tasks/new" for 127.0.0.1 at 2026-08-30 03:38:06 +0500
Processing by TasksController#new as HTML
  Rendering layout layouts/application.html.erb
  Rendering tasks/new.html.erb within layouts/application
  Rendered tasks/new.html.erb within layouts/application (Duration: 1.3ms | GC: 0.0ms)
  Rendered shared/_navbar.html.erb (Duration: 0.1ms | GC: 0.0ms)
  Rendered layout layouts/application.html.erb (Duration: 2.2ms | GC: 0.0ms)
Completed 200 OK in 4ms (Views: 2.7ms | ActiveRecord: 0.0ms (0 queries, 0 cached) | GC: 0.0ms)


Started GET "/task-details" for 127.0.0.1 at 2026-08-30 03:38:07 +0500
Processing by TasksController#details as HTML
  Rendering layout layouts/application.html.erb
  Rendering tasks/details.html.erb within layouts/application
  Rendered tasks/details.html.erb within layouts/application (Duration: 0.5ms | GC: 0.0ms)
  Rendered shared/_navbar.html.erb (Duration: 0.2ms | GC: 0.0ms)
  Rendered layout layouts/application.html.erb (Duration: 2.1ms | GC: 0.0ms)
Completed 200 OK in 4ms (Views: 2.6ms | ActiveRecord: 0.0ms (0 queries, 0 cached) | GC: 0.0ms)


Started GET "/tasks" for 127.0.0.1 at 2026-08-30 03:38:08 +0500
Processing by TasksController#index as HTML
  Rendering layout layouts/application.html.erb
  Rendering tasks/index.html.erb within layouts/application
  [1m[36mTask Exists? (0.3ms)[0m  [1m[34mSELECT 1 AS one FROM "tasks" LIMIT 1 /*action='index',application='TaskManagementApp',controller='tasks'*/[0m
  ↳ app/views/tasks/index.html.erb:4
  [1m[36mTask Load (0.4ms)[0m  [1m[34mSELECT "tasks".* FROM "tasks" /*action='index',application='TaskManagementApp',controller='tasks'*/[0m
  ↳ app/views/tasks/_task.html.erb:13
  Rendered tasks/_task.html.erb (Duration: 1.6ms | GC: 0.0ms)
  Rendered tasks/index.html.erb within layouts/application (Duration: 3.2ms | GC: 0.0ms)
  Rendered shared/_navbar.html.erb (Duration: 0.2ms | GC: 0.0ms)
  Rendered layout layouts/application.html.erb (Duration: 4.5ms | GC: 0.0ms)
Completed 200 OK in 7ms (Views: 4.3ms | ActiveRecord: 0.7ms (2 queries, 0 cached) | GC: 0.0ms)


Started GET "/tasks" for 127.0.0.1 at 2026-08-30 03:38:54 +0500
Processing by TasksController#index as HTML
  Rendering layout layouts/application.html.erb
  Rendering tasks/index.html.erb within layouts/application
  [1m[36mTask Exists? (0.3ms)[0m  [1m[34mSELECT 1 AS one FROM "tasks" LIMIT 1 /*action='index',application='TaskManagementApp',controller='tasks'*/[0m
  ↳ app/views/tasks/index.html.erb:4
  [1m[36mTask Load (0.3ms)[0m  [1m[34mSELECT "tasks".* FROM "tasks" /*action='index',application='TaskManagementApp',controller='tasks'*/[0m
  ↳ app/views/tasks/_task.html.erb:13
  Rendered tasks/_task.html.erb (Duration: 1.6ms | GC: 0.0ms)
  Rendered tasks/index.html.erb within layouts/application (Duration: 3.4ms | GC: 0.0ms)
  Rendered shared/_navbar.html.erb (Duration: 0.2ms | GC: 0.0ms)
  Rendered layout layouts/application.html.erb (Duration: 5.0ms | GC: 0.0ms)
Completed 200 OK in 7ms (Views: 4.9ms | ActiveRecord: 0.6ms (2 queries, 0 cached) | GC: 0.0ms)


Started GET "/task-details" for 127.0.0.1 at 2026-08-30 03:38:54 +0500
Processing by TasksController#details as HTML
  Rendering layout layouts/application.html.erb
  Rendering tasks/details.html.erb within layouts/application
  Rendered tasks/details.html.erb within layouts/application (Duration: 0.5ms | GC: 0.0ms)
  Rendered shared/_navbar.html.erb (Duration: 0.2ms | GC: 0.0ms)
  Rendered layout layouts/application.html.erb (Duration: 1.8ms | GC: 0.0ms)
Completed 200 OK in 4ms (Views: 2.3ms | ActiveRecord: 0.0ms (0 queries, 0 cached) | GC: 0.0ms)


Started GET "/tasks/new" for 127.0.0.1 at 2026-08-30 03:38:55 +0500
Processing by TasksController#new as HTML
  Rendering layout layouts/application.html.erb
  Rendering tasks/new.html.erb within layouts/application
  Rendered tasks/new.html.erb within layouts/application (Duration: 1.4ms | GC: 0.0ms)
  Rendered shared/_navbar.html.erb (Duration: 0.2ms | GC: 0.0ms)
  Rendered layout layouts/application.html.erb (Duration: 2.5ms | GC: 0.0ms)
Completed 200 OK in 5ms (Views: 3.1ms | ActiveRecord: 0.0ms (0 queries, 0 cached) | GC: 0.0ms)


Started GET "/task-details" for 127.0.0.1 at 2026-08-30 03:38:56 +0500
Processing by TasksController#details as HTML
  Rendering layout layouts/application.html.erb
  Rendering tasks/details.html.erb within layouts/application
  Rendered tasks/details.html.erb within layouts/application (Duration: 0.5ms | GC: 0.0ms)
  Rendered shared/_navbar.html.erb (Duration: 0.2ms | GC: 0.0ms)
  Rendered layout layouts/application.html.erb (Duration: 1.8ms | GC: 0.0ms)
Completed 200 OK in 4ms (Views: 2.2ms | ActiveRecord: 0.0ms (0 queries, 0 cached) | GC: 0.0ms)


Started GET "/tasks" for 127.0.0.1 at 2026-08-30 03:38:57 +0500
Processing by TasksController#index as HTML
  Rendering layout layouts/application.html.erb
  Rendering tasks/index.html.erb within layouts/application
  [1m[36mTask Exists? (0.3ms)[0m  [1m[34mSELECT 1 AS one FROM "tasks" LIMIT 1 /*action='index',application='TaskManagementApp',controller='tasks'*/[0m
  ↳ app/views/tasks/index.html.erb:4
  [1m[36mTask Load (0.4ms)[0m  [1m[34mSELECT "tasks".* FROM "tasks" /*action='index',application='TaskManagementApp',controller='tasks'*/[0m
  ↳ app/views/tasks/_task.html.erb:13
  Rendered tasks/_task.html.erb (Duration: 1.8ms | GC: 0.0ms)
  Rendered tasks/index.html.erb within layouts/application (Duration: 3.5ms | GC: 0.0ms)
  Rendered shared/_navbar.html.erb (Duration: 0.2ms | GC: 0.0ms)
  Rendered layout layouts/application.html.erb (Duration: 4.9ms | GC: 0.0ms)
Completed 200 OK in 7ms (Views: 4.6ms | ActiveRecord: 0.7ms (2 queries, 0 cached) | GC: 0.0ms)


Started GET "/" for 127.0.0.1 at 2026-08-30 03:38:57 +0500
Processing by HomeController#index as HTML
  Rendering layout layouts/application.html.erb
  Rendering home/index.html.erb within layouts/application
  Rendered home/index.html.erb within layouts/application (Duration: 0.1ms | GC: 0.0ms)
  Rendered shared/_navbar.html.erb (Duration: 0.1ms | GC: 0.0ms)
  Rendered layout layouts/application.html.erb (Duration: 1.4ms | GC: 0.0ms)
Completed 200 OK in 3ms (Views: 1.9ms | ActiveRecord: 0.0ms (0 queries, 0 cached) | GC: 0.0ms)


Started GET "/tasks" for 127.0.0.1 at 2026-08-30 03:38:58 +0500
Processing by TasksController#index as HTML
  Rendering layout layouts/application.html.erb
  Rendering tasks/index.html.erb within layouts/application
  [1m[36mTask Exists? (0.4ms)[0m  [1m[34mSELECT 1 AS one FROM "tasks" LIMIT 1 /*action='index',application='TaskManagementApp',controller='tasks'*/[0m
  ↳ app/views/tasks/index.html.erb:4
  [1m[36mTask Load (0.3ms)[0m  [1m[34mSELECT "tasks".* FROM "tasks" /*action='index',application='TaskManagementApp',controller='tasks'*/[0m
  ↳ app/views/tasks/_task.html.erb:13
  Rendered tasks/_task.html.erb (Duration: 1.6ms | GC: 0.0ms)
  Rendered tasks/index.html.erb within layouts/application (Duration: 3.3ms | GC: 0.0ms)
  Rendered shared/_navbar.html.erb (Duration: 0.5ms | GC: 0.0ms)
  Rendered layout layouts/application.html.erb (Duration: 5.6ms | GC: 0.0ms)
Completed 200 OK in 8ms (Views: 5.6ms | ActiveRecord: 0.7ms (2 queries, 0 cached) | GC: 0.0ms)


Started GET "/task-details" for 127.0.0.1 at 2026-08-30 03:38:59 +0500
Processing by TasksController#details as HTML
  Rendering layout layouts/application.html.erb
  Rendering tasks/details.html.erb within layouts/application
  Rendered tasks/details.html.erb within layouts/application (Duration: 0.6ms | GC: 0.0ms)
  Rendered shared/_navbar.html.erb (Duration: 0.2ms | GC: 0.0ms)
  Rendered layout layouts/application.html.erb (Duration: 2.0ms | GC: 0.0ms)
Completed 200 OK in 4ms (Views: 2.8ms | ActiveRecord: 0.0ms (0 queries, 0 cached) | GC: 0.0ms)


Started GET "/tasks/new" for 127.0.0.1 at 2026-08-30 03:38:59 +0500
Processing by TasksController#new as HTML
  Rendering layout layouts/application.html.erb
  Rendering tasks/new.html.erb within layouts/application
  Rendered tasks/new.html.erb within layouts/application (Duration: 1.4ms | GC: 0.0ms)
  Rendered shared/_navbar.html.erb (Duration: 0.2ms | GC: 0.0ms)
  Rendered layout layouts/application.html.erb (Duration: 2.6ms | GC: 0.0ms)
Completed 200 OK in 5ms (Views: 3.1ms | ActiveRecord: 0.0ms (0 queries, 0 cached) | GC: 0.0ms)


Started GET "/" for 127.0.0.1 at 2026-08-30 03:39:00 +0500
Processing by HomeController#index as HTML
  Rendering layout layouts/application.html.erb
  Rendering home/index.html.erb within layouts/application
  Rendered home/index.html.erb within layouts/application (Duration: 0.2ms | GC: 0.0ms)
  Rendered shared/_navbar.html.erb (Duration: 0.2ms | GC: 0.0ms)
  Rendered layout layouts/application.html.erb (Duration: 1.8ms | GC: 0.0ms)
Completed 200 OK in 4ms (Views: 2.3ms | ActiveRecord: 0.0ms (0 queries, 0 cached) | GC: 0.6ms)


Started GET "/" for 127.0.0.1 at 2026-08-30 03:39:02 +0500
Processing by HomeController#index as HTML
  Rendering layout layouts/application.html.erb
  Rendering home/index.html.erb within layouts/application
  Rendered home/index.html.erb within layouts/application (Duration: 0.3ms | GC: 0.0ms)
  Rendered shared/_navbar.html.erb (Duration: 0.3ms | GC: 0.0ms)
  Rendered layout layouts/application.html.erb (Duration: 3.1ms | GC: 0.0ms)
Completed 200 OK in 7ms (Views: 3.8ms | ActiveRecord: 0.0ms (0 queries, 0 cached) | GC: 0.0ms)


Started GET "/" for 127.0.0.1 at 2026-08-30 03:39:04 +0500
Processing by HomeController#index as HTML
  Rendering layout layouts/application.html.erb
  Rendering home/index.html.erb within layouts/application
  Rendered home/index.html.erb within layouts/application (Duration: 0.3ms | GC: 0.0ms)
  Rendered shared/_navbar.html.erb (Duration: 0.2ms | GC: 0.0ms)
  Rendered layout layouts/application.html.erb (Duration: 2.5ms | GC: 0.0ms)
Completed 200 OK in 5ms (Views: 3.3ms | ActiveRecord: 0.0ms (0 queries, 0 cached) | GC: 0.0ms)


Started GET "/tasks" for 127.0.0.1 at 2026-08-30 03:39:04 +0500
Processing by TasksController#index as HTML
  Rendering layout layouts/application.html.erb
  Rendering tasks/index.html.erb within layouts/application
  [1m[36mTask Exists? (0.3ms)[0m  [1m[34mSELECT 1 AS one FROM "tasks" LIMIT 1 /*action='index',application='TaskManagementApp',controller='tasks'*/[0m
  ↳ app/views/tasks/index.html.erb:4
  [1m[36mTask Load (0.2ms)[0m  [1m[34mSELECT "tasks".* FROM "tasks" /*action='index',application='TaskManagementApp',controller='tasks'*/[0m
  ↳ app/views/tasks/_task.html.erb:13
  Rendered tasks/_task.html.erb (Duration: 1.3ms | GC: 0.0ms)
  Rendered tasks/index.html.erb within layouts/application (Duration: 3.8ms | GC: 0.8ms)
  Rendered shared/_navbar.html.erb (Duration: 0.2ms | GC: 0.0ms)
  Rendered layout layouts/application.html.erb (Duration: 5.1ms | GC: 0.8ms)
Completed 200 OK in 7ms (Views: 5.1ms | ActiveRecord: 0.6ms (2 queries, 0 cached) | GC: 0.8ms)


Started GET "/task-details" for 127.0.0.1 at 2026-08-30 03:39:05 +0500
Processing by TasksController#details as HTML
  Rendering layout layouts/application.html.erb
  Rendering tasks/details.html.erb within layouts/application
  Rendered tasks/details.html.erb within layouts/application (Duration: 0.5ms | GC: 0.0ms)
  Rendered shared/_navbar.html.erb (Duration: 0.3ms | GC: 0.0ms)
  Rendered layout layouts/application.html.erb (Duration: 3.6ms | GC: 1.4ms)
Completed 200 OK in 6ms (Views: 4.1ms | ActiveRecord: 0.0ms (0 queries, 0 cached) | GC: 1.4ms)


Started GET "/tasks/new" for 127.0.0.1 at 2026-08-30 03:39:05 +0500
Processing by TasksController#new as HTML
  Rendering layout layouts/application.html.erb
  Rendering tasks/new.html.erb within layouts/application
  Rendered tasks/new.html.erb within layouts/application (Duration: 1.4ms | GC: 0.0ms)
  Rendered shared/_navbar.html.erb (Duration: 0.2ms | GC: 0.0ms)
  Rendered layout layouts/application.html.erb (Duration: 2.5ms | GC: 0.0ms)
Completed 200 OK in 4ms (Views: 2.9ms | ActiveRecord: 0.0ms (0 queries, 0 cached) | GC: 0.0ms)


Started GET "/" for 127.0.0.1 at 2026-08-30 03:39:08 +0500
Processing by HomeController#index as HTML
  Rendering layout layouts/application.html.erb
  Rendering home/index.html.erb within layouts/application
  Rendered home/index.html.erb within layouts/application (Duration: 0.2ms | GC: 0.0ms)
  Rendered shared/_navbar.html.erb (Duration: 0.3ms | GC: 0.0ms)
  Rendered layout layouts/application.html.erb (Duration: 2.8ms | GC: 0.0ms)
Completed 200 OK in 5ms (Views: 3.4ms | ActiveRecord: 0.0ms (0 queries, 0 cached) | GC: 0.0ms)


Started GET "/" for 127.0.0.1 at 2026-08-30 03:41:39 +0500
Processing by HomeController#index as HTML
  Rendering layout layouts/application.html.erb
  Rendering home/index.html.erb within layouts/application
  Rendered home/index.html.erb within layouts/application (Duration: 1.2ms | GC: 0.0ms)
  Rendered layout layouts/application.html.erb (Duration: 2.4ms | GC: 0.5ms)
Completed 500 Internal Server Error in 7ms (ActiveRecord: 0.0ms (0 queries, 0 cached) | GC: 0.5ms)


  
ActionView::Template::Error (No route matches {action: "show", controller: "tasks"}, missing required keys: [:id])
Caused by: ActionController::UrlGenerationError (No route matches {action: "show", controller: "tasks"}, missing required keys: [:id])

Information for: ActionView::Template::Error (No route matches {action: "show", controller: "tasks"}, missing required keys: [:id]):
    1: <h1>Welcome to the home page of the task </h1>
    2: <%= link_to "Task List", task_path %>
    3: <%= link_to "Task Detail", task_details_path %>
  
app/views/home/index.html.erb:3

Information for cause: ActionController::UrlGenerationError (No route matches {action: "show", controller: "tasks"}, missing required keys: [:id]):
  
app/views/home/index.html.erb:3
Started GET "/" for 127.0.0.1 at 2026-08-30 03:41:52 +0500
Processing by HomeController#index as HTML
  Rendering layout layouts/application.html.erb
  Rendering home/index.html.erb within layouts/application
  Rendered home/index.html.erb within layouts/application (Duration: 0.5ms | GC: 0.0ms)
  Rendered shared/_navbar.html.erb (Duration: 0.5ms | GC: 0.0ms)
  Rendered layout layouts/application.html.erb (Duration: 6.6ms | GC: 0.0ms)
Completed 200 OK in 11ms (Views: 9.0ms | ActiveRecord: 0.0ms (0 queries, 0 cached) | GC: 0.0ms)


Started GET "/" for 127.0.0.1 at 2026-08-30 03:43:14 +0500
Processing by HomeController#index as HTML
  Rendering layout layouts/application.html.erb
  Rendering home/index.html.erb within layouts/application
  Rendered home/index.html.erb within layouts/application (Duration: 0.2ms | GC: 0.0ms)
  Rendered shared/_navbar.html.erb (Duration: 0.2ms | GC: 0.0ms)
  Rendered layout layouts/application.html.erb (Duration: 1.7ms | GC: 0.0ms)
Completed 200 OK in 4ms (Views: 2.4ms | ActiveRecord: 0.0ms (0 queries, 0 cached) | GC: 0.0ms)


Started GET "/" for 127.0.0.1 at 2026-08-30 03:43:16 +0500
Processing by HomeController#index as HTML
  Rendering layout layouts/application.html.erb
  Rendering home/index.html.erb within layouts/application
  Rendered home/index.html.erb within layouts/application (Duration: 0.2ms | GC: 0.0ms)
  Rendered shared/_navbar.html.erb (Duration: 0.2ms | GC: 0.0ms)
  Rendered layout layouts/application.html.erb (Duration: 1.9ms | GC: 0.0ms)
Completed 200 OK in 5ms (Views: 2.5ms | ActiveRecord: 0.0ms (0 queries, 0 cached) | GC: 0.0ms)


Started GET "/" for 127.0.0.1 at 2026-08-30 03:44:55 +0500
Processing by HomeController#index as HTML
  Rendering layout layouts/application.html.erb
  Rendering home/index.html.erb within layouts/application
  Rendered home/index.html.erb within layouts/application (Duration: 0.5ms | GC: 0.0ms)
  Rendered shared/_navbar.html.erb (Duration: 0.7ms | GC: 0.0ms)
  Rendered layout layouts/application.html.erb (Duration: 7.5ms | GC: 0.6ms)
Completed 200 OK in 13ms (Views: 10.8ms | ActiveRecord: 0.0ms (0 queries, 0 cached) | GC: 1.3ms)


Started GET "/" for 127.0.0.1 at 2026-08-30 03:46:36 +0500
Processing by HomeController#index as HTML
  Rendering layout layouts/application.html.erb
  Rendering home/index.html.erb within layouts/application
  Rendered home/index.html.erb within layouts/application (Duration: 0.6ms | GC: 0.0ms)
  Rendered shared/_navbar.html.erb (Duration: 0.6ms | GC: 0.0ms)
  Rendered layout layouts/application.html.erb (Duration: 5.1ms | GC: 0.2ms)
Completed 200 OK in 10ms (Views: 7.5ms | ActiveRecord: 0.0ms (0 queries, 0 cached) | GC: 0.2ms)


Started GET "/tasks" for 127.0.0.1 at 2026-08-30 03:46:38 +0500
Processing by TasksController#index as HTML
  Rendering layout layouts/application.html.erb
  Rendering tasks/index.html.erb within layouts/application
  [1m[36mTask Exists? (0.3ms)[0m  [1m[34mSELECT 1 AS one FROM "tasks" LIMIT 1 /*action='index',application='TaskManagementApp',controller='tasks'*/[0m
  ↳ app/views/tasks/index.html.erb:4
  [1m[36mTask Load (0.3ms)[0m  [1m[34mSELECT "tasks".* FROM "tasks" /*action='index',application='TaskManagementApp',controller='tasks'*/[0m
  ↳ app/views/tasks/_task.html.erb:13
  Rendered tasks/_task.html.erb (Duration: 9.3ms | GC: 0.0ms)
  Rendered tasks/index.html.erb within layouts/application (Duration: 14.2ms | GC: 0.0ms)
  Rendered shared/_navbar.html.erb (Duration: 0.2ms | GC: 0.0ms)
  Rendered layout layouts/application.html.erb (Duration: 16.1ms | GC: 0.3ms)
Completed 200 OK in 24ms (Views: 14.2ms | ActiveRecord: 3.2ms (2 queries, 0 cached) | GC: 0.8ms)


Started GET "/task-details" for 127.0.0.1 at 2026-08-30 03:46:38 +0500
Processing by TasksController#details as HTML
  Rendering layout layouts/application.html.erb
  Rendering tasks/details.html.erb within layouts/application
  Rendered tasks/details.html.erb within layouts/application (Duration: 0.9ms | GC: 0.0ms)
  Rendered shared/_navbar.html.erb (Duration: 0.1ms | GC: 0.0ms)
  Rendered layout layouts/application.html.erb (Duration: 2.1ms | GC: 0.0ms)
Completed 200 OK in 4ms (Views: 2.6ms | ActiveRecord: 0.0ms (0 queries, 0 cached) | GC: 0.0ms)


Started GET "/tasks" for 127.0.0.1 at 2026-08-30 03:46:42 +0500
Processing by TasksController#index as HTML
  Rendering layout layouts/application.html.erb
  Rendering tasks/index.html.erb within layouts/application
  [1m[36mTask Exists? (0.3ms)[0m  [1m[34mSELECT 1 AS one FROM "tasks" LIMIT 1 /*action='index',application='TaskManagementApp',controller='tasks'*/[0m
  ↳ app/views/tasks/index.html.erb:4
  [1m[36mTask Load (0.3ms)[0m  [1m[34mSELECT "tasks".* FROM "tasks" /*action='index',application='TaskManagementApp',controller='tasks'*/[0m
  ↳ app/views/tasks/_task.html.erb:13
  Rendered tasks/_task.html.erb (Duration: 1.5ms | GC: 0.0ms)
  Rendered tasks/index.html.erb within layouts/application (Duration: 3.2ms | GC: 0.0ms)
  Rendered shared/_navbar.html.erb (Duration: 0.4ms | GC: 0.0ms)
  Rendered layout layouts/application.html.erb (Duration: 5.2ms | GC: 0.4ms)
Completed 200 OK in 7ms (Views: 5.1ms | ActiveRecord: 0.6ms (2 queries, 0 cached) | GC: 0.4ms)


Started GET "/tasks" for 127.0.0.1 at 2026-08-30 03:46:44 +0500
Processing by TasksController#index as HTML
  Rendering layout layouts/application.html.erb
  Rendering tasks/index.html.erb within layouts/application
  [1m[36mTask Exists? (0.4ms)[0m  [1m[34mSELECT 1 AS one FROM "tasks" LIMIT 1 /*action='index',application='TaskManagementApp',controller='tasks'*/[0m
  ↳ app/views/tasks/index.html.erb:4
  [1m[36mTask Load (0.2ms)[0m  [1m[34mSELECT "tasks".* FROM "tasks" /*action='index',application='TaskManagementApp',controller='tasks'*/[0m
  ↳ app/views/tasks/_task.html.erb:13
  Rendered tasks/_task.html.erb (Duration: 1.5ms | GC: 0.0ms)
  Rendered tasks/index.html.erb within layouts/application (Duration: 3.2ms | GC: 0.0ms)
  Rendered shared/_navbar.html.erb (Duration: 0.3ms | GC: 0.0ms)
  Rendered layout layouts/application.html.erb (Duration: 5.1ms | GC: 0.0ms)
Completed 200 OK in 8ms (Views: 5.1ms | ActiveRecord: 0.6ms (2 queries, 0 cached) | GC: 0.0ms)


Started GET "/" for 127.0.0.1 at 2026-08-30 03:46:45 +0500
Processing by HomeController#index as HTML
  Rendering layout layouts/application.html.erb
  Rendering home/index.html.erb within layouts/application
  Rendered home/index.html.erb within layouts/application (Duration: 0.2ms | GC: 0.0ms)
  Rendered shared/_navbar.html.erb (Duration: 0.2ms | GC: 0.0ms)
  Rendered layout layouts/application.html.erb (Duration: 1.7ms | GC: 0.0ms)
Completed 200 OK in 4ms (Views: 2.3ms | ActiveRecord: 0.0ms (0 queries, 0 cached) | GC: 0.0ms)


Started GET "/tasks" for 127.0.0.1 at 2026-08-30 03:47:10 +0500
Processing by TasksController#index as HTML
  Rendering layout layouts/application.html.erb
  Rendering tasks/index.html.erb within layouts/application
  [1m[36mTask Exists? (0.3ms)[0m  [1m[34mSELECT 1 AS one FROM "tasks" LIMIT 1 /*action='index',application='TaskManagementApp',controller='tasks'*/[0m
  ↳ app/views/tasks/index.html.erb:4
  [1m[36mTask Load (0.3ms)[0m  [1m[34mSELECT "tasks".* FROM "tasks" /*action='index',application='TaskManagementApp',controller='tasks'*/[0m
  ↳ app/views/tasks/_task.html.erb:13
  Rendered tasks/_task.html.erb (Duration: 1.5ms | GC: 0.0ms)
  Rendered tasks/index.html.erb within layouts/application (Duration: 3.5ms | GC: 0.5ms)
  Rendered shared/_navbar.html.erb (Duration: 0.2ms | GC: 0.0ms)
  Rendered layout layouts/application.html.erb (Duration: 5.0ms | GC: 0.5ms)
Completed 200 OK in 7ms (Views: 4.9ms | ActiveRecord: 0.6ms (2 queries, 0 cached) | GC: 0.5ms)


Started GET "/" for 127.0.0.1 at 2026-08-30 03:47:38 +0500
Processing by HomeController#index as HTML
  Rendering layout layouts/application.html.erb
  Rendering home/index.html.erb within layouts/application
  Rendered home/index.html.erb within layouts/application (Duration: 0.2ms | GC: 0.0ms)
  Rendered shared/_navbar.html.erb (Duration: 0.2ms | GC: 0.0ms)
  Rendered layout layouts/application.html.erb (Duration: 1.5ms | GC: 0.0ms)
Completed 200 OK in 4ms (Views: 2.1ms | ActiveRecord: 0.0ms (0 queries, 0 cached) | GC: 0.0ms)


Started GET "/" for 127.0.0.1 at 2026-08-30 03:47:39 +0500
Processing by HomeController#index as HTML
  Rendering layout layouts/application.html.erb
  Rendering home/index.html.erb within layouts/application
  Rendered home/index.html.erb within layouts/application (Duration: 0.2ms | GC: 0.0ms)
  Rendered shared/_navbar.html.erb (Duration: 0.3ms | GC: 0.0ms)
  Rendered layout layouts/application.html.erb (Duration: 3.4ms | GC: 0.6ms)
Completed 200 OK in 6ms (Views: 4.2ms | ActiveRecord: 0.0ms (0 queries, 0 cached) | GC: 0.6ms)


Started GET "/.well-known/appspecific/com.chrome.devtools.json" for 127.0.0.1 at 2026-08-30 03:47:44 +0500
  
ActionController::RoutingError (No route matches [GET] "/.well-known/appspecific/com.chrome.devtools.json"):
  
Started GET "/task-details" for 127.0.0.1 at 2026-08-30 03:48:13 +0500
Processing by TasksController#details as HTML
  Rendering layout layouts/application.html.erb
  Rendering tasks/details.html.erb within layouts/application
  Rendered tasks/details.html.erb within layouts/application (Duration: 0.5ms | GC: 0.0ms)
  Rendered shared/_navbar.html.erb (Duration: 0.2ms | GC: 0.0ms)
  Rendered layout layouts/application.html.erb (Duration: 1.8ms | GC: 0.0ms)
Completed 200 OK in 4ms (Views: 2.2ms | ActiveRecord: 0.0ms (0 queries, 0 cached) | GC: 0.0ms)


Started GET "/tasks" for 127.0.0.1 at 2026-08-30 03:48:14 +0500
Processing by TasksController#index as HTML
  Rendering layout layouts/application.html.erb
  Rendering tasks/index.html.erb within layouts/application
  [1m[36mTask Exists? (0.3ms)[0m  [1m[34mSELECT 1 AS one FROM "tasks" LIMIT 1 /*action='index',application='TaskManagementApp',controller='tasks'*/[0m
  ↳ app/views/tasks/index.html.erb:4
  [1m[36mTask Load (0.3ms)[0m  [1m[34mSELECT "tasks".* FROM "tasks" /*action='index',application='TaskManagementApp',controller='tasks'*/[0m
  ↳ app/views/tasks/_task.html.erb:13
  Rendered tasks/_task.html.erb (Duration: 1.4ms | GC: 0.0ms)
  Rendered tasks/index.html.erb within layouts/application (Duration: 2.8ms | GC: 0.0ms)
  Rendered shared/_navbar.html.erb (Duration: 0.2ms | GC: 0.0ms)
  Rendered layout layouts/application.html.erb (Duration: 4.2ms | GC: 0.0ms)
Completed 200 OK in 7ms (Views: 4.0ms | ActiveRecord: 0.6ms (2 queries, 0 cached) | GC: 0.0ms)


Started GET "/task-details" for 127.0.0.1 at 2026-08-30 03:48:14 +0500
Processing by TasksController#details as HTML
  Rendering layout layouts/application.html.erb
  Rendering tasks/details.html.erb within layouts/application
  Rendered tasks/details.html.erb within layouts/application (Duration: 0.8ms | GC: 0.3ms)
  Rendered shared/_navbar.html.erb (Duration: 0.1ms | GC: 0.0ms)
  Rendered layout layouts/application.html.erb (Duration: 2.0ms | GC: 0.3ms)
Completed 200 OK in 4ms (Views: 2.5ms | ActiveRecord: 0.0ms (0 queries, 0 cached) | GC: 0.3ms)


Started GET "/task-details?query=task1&commit=Search" for 127.0.0.1 at 2026-08-30 03:48:18 +0500
Processing by TasksController#details as HTML
  Parameters: {"query" => "task1", "commit" => "Search"}
  [1m[36mTask Load (0.7ms)[0m  [1m[34mSELECT "tasks".* FROM "tasks" WHERE "tasks"."tittle" = 'task1' LIMIT 1 /*action='details',application='TaskManagementApp',controller='tasks'*/[0m
  ↳ app/controllers/tasks_controller.rb:10:in 'TasksController#details'
  Rendering layout layouts/application.html.erb
  Rendering tasks/details.html.erb within layouts/application
  Rendered tasks/details.html.erb within layouts/application (Duration: 0.8ms | GC: 0.2ms)
  Rendered shared/_navbar.html.erb (Duration: 0.2ms | GC: 0.0ms)
  Rendered layout layouts/application.html.erb (Duration: 2.2ms | GC: 0.2ms)
Completed 200 OK in 7ms (Views: 2.7ms | ActiveRecord: 0.7ms (1 query, 0 cached) | GC: 0.2ms)


Started GET "/" for 127.0.0.1 at 2026-08-30 03:48:19 +0500
Processing by HomeController#index as HTML
  Rendering layout layouts/application.html.erb
  Rendering home/index.html.erb within layouts/application
  Rendered home/index.html.erb within layouts/application (Duration: 0.2ms | GC: 0.0ms)
  Rendered shared/_navbar.html.erb (Duration: 0.2ms | GC: 0.0ms)
  Rendered layout layouts/application.html.erb (Duration: 1.8ms | GC: 0.0ms)
Completed 200 OK in 4ms (Views: 2.4ms | ActiveRecord: 0.0ms (0 queries, 0 cached) | GC: 0.0ms)


Started GET "/tasks" for 127.0.0.1 at 2026-08-30 03:48:23 +0500
Processing by TasksController#index as HTML
  Rendering layout layouts/application.html.erb
  Rendering tasks/index.html.erb within layouts/application
  [1m[36mTask Exists? (0.3ms)[0m  [1m[34mSELECT 1 AS one FROM "tasks" LIMIT 1 /*action='index',application='TaskManagementApp',controller='tasks'*/[0m
  ↳ app/views/tasks/index.html.erb:4
  [1m[36mTask Load (0.2ms)[0m  [1m[34mSELECT "tasks".* FROM "tasks" /*action='index',application='TaskManagementApp',controller='tasks'*/[0m
  ↳ app/views/tasks/_task.html.erb:13
  Rendered tasks/_task.html.erb (Duration: 1.3ms | GC: 0.0ms)
  Rendered tasks/index.html.erb within layouts/application (Duration: 2.7ms | GC: 0.0ms)
  Rendered shared/_navbar.html.erb (Duration: 0.2ms | GC: 0.0ms)
  Rendered layout layouts/application.html.erb (Duration: 4.6ms | GC: 0.0ms)
Completed 200 OK in 7ms (Views: 4.7ms | ActiveRecord: 0.5ms (2 queries, 0 cached) | GC: 0.4ms)


Started GET "/task-details" for 127.0.0.1 at 2026-08-30 03:48:24 +0500
Processing by TasksController#details as HTML
  Rendering layout layouts/application.html.erb
  Rendering tasks/details.html.erb within layouts/application
  Rendered tasks/details.html.erb within layouts/application (Duration: 1.1ms | GC: 0.5ms)
  Rendered shared/_navbar.html.erb (Duration: 0.2ms | GC: 0.0ms)
  Rendered layout layouts/application.html.erb (Duration: 2.5ms | GC: 0.5ms)
Completed 200 OK in 5ms (Views: 3.0ms | ActiveRecord: 0.0ms (0 queries, 0 cached) | GC: 0.5ms)


Started GET "/tasks/new" for 127.0.0.1 at 2026-08-30 03:48:24 +0500
Processing by TasksController#new as HTML
  Rendering layout layouts/application.html.erb
  Rendering tasks/new.html.erb within layouts/application
  Rendered tasks/new.html.erb within layouts/application (Duration: 2.1ms | GC: 0.0ms)
  Rendered shared/_navbar.html.erb (Duration: 0.7ms | GC: 0.4ms)
  Rendered layout layouts/application.html.erb (Duration: 3.8ms | GC: 0.4ms)
Completed 200 OK in 6ms (Views: 4.4ms | ActiveRecord: 0.0ms (0 queries, 0 cached) | GC: 0.4ms)


Started GET "/task-details" for 127.0.0.1 at 2026-08-30 03:48:25 +0500
Processing by TasksController#details as HTML
  Rendering layout layouts/application.html.erb
  Rendering tasks/details.html.erb within layouts/application
  Rendered tasks/details.html.erb within layouts/application (Duration: 0.6ms | GC: 0.0ms)
  Rendered shared/_navbar.html.erb (Duration: 0.2ms | GC: 0.0ms)
  Rendered layout layouts/application.html.erb (Duration: 2.1ms | GC: 0.0ms)
Completed 200 OK in 4ms (Views: 2.7ms | ActiveRecord: 0.0ms (0 queries, 0 cached) | GC: 0.0ms)


Started GET "/task-details" for 127.0.0.1 at 2026-08-30 03:48:32 +0500
Processing by TasksController#details as HTML
  Rendering layout layouts/application.html.erb
  Rendering tasks/details.html.erb within layouts/application
  Rendered tasks/details.html.erb within layouts/application (Duration: 0.8ms | GC: 0.3ms)
  Rendered shared/_navbar.html.erb (Duration: 0.2ms | GC: 0.0ms)
  Rendered layout layouts/application.html.erb (Duration: 2.1ms | GC: 0.3ms)
Completed 200 OK in 4ms (Views: 2.5ms | ActiveRecord: 0.0ms (0 queries, 0 cached) | GC: 0.3ms)


Started GET "/tasks" for 127.0.0.1 at 2026-08-30 03:48:33 +0500
Processing by TasksController#index as HTML
  Rendering layout layouts/application.html.erb
  Rendering tasks/index.html.erb within layouts/application
  [1m[36mTask Exists? (0.4ms)[0m  [1m[34mSELECT 1 AS one FROM "tasks" LIMIT 1 /*action='index',application='TaskManagementApp',controller='tasks'*/[0m
  ↳ app/views/tasks/index.html.erb:4
  [1m[36mTask Load (0.3ms)[0m  [1m[34mSELECT "tasks".* FROM "tasks" /*action='index',application='TaskManagementApp',controller='tasks'*/[0m
  ↳ app/views/tasks/_task.html.erb:13
  Rendered tasks/_task.html.erb (Duration: 1.5ms | GC: 0.0ms)
  Rendered tasks/index.html.erb within layouts/application (Duration: 3.2ms | GC: 0.0ms)
  Rendered shared/_navbar.html.erb (Duration: 0.2ms | GC: 0.0ms)
  Rendered layout layouts/application.html.erb (Duration: 4.9ms | GC: 0.0ms)
Completed 200 OK in 7ms (Views: 4.7ms | ActiveRecord: 0.7ms (2 queries, 0 cached) | GC: 0.0ms)


Started GET "/tasks" for 127.0.0.1 at 2026-08-30 03:48:34 +0500
Processing by TasksController#index as HTML
  Rendering layout layouts/application.html.erb
  Rendering tasks/index.html.erb within layouts/application
  [1m[36mTask Exists? (0.3ms)[0m  [1m[34mSELECT 1 AS one FROM "tasks" LIMIT 1 /*action='index',application='TaskManagementApp',controller='tasks'*/[0m
  ↳ app/views/tasks/index.html.erb:4
  [1m[36mTask Load (0.2ms)[0m  [1m[34mSELECT "tasks".* FROM "tasks" /*action='index',application='TaskManagementApp',controller='tasks'*/[0m
  ↳ app/views/tasks/_task.html.erb:13
  Rendered tasks/_task.html.erb (Duration: 1.2ms | GC: 0.0ms)
  Rendered tasks/index.html.erb within layouts/application (Duration: 2.7ms | GC: 0.0ms)
  Rendered shared/_navbar.html.erb (Duration: 0.2ms | GC: 0.0ms)
  Rendered layout layouts/application.html.erb (Duration: 3.9ms | GC: 0.0ms)
Completed 200 OK in 6ms (Views: 3.9ms | ActiveRecord: 0.5ms (2 queries, 0 cached) | GC: 0.0ms)


Started GET "/task-details" for 127.0.0.1 at 2026-08-30 03:48:34 +0500
Processing by TasksController#details as HTML
  Rendering layout layouts/application.html.erb
  Rendering tasks/details.html.erb within layouts/application
  Rendered tasks/details.html.erb within layouts/application (Duration: 0.5ms | GC: 0.0ms)
  Rendered shared/_navbar.html.erb (Duration: 0.5ms | GC: 0.3ms)
  Rendered layout layouts/application.html.erb (Duration: 2.0ms | GC: 0.3ms)
Completed 200 OK in 4ms (Views: 2.5ms | ActiveRecord: 0.0ms (0 queries, 0 cached) | GC: 0.3ms)


Started GET "/tasks" for 127.0.0.1 at 2026-08-30 03:48:34 +0500
Processing by TasksController#index as HTML
  Rendering layout layouts/application.html.erb
  Rendering tasks/index.html.erb within layouts/application
  [1m[36mTask Exists? (0.3ms)[0m  [1m[34mSELECT 1 AS one FROM "tasks" LIMIT 1 /*action='index',application='TaskManagementApp',controller='tasks'*/[0m
  ↳ app/views/tasks/index.html.erb:4
  [1m[36mTask Load (0.2ms)[0m  [1m[34mSELECT "tasks".* FROM "tasks" /*action='index',application='TaskManagementApp',controller='tasks'*/[0m
  ↳ app/views/tasks/_task.html.erb:13
  Rendered tasks/_task.html.erb (Duration: 1.3ms | GC: 0.0ms)
  Rendered tasks/index.html.erb within layouts/application (Duration: 2.7ms | GC: 0.0ms)
  Rendered shared/_navbar.html.erb (Duration: 0.2ms | GC: 0.0ms)
  Rendered layout layouts/application.html.erb (Duration: 4.1ms | GC: 0.0ms)
Completed 200 OK in 6ms (Views: 4.1ms | ActiveRecord: 0.5ms (2 queries, 0 cached) | GC: 0.0ms)


Started GET "/task-details" for 127.0.0.1 at 2026-08-30 03:48:35 +0500
Processing by TasksController#details as HTML
  Rendering layout layouts/application.html.erb
  Rendering tasks/details.html.erb within layouts/application
  Rendered tasks/details.html.erb within layouts/application (Duration: 0.7ms | GC: 0.0ms)
  Rendered shared/_navbar.html.erb (Duration: 0.2ms | GC: 0.0ms)
  Rendered layout layouts/application.html.erb (Duration: 2.6ms | GC: 0.0ms)
Completed 200 OK in 6ms (Views: 3.8ms | ActiveRecord: 0.0ms (0 queries, 0 cached) | GC: 0.5ms)


Started GET "/tasks" for 127.0.0.1 at 2026-08-30 03:48:35 +0500
Processing by TasksController#index as HTML
  Rendering layout layouts/application.html.erb
  Rendering tasks/index.html.erb within layouts/application
  [1m[36mTask Exists? (0.3ms)[0m  [1m[34mSELECT 1 AS one FROM "tasks" LIMIT 1 /*action='index',application='TaskManagementApp',controller='tasks'*/[0m
  ↳ app/views/tasks/index.html.erb:4
  [1m[36mTask Load (0.2ms)[0m  [1m[34mSELECT "tasks".* FROM "tasks" /*action='index',application='TaskManagementApp',controller='tasks'*/[0m
  ↳ app/views/tasks/_task.html.erb:13
  Rendered tasks/_task.html.erb (Duration: 1.2ms | GC: 0.0ms)
  Rendered tasks/index.html.erb within layouts/application (Duration: 2.7ms | GC: 0.0ms)
  Rendered shared/_navbar.html.erb (Duration: 0.3ms | GC: 0.0ms)
  Rendered layout layouts/application.html.erb (Duration: 4.2ms | GC: 0.0ms)
Completed 200 OK in 6ms (Views: 4.2ms | ActiveRecord: 0.5ms (2 queries, 0 cached) | GC: 0.0ms)


Started GET "/tasks" for 127.0.0.1 at 2026-08-30 03:48:36 +0500
Processing by TasksController#index as HTML
  Rendering layout layouts/application.html.erb
  Rendering tasks/index.html.erb within layouts/application
  [1m[36mTask Exists? (0.3ms)[0m  [1m[34mSELECT 1 AS one FROM "tasks" LIMIT 1 /*action='index',application='TaskManagementApp',controller='tasks'*/[0m
  ↳ app/views/tasks/index.html.erb:4
  [1m[36mTask Load (0.3ms)[0m  [1m[34mSELECT "tasks".* FROM "tasks" /*action='index',application='TaskManagementApp',controller='tasks'*/[0m
  ↳ app/views/tasks/_task.html.erb:13
  Rendered tasks/_task.html.erb (Duration: 1.7ms | GC: 0.0ms)
  Rendered tasks/index.html.erb within layouts/application (Duration: 3.2ms | GC: 0.0ms)
  Rendered shared/_navbar.html.erb (Duration: 0.2ms | GC: 0.0ms)
  Rendered layout layouts/application.html.erb (Duration: 4.5ms | GC: 0.0ms)
Completed 200 OK in 7ms (Views: 4.4ms | ActiveRecord: 0.6ms (2 queries, 0 cached) | GC: 0.0ms)


Started GET "/task-details" for 127.0.0.1 at 2026-08-30 03:48:36 +0500
Processing by TasksController#details as HTML
  Rendering layout layouts/application.html.erb
  Rendering tasks/details.html.erb within layouts/application
  Rendered tasks/details.html.erb within layouts/application (Duration: 0.5ms | GC: 0.0ms)
  Rendered shared/_navbar.html.erb (Duration: 0.2ms | GC: 0.0ms)
  Rendered layout layouts/application.html.erb (Duration: 2.4ms | GC: 0.3ms)
Completed 200 OK in 5ms (Views: 3.0ms | ActiveRecord: 0.0ms (0 queries, 0 cached) | GC: 0.3ms)


Started GET "/" for 127.0.0.1 at 2026-08-30 03:49:05 +0500
Processing by HomeController#index as HTML
  Rendering layout layouts/application.html.erb
  Rendering home/index.html.erb within layouts/application
  Rendered home/index.html.erb within layouts/application (Duration: 0.2ms | GC: 0.0ms)
  Rendered shared/_navbar.html.erb (Duration: 0.4ms | GC: 0.0ms)
  Rendered layout layouts/application.html.erb (Duration: 2.8ms | GC: 0.1ms)
Completed 200 OK in 5ms (Views: 3.6ms | ActiveRecord: 0.0ms (0 queries, 0 cached) | GC: 0.1ms)


Started GET "/" for 127.0.0.1 at 2026-08-30 03:49:06 +0500
Processing by HomeController#index as HTML
  Rendering layout layouts/application.html.erb
  Rendering home/index.html.erb within layouts/application
  Rendered home/index.html.erb within layouts/application (Duration: 0.3ms | GC: 0.0ms)
  Rendered shared/_navbar.html.erb (Duration: 0.1ms | GC: 0.0ms)
  Rendered layout layouts/application.html.erb (Duration: 1.6ms | GC: 0.0ms)
Completed 200 OK in 4ms (Views: 2.2ms | ActiveRecord: 0.0ms (0 queries, 0 cached) | GC: 0.0ms)


Started GET "/tasks" for 127.0.0.1 at 2026-08-30 03:49:07 +0500
Processing by TasksController#index as HTML
  Rendering layout layouts/application.html.erb
  Rendering tasks/index.html.erb within layouts/application
  [1m[36mTask Exists? (0.3ms)[0m  [1m[34mSELECT 1 AS one FROM "tasks" LIMIT 1 /*action='index',application='TaskManagementApp',controller='tasks'*/[0m
  ↳ app/views/tasks/index.html.erb:4
  [1m[36mTask Load (0.4ms)[0m  [1m[34mSELECT "tasks".* FROM "tasks" /*action='index',application='TaskManagementApp',controller='tasks'*/[0m
  ↳ app/views/tasks/_task.html.erb:13
  Rendered tasks/_task.html.erb (Duration: 2.1ms | GC: 0.0ms)
  Rendered tasks/index.html.erb within layouts/application (Duration: 3.7ms | GC: 0.0ms)
  Rendered shared/_navbar.html.erb (Duration: 0.2ms | GC: 0.0ms)
  Rendered layout layouts/application.html.erb (Duration: 5.0ms | GC: 0.0ms)
Completed 200 OK in 7ms (Views: 4.8ms | ActiveRecord: 0.7ms (2 queries, 0 cached) | GC: 0.0ms)


Started GET "/tasks" for 127.0.0.1 at 2026-08-30 03:49:08 +0500
Processing by TasksController#index as HTML
  Rendering layout layouts/application.html.erb
  Rendering tasks/index.html.erb within layouts/application
  [1m[36mTask Exists? (0.3ms)[0m  [1m[34mSELECT 1 AS one FROM "tasks" LIMIT 1 /*action='index',application='TaskManagementApp',controller='tasks'*/[0m
  ↳ app/views/tasks/index.html.erb:4
  [1m[36mTask Load (0.3ms)[0m  [1m[34mSELECT "tasks".* FROM "tasks" /*action='index',application='TaskManagementApp',controller='tasks'*/[0m
  ↳ app/views/tasks/_task.html.erb:13
  Rendered tasks/_task.html.erb (Duration: 1.4ms | GC: 0.0ms)
  Rendered tasks/index.html.erb within layouts/application (Duration: 2.9ms | GC: 0.0ms)
  Rendered shared/_navbar.html.erb (Duration: 0.2ms | GC: 0.0ms)
  Rendered layout layouts/application.html.erb (Duration: 4.6ms | GC: 0.0ms)
Completed 200 OK in 7ms (Views: 4.5ms | ActiveRecord: 0.6ms (2 queries, 0 cached) | GC: 0.0ms)


Started GET "/" for 127.0.0.1 at 2026-08-30 03:49:09 +0500
Processing by HomeController#index as HTML
  Rendering layout layouts/application.html.erb
  Rendering home/index.html.erb within layouts/application
  Rendered home/index.html.erb within layouts/application (Duration: 0.2ms | GC: 0.0ms)
  Rendered shared/_navbar.html.erb (Duration: 0.1ms | GC: 0.0ms)
  Rendered layout layouts/application.html.erb (Duration: 1.5ms | GC: 0.0ms)
Completed 200 OK in 4ms (Views: 2.1ms | ActiveRecord: 0.0ms (0 queries, 0 cached) | GC: 0.0ms)


Started GET "/" for 127.0.0.1 at 2026-08-30 03:49:10 +0500
Processing by HomeController#index as HTML
  Rendering layout layouts/application.html.erb
  Rendering home/index.html.erb within layouts/application
  Rendered home/index.html.erb within layouts/application (Duration: 0.2ms | GC: 0.0ms)
  Rendered shared/_navbar.html.erb (Duration: 0.2ms | GC: 0.0ms)
  Rendered layout layouts/application.html.erb (Duration: 1.9ms | GC: 0.0ms)
Completed 200 OK in 4ms (Views: 2.4ms | ActiveRecord: 0.0ms (0 queries, 0 cached) | GC: 0.0ms)


Using vips to process variants requires the libvips library. Please install libvips using the instructions on the libvips website.
Using vips to process variants requires the libvips library. Please install libvips using the instructions on the libvips website.
Started GET "/" for 127.0.0.1 at 2026-08-30 21:42:15 +0500
  [1m[36mActiveRecord::SchemaMigration Load (70.7ms)[0m  [1m[34mSELECT "schema_migrations"."version" FROM "schema_migrations" ORDER BY "schema_migrations"."version" ASC /*application='TaskManagementApp'*/[0m
Processing by HomeController#index as HTML
  Rendering layout layouts/application.html.erb
  Rendering home/index.html.erb within layouts/application
  Rendered home/index.html.erb within layouts/application (Duration: 0.8ms | GC: 0.0ms)
  Rendered shared/_navbar.html.erb (Duration: 0.9ms | GC: 0.0ms)
  Rendered layout layouts/application.html.erb (Duration: 44.4ms | GC: 0.0ms)
Completed 200 OK in 101ms (Views: 51.2ms | ActiveRecord: 0.0ms (0 queries, 0 cached) | GC: 0.0ms)


Started GET "/tasks" for 127.0.0.1 at 2026-08-30 21:42:19 +0500
Processing by TasksController#index as HTML
  Rendering layout layouts/application.html.erb
  Rendering tasks/index.html.erb within layouts/application
  [1m[36mTask Exists? (36.8ms)[0m  [1m[34mSELECT 1 AS one FROM "tasks" LIMIT 1 /*action='index',application='TaskManagementApp',controller='tasks'*/[0m
  ↳ app/views/tasks/index.html.erb:4
  [1m[36mTask Load (43.3ms)[0m  [1m[34mSELECT "tasks".* FROM "tasks" /*action='index',application='TaskManagementApp',controller='tasks'*/[0m
  ↳ app/views/tasks/_task.html.erb:13
  Rendered tasks/_task.html.erb (Duration: 60.7ms | GC: 0.0ms)
  Rendered tasks/index.html.erb within layouts/application (Duration: 166.8ms | GC: 0.0ms)
  Rendered shared/_navbar.html.erb (Duration: 0.3ms | GC: 0.0ms)
  Rendered layout layouts/application.html.erb (Duration: 175.9ms | GC: 0.0ms)
Completed 200 OK in 211ms (Views: 73.1ms | ActiveRecord: 106.6ms (2 queries, 0 cached) | GC: 0.0ms)


Started GET "/task-details" for 127.0.0.1 at 2026-08-30 21:42:20 +0500
Processing by TasksController#details as HTML
  Rendering layout layouts/application.html.erb
  Rendering tasks/details.html.erb within layouts/application
  Rendered tasks/details.html.erb within layouts/application (Duration: 3.0ms | GC: 0.0ms)
  Rendered shared/_navbar.html.erb (Duration: 0.2ms | GC: 0.0ms)
  Rendered layout layouts/application.html.erb (Duration: 4.9ms | GC: 0.0ms)
Completed 200 OK in 8ms (Views: 5.5ms | ActiveRecord: 0.0ms (0 queries, 0 cached) | GC: 0.0ms)


Started GET "/tasks" for 127.0.0.1 at 2026-08-30 21:42:20 +0500
Processing by TasksController#index as HTML
  Rendering layout layouts/application.html.erb
  Rendering tasks/index.html.erb within layouts/application
  [1m[36mTask Exists? (0.4ms)[0m  [1m[34mSELECT 1 AS one FROM "tasks" LIMIT 1 /*action='index',application='TaskManagementApp',controller='tasks'*/[0m
  ↳ app/views/tasks/index.html.erb:4
  [1m[36mTask Load (0.3ms)[0m  [1m[34mSELECT "tasks".* FROM "tasks" /*action='index',application='TaskManagementApp',controller='tasks'*/[0m
  ↳ app/views/tasks/_task.html.erb:13
  Rendered tasks/_task.html.erb (Duration: 1.6ms | GC: 0.0ms)
  Rendered tasks/index.html.erb within layouts/application (Duration: 4.1ms | GC: 0.0ms)
  Rendered shared/_navbar.html.erb (Duration: 0.2ms | GC: 0.0ms)
  Rendered layout layouts/application.html.erb (Duration: 6.1ms | GC: 0.0ms)
Completed 200 OK in 9ms (Views: 6.0ms | ActiveRecord: 0.8ms (2 queries, 0 cached) | GC: 0.0ms)


Started GET "/tasks" for 127.0.0.1 at 2026-08-30 21:42:22 +0500
Processing by TasksController#index as HTML
  Rendering layout layouts/application.html.erb
  Rendering tasks/index.html.erb within layouts/application
  [1m[36mTask Exists? (0.4ms)[0m  [1m[34mSELECT 1 AS one FROM "tasks" LIMIT 1 /*action='index',application='TaskManagementApp',controller='tasks'*/[0m
  ↳ app/views/tasks/index.html.erb:4
  [1m[36mTask Load (0.3ms)[0m  [1m[34mSELECT "tasks".* FROM "tasks" /*action='index',application='TaskManagementApp',controller='tasks'*/[0m
  ↳ app/views/tasks/_task.html.erb:13
  Rendered tasks/_task.html.erb (Duration: 1.4ms | GC: 0.0ms)
  Rendered tasks/index.html.erb within layouts/application (Duration: 3.1ms | GC: 0.0ms)
  Rendered shared/_navbar.html.erb (Duration: 0.2ms | GC: 0.0ms)
  Rendered layout layouts/application.html.erb (Duration: 4.3ms | GC: 0.0ms)
Completed 200 OK in 7ms (Views: 4.3ms | ActiveRecord: 0.6ms (2 queries, 0 cached) | GC: 0.0ms)


Started GET "/task-details" for 127.0.0.1 at 2026-08-30 21:42:22 +0500
Processing by TasksController#details as HTML
  Rendering layout layouts/application.html.erb
  Rendering tasks/details.html.erb within layouts/application
  Rendered tasks/details.html.erb within layouts/application (Duration: 0.8ms | GC: 0.0ms)
  Rendered shared/_navbar.html.erb (Duration: 0.2ms | GC: 0.0ms)
  Rendered layout layouts/application.html.erb (Duration: 2.9ms | GC: 0.0ms)
Completed 200 OK in 36ms (Views: 9.7ms | ActiveRecord: 0.0ms (0 queries, 0 cached) | GC: 0.0ms)


Started GET "/tasks" for 127.0.0.1 at 2026-08-30 21:42:23 +0500
Processing by TasksController#index as HTML
  Rendering layout layouts/application.html.erb
  Rendering tasks/index.html.erb within layouts/application
  [1m[36mTask Exists? (0.4ms)[0m  [1m[34mSELECT 1 AS one FROM "tasks" LIMIT 1 /*action='index',application='TaskManagementApp',controller='tasks'*/[0m
  ↳ app/views/tasks/index.html.erb:4
  [1m[36mTask Load (0.3ms)[0m  [1m[34mSELECT "tasks".* FROM "tasks" /*action='index',application='TaskManagementApp',controller='tasks'*/[0m
  ↳ app/views/tasks/_task.html.erb:13
  Rendered tasks/_task.html.erb (Duration: 1.9ms | GC: 0.0ms)
  Rendered tasks/index.html.erb within layouts/application (Duration: 3.6ms | GC: 0.0ms)
  Rendered shared/_navbar.html.erb (Duration: 0.3ms | GC: 0.0ms)
  Rendered layout layouts/application.html.erb (Duration: 5.4ms | GC: 0.0ms)
Completed 200 OK in 7ms (Views: 5.2ms | ActiveRecord: 0.7ms (2 queries, 0 cached) | GC: 0.0ms)


Started GET "/tasks" for 127.0.0.1 at 2026-08-30 21:42:24 +0500
Processing by TasksController#index as HTML
  Rendering layout layouts/application.html.erb
  Rendering tasks/index.html.erb within layouts/application
  [1m[36mTask Exists? (0.3ms)[0m  [1m[34mSELECT 1 AS one FROM "tasks" LIMIT 1 /*action='index',application='TaskManagementApp',controller='tasks'*/[0m
  ↳ app/views/tasks/index.html.erb:4
  [1m[36mTask Load (0.3ms)[0m  [1m[34mSELECT "tasks".* FROM "tasks" /*action='index',application='TaskManagementApp',controller='tasks'*/[0m
  ↳ app/views/tasks/_task.html.erb:13
  Rendered tasks/_task.html.erb (Duration: 1.4ms | GC: 0.0ms)
  Rendered tasks/index.html.erb within layouts/application (Duration: 3.1ms | GC: 0.0ms)
  Rendered shared/_navbar.html.erb (Duration: 0.2ms | GC: 0.0ms)
  Rendered layout layouts/application.html.erb (Duration: 4.5ms | GC: 0.0ms)
Completed 200 OK in 7ms (Views: 4.4ms | ActiveRecord: 0.6ms (2 queries, 0 cached) | GC: 0.0ms)


Started GET "/tasks" for 127.0.0.1 at 2026-08-30 21:42:24 +0500
Processing by TasksController#index as HTML
  Rendering layout layouts/application.html.erb
  Rendering tasks/index.html.erb within layouts/application
  [1m[36mTask Exists? (0.3ms)[0m  [1m[34mSELECT 1 AS one FROM "tasks" LIMIT 1 /*action='index',application='TaskManagementApp',controller='tasks'*/[0m
  ↳ app/views/tasks/index.html.erb:4
  [1m[36mTask Load (0.3ms)[0m  [1m[34mSELECT "tasks".* FROM "tasks" /*action='index',application='TaskManagementApp',controller='tasks'*/[0m
  ↳ app/views/tasks/_task.html.erb:13
  Rendered tasks/_task.html.erb (Duration: 1.5ms | GC: 0.0ms)
  Rendered tasks/index.html.erb within layouts/application (Duration: 3.3ms | GC: 0.0ms)
  Rendered shared/_navbar.html.erb (Duration: 0.3ms | GC: 0.0ms)
  Rendered layout layouts/application.html.erb (Duration: 4.7ms | GC: 0.0ms)
Completed 200 OK in 7ms (Views: 4.6ms | ActiveRecord: 0.6ms (2 queries, 0 cached) | GC: 0.0ms)


Started GET "/tasks" for 127.0.0.1 at 2026-08-30 21:42:26 +0500
Processing by TasksController#index as HTML
  Rendering layout layouts/application.html.erb
  Rendering tasks/index.html.erb within layouts/application
  [1m[36mTask Exists? (0.4ms)[0m  [1m[34mSELECT 1 AS one FROM "tasks" LIMIT 1 /*action='index',application='TaskManagementApp',controller='tasks'*/[0m
  ↳ app/views/tasks/index.html.erb:4
  [1m[36mTask Load (0.4ms)[0m  [1m[34mSELECT "tasks".* FROM "tasks" /*action='index',application='TaskManagementApp',controller='tasks'*/[0m
  ↳ app/views/tasks/_task.html.erb:13
  Rendered tasks/_task.html.erb (Duration: 2.0ms | GC: 0.0ms)
  Rendered tasks/index.html.erb within layouts/application (Duration: 4.1ms | GC: 0.0ms)
  Rendered shared/_navbar.html.erb (Duration: 0.3ms | GC: 0.0ms)
  Rendered layout layouts/application.html.erb (Duration: 5.9ms | GC: 0.0ms)
Completed 200 OK in 8ms (Views: 5.9ms | ActiveRecord: 0.7ms (2 queries, 0 cached) | GC: 0.0ms)


Started GET "/tasks" for 127.0.0.1 at 2026-08-30 21:42:27 +0500
Processing by TasksController#index as HTML
  Rendering layout layouts/application.html.erb
  Rendering tasks/index.html.erb within layouts/application
  [1m[36mTask Exists? (0.5ms)[0m  [1m[34mSELECT 1 AS one FROM "tasks" LIMIT 1 /*action='index',application='TaskManagementApp',controller='tasks'*/[0m
  ↳ app/views/tasks/index.html.erb:4
  [1m[36mTask Load (0.3ms)[0m  [1m[34mSELECT "tasks".* FROM "tasks" /*action='index',application='TaskManagementApp',controller='tasks'*/[0m
  ↳ app/views/tasks/_task.html.erb:13
  Rendered tasks/_task.html.erb (Duration: 2.0ms | GC: 0.0ms)
  Rendered tasks/index.html.erb within layouts/application (Duration: 4.1ms | GC: 0.0ms)
  Rendered shared/_navbar.html.erb (Duration: 0.2ms | GC: 0.0ms)
  Rendered layout layouts/application.html.erb (Duration: 6.3ms | GC: 0.0ms)
Completed 200 OK in 37ms (Views: 6.5ms | ActiveRecord: 0.8ms (2 queries, 0 cached) | GC: 0.0ms)


Started GET "/task-details" for 127.0.0.1 at 2026-08-30 21:42:28 +0500
Processing by TasksController#details as HTML
  Rendering layout layouts/application.html.erb
  Rendering tasks/details.html.erb within layouts/application
  Rendered tasks/details.html.erb within layouts/application (Duration: 0.8ms | GC: 0.0ms)
  Rendered shared/_navbar.html.erb (Duration: 0.3ms | GC: 0.0ms)
  Rendered layout layouts/application.html.erb (Duration: 3.0ms | GC: 0.0ms)
Completed 200 OK in 6ms (Views: 3.7ms | ActiveRecord: 0.0ms (0 queries, 0 cached) | GC: 0.0ms)


Started GET "/tasks" for 127.0.0.1 at 2026-08-30 21:42:29 +0500
Processing by TasksController#index as HTML
  Rendering layout layouts/application.html.erb
  Rendering tasks/index.html.erb within layouts/application
  [1m[36mTask Exists? (0.5ms)[0m  [1m[34mSELECT 1 AS one FROM "tasks" LIMIT 1 /*action='index',application='TaskManagementApp',controller='tasks'*/[0m
  ↳ app/views/tasks/index.html.erb:4
  [1m[36mTask Load (0.4ms)[0m  [1m[34mSELECT "tasks".* FROM "tasks" /*action='index',application='TaskManagementApp',controller='tasks'*/[0m
  ↳ app/views/tasks/_task.html.erb:13
  Rendered tasks/_task.html.erb (Duration: 1.9ms | GC: 0.0ms)
  Rendered tasks/index.html.erb within layouts/application (Duration: 5.2ms | GC: 0.0ms)
  Rendered shared/_navbar.html.erb (Duration: 0.3ms | GC: 0.0ms)
  Rendered layout layouts/application.html.erb (Duration: 7.9ms | GC: 0.0ms)
Completed 200 OK in 10ms (Views: 7.8ms | ActiveRecord: 0.9ms (2 queries, 0 cached) | GC: 0.0ms)


Started GET "/task-details" for 127.0.0.1 at 2026-08-30 21:42:30 +0500
Processing by TasksController#details as HTML
  Rendering layout layouts/application.html.erb
  Rendering tasks/details.html.erb within layouts/application
  Rendered tasks/details.html.erb within layouts/application (Duration: 0.5ms | GC: 0.0ms)
  Rendered shared/_navbar.html.erb (Duration: 0.3ms | GC: 0.0ms)
  Rendered layout layouts/application.html.erb (Duration: 2.0ms | GC: 0.0ms)
Completed 200 OK in 4ms (Views: 2.5ms | ActiveRecord: 0.0ms (0 queries, 0 cached) | GC: 0.0ms)


Started GET "/tasks" for 127.0.0.1 at 2026-08-30 21:42:30 +0500
Processing by TasksController#index as HTML
  Rendering layout layouts/application.html.erb
  Rendering tasks/index.html.erb within layouts/application
  [1m[36mTask Exists? (0.3ms)[0m  [1m[34mSELECT 1 AS one FROM "tasks" LIMIT 1 /*action='index',application='TaskManagementApp',controller='tasks'*/[0m
  ↳ app/views/tasks/index.html.erb:4
  [1m[36mTask Load (0.3ms)[0m  [1m[34mSELECT "tasks".* FROM "tasks" /*action='index',application='TaskManagementApp',controller='tasks'*/[0m
  ↳ app/views/tasks/_task.html.erb:13
  Rendered tasks/_task.html.erb (Duration: 2.0ms | GC: 0.0ms)
  Rendered tasks/index.html.erb within layouts/application (Duration: 3.6ms | GC: 0.0ms)
  Rendered shared/_navbar.html.erb (Duration: 0.2ms | GC: 0.0ms)
  Rendered layout layouts/application.html.erb (Duration: 5.0ms | GC: 0.0ms)
Completed 200 OK in 7ms (Views: 4.8ms | ActiveRecord: 0.7ms (2 queries, 0 cached) | GC: 0.0ms)


Started GET "/tasks" for 127.0.0.1 at 2026-08-30 21:42:31 +0500
Processing by TasksController#index as HTML
  Rendering layout layouts/application.html.erb
  Rendering tasks/index.html.erb within layouts/application
  [1m[36mTask Exists? (0.3ms)[0m  [1m[34mSELECT 1 AS one FROM "tasks" LIMIT 1 /*action='index',application='TaskManagementApp',controller='tasks'*/[0m
  ↳ app/views/tasks/index.html.erb:4
  [1m[36mTask Load (0.2ms)[0m  [1m[34mSELECT "tasks".* FROM "tasks" /*action='index',application='TaskManagementApp',controller='tasks'*/[0m
  ↳ app/views/tasks/_task.html.erb:13
  Rendered tasks/_task.html.erb (Duration: 1.3ms | GC: 0.0ms)
  Rendered tasks/index.html.erb within layouts/application (Duration: 2.7ms | GC: 0.0ms)
  Rendered shared/_navbar.html.erb (Duration: 0.2ms | GC: 0.0ms)
  Rendered layout layouts/application.html.erb (Duration: 4.0ms | GC: 0.0ms)
Completed 200 OK in 6ms (Views: 4.1ms | ActiveRecord: 0.5ms (2 queries, 0 cached) | GC: 0.0ms)


Started GET "/task-details" for 127.0.0.1 at 2026-08-30 21:42:31 +0500
Processing by TasksController#details as HTML
  Rendering layout layouts/application.html.erb
  Rendering tasks/details.html.erb within layouts/application
  Rendered tasks/details.html.erb within layouts/application (Duration: 0.6ms | GC: 0.0ms)
  Rendered shared/_navbar.html.erb (Duration: 0.2ms | GC: 0.0ms)
  Rendered layout layouts/application.html.erb (Duration: 2.2ms | GC: 0.0ms)
Completed 200 OK in 4ms (Views: 2.9ms | ActiveRecord: 0.0ms (0 queries, 0 cached) | GC: 0.0ms)


Started GET "/tasks" for 127.0.0.1 at 2026-08-30 21:42:32 +0500
Processing by TasksController#index as HTML
  Rendering layout layouts/application.html.erb
  Rendering tasks/index.html.erb within layouts/application
  [1m[36mTask Exists? (0.6ms)[0m  [1m[34mSELECT 1 AS one FROM "tasks" LIMIT 1 /*action='index',application='TaskManagementApp',controller='tasks'*/[0m
  ↳ app/views/tasks/index.html.erb:4
  [1m[36mTask Load (0.4ms)[0m  [1m[34mSELECT "tasks".* FROM "tasks" /*action='index',application='TaskManagementApp',controller='tasks'*/[0m
  ↳ app/views/tasks/_task.html.erb:13
  Rendered tasks/_task.html.erb (Duration: 2.5ms | GC: 0.0ms)
  Rendered tasks/index.html.erb within layouts/application (Duration: 5.0ms | GC: 0.0ms)
  Rendered shared/_navbar.html.erb (Duration: 0.4ms | GC: 0.0ms)
  Rendered layout layouts/application.html.erb (Duration: 8.0ms | GC: 0.0ms)
Completed 200 OK in 11ms (Views: 7.8ms | ActiveRecord: 1.0ms (2 queries, 0 cached) | GC: 0.0ms)


Started GET "/tasks" for 127.0.0.1 at 2026-08-30 21:42:34 +0500
Processing by TasksController#index as HTML
  Rendering layout layouts/application.html.erb
  Rendering tasks/index.html.erb within layouts/application
  [1m[36mTask Exists? (0.4ms)[0m  [1m[34mSELECT 1 AS one FROM "tasks" LIMIT 1 /*action='index',application='TaskManagementApp',controller='tasks'*/[0m
  ↳ app/views/tasks/index.html.erb:4
  [1m[36mTask Load (0.3ms)[0m  [1m[34mSELECT "tasks".* FROM "tasks" /*action='index',application='TaskManagementApp',controller='tasks'*/[0m
  ↳ app/views/tasks/_task.html.erb:13
  Rendered tasks/_task.html.erb (Duration: 1.5ms | GC: 0.0ms)
  Rendered tasks/index.html.erb within layouts/application (Duration: 3.4ms | GC: 0.0ms)
  Rendered shared/_navbar.html.erb (Duration: 0.2ms | GC: 0.0ms)
  Rendered layout layouts/application.html.erb (Duration: 5.1ms | GC: 0.0ms)
Completed 200 OK in 8ms (Views: 5.2ms | ActiveRecord: 0.7ms (2 queries, 0 cached) | GC: 0.0ms)


Started GET "/task-details" for 127.0.0.1 at 2026-08-30 21:42:35 +0500
Processing by TasksController#details as HTML
  Rendering layout layouts/application.html.erb
  Rendering tasks/details.html.erb within layouts/application
  Rendered tasks/details.html.erb within layouts/application (Duration: 0.6ms | GC: 0.0ms)
  Rendered shared/_navbar.html.erb (Duration: 0.2ms | GC: 0.0ms)
  Rendered layout layouts/application.html.erb (Duration: 27.9ms | GC: 24.5ms)
Completed 200 OK in 31ms (Views: 28.6ms | ActiveRecord: 0.0ms (0 queries, 0 cached) | GC: 24.5ms)


Started GET "/tasks/new" for 127.0.0.1 at 2026-08-30 21:42:35 +0500
Processing by TasksController#new as HTML
  Rendering layout layouts/application.html.erb
  Rendering tasks/new.html.erb within layouts/application
  Rendered tasks/new.html.erb within layouts/application (Duration: 8.3ms | GC: 1.2ms)
  Rendered shared/_navbar.html.erb (Duration: 0.2ms | GC: 0.0ms)
  Rendered layout layouts/application.html.erb (Duration: 9.6ms | GC: 1.2ms)
Completed 200 OK in 14ms (Views: 10.3ms | ActiveRecord: 0.0ms (0 queries, 0 cached) | GC: 1.2ms)


Started GET "/task-details" for 127.0.0.1 at 2026-08-30 21:42:35 +0500
Processing by TasksController#details as HTML
  Rendering layout layouts/application.html.erb
  Rendering tasks/details.html.erb within layouts/application
  Rendered tasks/details.html.erb within layouts/application (Duration: 0.5ms | GC: 0.0ms)
  Rendered shared/_navbar.html.erb (Duration: 0.2ms | GC: 0.0ms)
  Rendered layout layouts/application.html.erb (Duration: 3.0ms | GC: 1.0ms)
Completed 200 OK in 5ms (Views: 3.5ms | ActiveRecord: 0.0ms (0 queries, 0 cached) | GC: 1.0ms)


Started GET "/" for 127.0.0.1 at 2026-08-30 21:43:46 +0500
Processing by HomeController#index as HTML
  Rendering layout layouts/application.html.erb
  Rendering home/index.html.erb within layouts/application
  Rendered home/index.html.erb within layouts/application (Duration: 0.2ms | GC: 0.0ms)
  Rendered shared/_navbar.html.erb (Duration: 0.2ms | GC: 0.0ms)
  Rendered layout layouts/application.html.erb (Duration: 2.4ms | GC: 0.0ms)
Completed 200 OK in 5ms (Views: 3.1ms | ActiveRecord: 0.0ms (0 queries, 0 cached) | GC: 0.0ms)


Started GET "/tasks" for 127.0.0.1 at 2026-08-30 21:43:59 +0500
Processing by TasksController#index as HTML
  Rendering layout layouts/application.html.erb
  Rendering tasks/index.html.erb within layouts/application
  [1m[36mTask Exists? (0.4ms)[0m  [1m[34mSELECT 1 AS one FROM "tasks" LIMIT 1 /*action='index',application='TaskManagementApp',controller='tasks'*/[0m
  ↳ app/views/tasks/index.html.erb:4
  [1m[36mTask Load (0.5ms)[0m  [1m[34mSELECT "tasks".* FROM "tasks" /*action='index',application='TaskManagementApp',controller='tasks'*/[0m
  ↳ app/views/tasks/_task.html.erb:13
  Rendered tasks/_task.html.erb (Duration: 1.9ms | GC: 0.0ms)
  Rendered tasks/index.html.erb within layouts/application (Duration: 3.7ms | GC: 0.0ms)
  Rendered shared/_navbar.html.erb (Duration: 0.2ms | GC: 0.0ms)
  Rendered layout layouts/application.html.erb (Duration: 5.1ms | GC: 0.0ms)
Completed 200 OK in 8ms (Views: 5.0ms | ActiveRecord: 0.9ms (2 queries, 0 cached) | GC: 0.0ms)


Started GET "/task-details" for 127.0.0.1 at 2026-08-30 21:43:59 +0500
Processing by TasksController#details as HTML
  Rendering layout layouts/application.html.erb
  Rendering tasks/details.html.erb within layouts/application
  Rendered tasks/details.html.erb within layouts/application (Duration: 0.6ms | GC: 0.0ms)
  Rendered shared/_navbar.html.erb (Duration: 0.2ms | GC: 0.0ms)
  Rendered layout layouts/application.html.erb (Duration: 2.5ms | GC: 0.0ms)
Completed 200 OK in 5ms (Views: 3.0ms | ActiveRecord: 0.0ms (0 queries, 0 cached) | GC: 0.0ms)


Started GET "/tasks/new" for 127.0.0.1 at 2026-08-30 21:44:00 +0500
Processing by TasksController#new as HTML
  Rendering layout layouts/application.html.erb
  Rendering tasks/new.html.erb within layouts/application
  Rendered tasks/new.html.erb within layouts/application (Duration: 1.9ms | GC: 0.5ms)
  Rendered shared/_navbar.html.erb (Duration: 0.2ms | GC: 0.0ms)
  Rendered layout layouts/application.html.erb (Duration: 3.6ms | GC: 0.5ms)
Completed 200 OK in 6ms (Views: 4.1ms | ActiveRecord: 0.0ms (0 queries, 0 cached) | GC: 0.5ms)


Started GET "/task-details" for 127.0.0.1 at 2026-08-30 21:44:01 +0500
Processing by TasksController#details as HTML
  Rendering layout layouts/application.html.erb
  Rendering tasks/details.html.erb within layouts/application
  Rendered tasks/details.html.erb within layouts/application (Duration: 0.4ms | GC: 0.0ms)
  Rendered shared/_navbar.html.erb (Duration: 0.2ms | GC: 0.0ms)
  Rendered layout layouts/application.html.erb (Duration: 1.8ms | GC: 0.0ms)
Completed 200 OK in 4ms (Views: 2.3ms | ActiveRecord: 0.0ms (0 queries, 0 cached) | GC: 0.0ms)


Started GET "/tasks" for 127.0.0.1 at 2026-08-30 21:44:02 +0500
Processing by TasksController#index as HTML
  Rendering layout layouts/application.html.erb
  Rendering tasks/index.html.erb within layouts/application
  [1m[36mTask Exists? (0.4ms)[0m  [1m[34mSELECT 1 AS one FROM "tasks" LIMIT 1 /*action='index',application='TaskManagementApp',controller='tasks'*/[0m
  ↳ app/views/tasks/index.html.erb:4
  [1m[36mTask Load (0.3ms)[0m  [1m[34mSELECT "tasks".* FROM "tasks" /*action='index',application='TaskManagementApp',controller='tasks'*/[0m
  ↳ app/views/tasks/_task.html.erb:13
  Rendered tasks/_task.html.erb (Duration: 1.8ms | GC: 0.0ms)
  Rendered tasks/index.html.erb within layouts/application (Duration: 3.5ms | GC: 0.0ms)
  Rendered shared/_navbar.html.erb (Duration: 0.2ms | GC: 0.0ms)
  Rendered layout layouts/application.html.erb (Duration: 6.1ms | GC: 0.2ms)
Completed 200 OK in 8ms (Views: 6.1ms | ActiveRecord: 0.7ms (2 queries, 0 cached) | GC: 0.2ms)


Started GET "/tasks" for 127.0.0.1 at 2026-08-30 21:44:03 +0500
Processing by TasksController#index as HTML
  Rendering layout layouts/application.html.erb
  Rendering tasks/index.html.erb within layouts/application
  [1m[36mTask Exists? (0.3ms)[0m  [1m[34mSELECT 1 AS one FROM "tasks" LIMIT 1 /*action='index',application='TaskManagementApp',controller='tasks'*/[0m
  ↳ app/views/tasks/index.html.erb:4
  [1m[36mTask Load (0.2ms)[0m  [1m[34mSELECT "tasks".* FROM "tasks" /*action='index',application='TaskManagementApp',controller='tasks'*/[0m
  ↳ app/views/tasks/_task.html.erb:13
  Rendered tasks/_task.html.erb (Duration: 1.2ms | GC: 0.0ms)
  Rendered tasks/index.html.erb within layouts/application (Duration: 2.7ms | GC: 0.0ms)
  Rendered shared/_navbar.html.erb (Duration: 0.2ms | GC: 0.0ms)
  Rendered layout layouts/application.html.erb (Duration: 4.1ms | GC: 0.0ms)
Completed 200 OK in 7ms (Views: 4.3ms | ActiveRecord: 0.6ms (2 queries, 0 cached) | GC: 0.0ms)


Started GET "/tasks" for 127.0.0.1 at 2026-08-30 21:44:05 +0500
Processing by TasksController#index as HTML
  Rendering layout layouts/application.html.erb
  Rendering tasks/index.html.erb within layouts/application
  [1m[36mTask Exists? (0.3ms)[0m  [1m[34mSELECT 1 AS one FROM "tasks" LIMIT 1 /*action='index',application='TaskManagementApp',controller='tasks'*/[0m
  ↳ app/views/tasks/index.html.erb:4
  [1m[36mTask Load (0.4ms)[0m  [1m[34mSELECT "tasks".* FROM "tasks" /*action='index',application='TaskManagementApp',controller='tasks'*/[0m
  ↳ app/views/tasks/_task.html.erb:13
  Rendered tasks/_task.html.erb (Duration: 2.9ms | GC: 0.0ms)
  Rendered tasks/index.html.erb within layouts/application (Duration: 4.7ms | GC: 0.0ms)
  Rendered shared/_navbar.html.erb (Duration: 0.4ms | GC: 0.0ms)
  Rendered layout layouts/application.html.erb (Duration: 6.9ms | GC: 0.0ms)
Completed 200 OK in 11ms (Views: 7.0ms | ActiveRecord: 0.7ms (2 queries, 0 cached) | GC: 0.4ms)


Started GET "/task-details" for 127.0.0.1 at 2026-08-30 21:44:05 +0500
Processing by TasksController#details as HTML
  Rendering layout layouts/application.html.erb
  Rendering tasks/details.html.erb within layouts/application
  Rendered tasks/details.html.erb within layouts/application (Duration: 0.6ms | GC: 0.0ms)
  Rendered shared/_navbar.html.erb (Duration: 0.2ms | GC: 0.0ms)
  Rendered layout layouts/application.html.erb (Duration: 2.2ms | GC: 0.0ms)
Completed 200 OK in 5ms (Views: 3.1ms | ActiveRecord: 0.0ms (0 queries, 0 cached) | GC: 0.0ms)


Started GET "/tasks" for 127.0.0.1 at 2026-08-30 21:44:37 +0500
Processing by TasksController#index as HTML
  Rendering layout layouts/application.html.erb
  Rendering tasks/index.html.erb within layouts/application
  [1m[36mTask Exists? (0.4ms)[0m  [1m[34mSELECT 1 AS one FROM "tasks" LIMIT 1 /*action='index',application='TaskManagementApp',controller='tasks'*/[0m
  ↳ app/views/tasks/index.html.erb:4
  [1m[36mTask Load (0.4ms)[0m  [1m[34mSELECT "tasks".* FROM "tasks" /*action='index',application='TaskManagementApp',controller='tasks'*/[0m
  ↳ app/views/tasks/_task.html.erb:13
  Rendered tasks/_task.html.erb (Duration: 1.5ms | GC: 0.0ms)
  Rendered tasks/index.html.erb within layouts/application (Duration: 3.8ms | GC: 0.0ms)
  Rendered shared/_navbar.html.erb (Duration: 0.2ms | GC: 0.0ms)
  Rendered layout layouts/application.html.erb (Duration: 5.3ms | GC: 0.0ms)
Completed 200 OK in 8ms (Views: 5.1ms | ActiveRecord: 0.7ms (2 queries, 0 cached) | GC: 0.0ms)


Started GET "/task-details" for 127.0.0.1 at 2026-08-30 21:44:37 +0500
Processing by TasksController#details as HTML
  Rendering layout layouts/application.html.erb
  Rendering tasks/details.html.erb within layouts/application
  Rendered tasks/details.html.erb within layouts/application (Duration: 1.5ms | GC: 0.5ms)
  Rendered shared/_navbar.html.erb (Duration: 0.3ms | GC: 0.0ms)
  Rendered layout layouts/application.html.erb (Duration: 3.9ms | GC: 0.5ms)
Completed 200 OK in 6ms (Views: 4.4ms | ActiveRecord: 0.0ms (0 queries, 0 cached) | GC: 0.5ms)


Started GET "/tasks" for 127.0.0.1 at 2026-08-30 21:44:38 +0500
Processing by TasksController#index as HTML
  Rendering layout layouts/application.html.erb
  Rendering tasks/index.html.erb within layouts/application
  [1m[36mTask Exists? (0.3ms)[0m  [1m[34mSELECT 1 AS one FROM "tasks" LIMIT 1 /*action='index',application='TaskManagementApp',controller='tasks'*/[0m
  ↳ app/views/tasks/index.html.erb:4
  [1m[36mTask Load (0.2ms)[0m  [1m[34mSELECT "tasks".* FROM "tasks" /*action='index',application='TaskManagementApp',controller='tasks'*/[0m
  ↳ app/views/tasks/_task.html.erb:13
  Rendered tasks/_task.html.erb (Duration: 1.3ms | GC: 0.0ms)
  Rendered tasks/index.html.erb within layouts/application (Duration: 2.8ms | GC: 0.0ms)
  Rendered shared/_navbar.html.erb (Duration: 0.4ms | GC: 0.0ms)
  Rendered layout layouts/application.html.erb (Duration: 5.1ms | GC: 0.0ms)
Completed 200 OK in 7ms (Views: 5.4ms | ActiveRecord: 0.5ms (2 queries, 0 cached) | GC: 0.0ms)


Started GET "/tasks" for 127.0.0.1 at 2026-08-30 21:44:40 +0500
Processing by TasksController#index as HTML
  Rendering layout layouts/application.html.erb
  Rendering tasks/index.html.erb within layouts/application
  [1m[36mTask Exists? (0.4ms)[0m  [1m[34mSELECT 1 AS one FROM "tasks" LIMIT 1 /*action='index',application='TaskManagementApp',controller='tasks'*/[0m
  ↳ app/views/tasks/index.html.erb:4
  [1m[36mTask Load (0.2ms)[0m  [1m[34mSELECT "tasks".* FROM "tasks" /*action='index',application='TaskManagementApp',controller='tasks'*/[0m
  ↳ app/views/tasks/_task.html.erb:13
  Rendered tasks/_task.html.erb (Duration: 1.3ms | GC: 0.0ms)
  Rendered tasks/index.html.erb within layouts/application (Duration: 3.2ms | GC: 0.0ms)
  Rendered shared/_navbar.html.erb (Duration: 0.2ms | GC: 0.0ms)
  Rendered layout layouts/application.html.erb (Duration: 5.1ms | GC: 0.0ms)
Completed 200 OK in 9ms (Views: 5.6ms | ActiveRecord: 0.6ms (2 queries, 0 cached) | GC: 0.5ms)


Started GET "/task-details" for 127.0.0.1 at 2026-08-30 21:44:41 +0500
Processing by TasksController#details as HTML
  Rendering layout layouts/application.html.erb
  Rendering tasks/details.html.erb within layouts/application
  Rendered tasks/details.html.erb within layouts/application (Duration: 0.5ms | GC: 0.0ms)
  Rendered shared/_navbar.html.erb (Duration: 0.2ms | GC: 0.0ms)
  Rendered layout layouts/application.html.erb (Duration: 1.9ms | GC: 0.0ms)
Completed 200 OK in 4ms (Views: 2.4ms | ActiveRecord: 0.0ms (0 queries, 0 cached) | GC: 0.0ms)


Started GET "/tasks/new" for 127.0.0.1 at 2026-08-30 21:44:43 +0500
Processing by TasksController#new as HTML
  Rendering layout layouts/application.html.erb
  Rendering tasks/new.html.erb within layouts/application
  Rendered tasks/new.html.erb within layouts/application (Duration: 1.5ms | GC: 0.0ms)
  Rendered shared/_navbar.html.erb (Duration: 0.2ms | GC: 0.0ms)
  Rendered layout layouts/application.html.erb (Duration: 2.6ms | GC: 0.0ms)
Completed 200 OK in 5ms (Views: 3.1ms | ActiveRecord: 0.0ms (0 queries, 0 cached) | GC: 0.3ms)


Started GET "/task-details" for 127.0.0.1 at 2026-08-30 21:44:43 +0500
Processing by TasksController#details as HTML
  Rendering layout layouts/application.html.erb
  Rendering tasks/details.html.erb within layouts/application
  Rendered tasks/details.html.erb within layouts/application (Duration: 0.5ms | GC: 0.0ms)
  Rendered shared/_navbar.html.erb (Duration: 0.1ms | GC: 0.0ms)
  Rendered layout layouts/application.html.erb (Duration: 1.8ms | GC: 0.0ms)
Completed 200 OK in 4ms (Views: 2.4ms | ActiveRecord: 0.0ms (0 queries, 0 cached) | GC: 0.0ms)


Started GET "/tasks" for 127.0.0.1 at 2026-08-30 21:44:43 +0500
Processing by TasksController#index as HTML
  Rendering layout layouts/application.html.erb
  Rendering tasks/index.html.erb within layouts/application
  [1m[36mTask Exists? (0.3ms)[0m  [1m[34mSELECT 1 AS one FROM "tasks" LIMIT 1 /*action='index',application='TaskManagementApp',controller='tasks'*/[0m
  ↳ app/views/tasks/index.html.erb:4
  [1m[36mTask Load (0.3ms)[0m  [1m[34mSELECT "tasks".* FROM "tasks" /*action='index',application='TaskManagementApp',controller='tasks'*/[0m
  ↳ app/views/tasks/_task.html.erb:13
  Rendered tasks/_task.html.erb (Duration: 2.3ms | GC: 0.0ms)
  Rendered tasks/index.html.erb within layouts/application (Duration: 4.1ms | GC: 0.0ms)
  Rendered shared/_navbar.html.erb (Duration: 0.2ms | GC: 0.0ms)
  Rendered layout layouts/application.html.erb (Duration: 6.2ms | GC: 0.0ms)
Completed 200 OK in 8ms (Views: 6.0ms | ActiveRecord: 0.6ms (2 queries, 0 cached) | GC: 0.4ms)


Started GET "/tasks" for 127.0.0.1 at 2026-08-30 21:44:44 +0500
Processing by TasksController#index as HTML
  Rendering layout layouts/application.html.erb
  Rendering tasks/index.html.erb within layouts/application
  [1m[36mTask Exists? (0.4ms)[0m  [1m[34mSELECT 1 AS one FROM "tasks" LIMIT 1 /*action='index',application='TaskManagementApp',controller='tasks'*/[0m
  ↳ app/views/tasks/index.html.erb:4
  [1m[36mTask Load (0.4ms)[0m  [1m[34mSELECT "tasks".* FROM "tasks" /*action='index',application='TaskManagementApp',controller='tasks'*/[0m
  ↳ app/views/tasks/_task.html.erb:13
  Rendered tasks/_task.html.erb (Duration: 1.8ms | GC: 0.0ms)
  Rendered tasks/index.html.erb within layouts/application (Duration: 3.6ms | GC: 0.0ms)
  Rendered shared/_navbar.html.erb (Duration: 0.2ms | GC: 0.0ms)
  Rendered layout layouts/application.html.erb (Duration: 4.8ms | GC: 0.0ms)
Completed 200 OK in 7ms (Views: 4.6ms | ActiveRecord: 0.7ms (2 queries, 0 cached) | GC: 0.4ms)


Started GET "/task-details" for 127.0.0.1 at 2026-08-30 21:44:44 +0500
Processing by TasksController#details as HTML
  Rendering layout layouts/application.html.erb
  Rendering tasks/details.html.erb within layouts/application
  Rendered tasks/details.html.erb within layouts/application (Duration: 0.4ms | GC: 0.0ms)
  Rendered shared/_navbar.html.erb (Duration: 0.2ms | GC: 0.0ms)
  Rendered layout layouts/application.html.erb (Duration: 1.7ms | GC: 0.0ms)
Completed 200 OK in 4ms (Views: 2.2ms | ActiveRecord: 0.0ms (0 queries, 0 cached) | GC: 0.0ms)


Started GET "/tasks/new" for 127.0.0.1 at 2026-08-30 21:44:45 +0500
Processing by TasksController#new as HTML
  Rendering layout layouts/application.html.erb
  Rendering tasks/new.html.erb within layouts/application
  Rendered tasks/new.html.erb within layouts/application (Duration: 1.6ms | GC: 0.0ms)
  Rendered shared/_navbar.html.erb (Duration: 0.2ms | GC: 0.0ms)
  Rendered layout layouts/application.html.erb (Duration: 2.7ms | GC: 0.0ms)
Completed 200 OK in 5ms (Views: 3.3ms | ActiveRecord: 0.0ms (0 queries, 0 cached) | GC: 0.0ms)


Started GET "/tasks" for 127.0.0.1 at 2026-08-30 21:44:47 +0500
Processing by TasksController#index as HTML
  Rendering layout layouts/application.html.erb
  Rendering tasks/index.html.erb within layouts/application
  [1m[36mTask Exists? (0.4ms)[0m  [1m[34mSELECT 1 AS one FROM "tasks" LIMIT 1 /*action='index',application='TaskManagementApp',controller='tasks'*/[0m
  ↳ app/views/tasks/index.html.erb:4
  [1m[36mTask Load (0.3ms)[0m  [1m[34mSELECT "tasks".* FROM "tasks" /*action='index',application='TaskManagementApp',controller='tasks'*/[0m
  ↳ app/views/tasks/_task.html.erb:13
  Rendered tasks/_task.html.erb (Duration: 1.4ms | GC: 0.0ms)
  Rendered tasks/index.html.erb within layouts/application (Duration: 3.1ms | GC: 0.0ms)
  Rendered shared/_navbar.html.erb (Duration: 0.3ms | GC: 0.0ms)
  Rendered layout layouts/application.html.erb (Duration: 5.3ms | GC: 0.0ms)
Completed 200 OK in 9ms (Views: 5.2ms | ActiveRecord: 0.7ms (2 queries, 0 cached) | GC: 0.0ms)


Started GET "/tasks" for 127.0.0.1 at 2026-08-30 21:47:37 +0500
Processing by TasksController#index as HTML
  Rendering layout layouts/application.html.erb
  Rendering tasks/index.html.erb within layouts/application
  [1m[36mTask Exists? (0.4ms)[0m  [1m[34mSELECT 1 AS one FROM "tasks" LIMIT 1 /*action='index',application='TaskManagementApp',controller='tasks'*/[0m
  ↳ app/views/tasks/index.html.erb:4
  [1m[36mTask Load (0.3ms)[0m  [1m[34mSELECT "tasks".* FROM "tasks" /*action='index',application='TaskManagementApp',controller='tasks'*/[0m
  ↳ app/views/tasks/_task.html.erb:13
  Rendered tasks/_task.html.erb (Duration: 6.5ms | GC: 0.0ms)
  Rendered tasks/index.html.erb within layouts/application (Duration: 12.3ms | GC: 0.0ms)
  Rendered shared/_navbar.html.erb (Duration: 0.7ms | GC: 0.0ms)
  Rendered layout layouts/application.html.erb (Duration: 26.8ms | GC: 0.0ms)
Completed 200 OK in 57ms (Views: 48.4ms | ActiveRecord: 3.0ms (2 queries, 0 cached) | GC: 20.3ms)


Started GET "/task-details" for 127.0.0.1 at 2026-08-30 21:47:43 +0500
Processing by TasksController#details as HTML
  Rendering layout layouts/application.html.erb
  Rendering tasks/details.html.erb within layouts/application
  Rendered tasks/details.html.erb within layouts/application (Duration: 1.2ms | GC: 0.0ms)
  Rendered shared/_navbar.html.erb (Duration: 0.3ms | GC: 0.0ms)
  Rendered layout layouts/application.html.erb (Duration: 3.2ms | GC: 0.0ms)
Completed 200 OK in 6ms (Views: 3.7ms | ActiveRecord: 0.0ms (0 queries, 0 cached) | GC: 0.0ms)


Started GET "/task-details?query=task1&commit=Search" for 127.0.0.1 at 2026-08-30 21:47:48 +0500
Processing by TasksController#details as HTML
  Parameters: {"query" => "task1", "commit" => "Search"}
  [1m[36mTask Load (2.4ms)[0m  [1m[34mSELECT "tasks".* FROM "tasks" WHERE "tasks"."tittle" = 'task1' LIMIT 1 /*action='details',application='TaskManagementApp',controller='tasks'*/[0m
  ↳ app/controllers/tasks_controller.rb:10:in 'TasksController#details'
  Rendering layout layouts/application.html.erb
  Rendering tasks/details.html.erb within layouts/application
  Rendered tasks/details.html.erb within layouts/application (Duration: 1.3ms | GC: 0.0ms)
  Rendered shared/_navbar.html.erb (Duration: 0.2ms | GC: 0.0ms)
  Rendered layout layouts/application.html.erb (Duration: 3.4ms | GC: 0.7ms)
Completed 200 OK in 12ms (Views: 4.0ms | ActiveRecord: 2.4ms (1 query, 0 cached) | GC: 0.7ms)


Started GET "/task-details?query=task1&commit=Search" for 127.0.0.1 at 2026-08-30 21:48:40 +0500
Processing by TasksController#details as HTML
  Parameters: {"query" => "task1", "commit" => "Search"}
  [1m[36mTask Load (0.5ms)[0m  [1m[34mSELECT "tasks".* FROM "tasks" WHERE "tasks"."tittle" = 'task1' LIMIT 1 /*action='details',application='TaskManagementApp',controller='tasks'*/[0m
  ↳ app/controllers/tasks_controller.rb:10:in 'TasksController#details'
  Rendering layout layouts/application.html.erb
  Rendering tasks/details.html.erb within layouts/application
  Rendered tasks/details.html.erb within layouts/application (Duration: 3.3ms | GC: 1.1ms)
  Rendered shared/_navbar.html.erb (Duration: 0.3ms | GC: 0.0ms)
  Rendered layout layouts/application.html.erb (Duration: 5.7ms | GC: 1.1ms)
Completed 200 OK in 10ms (Views: 6.4ms | ActiveRecord: 0.4ms (1 query, 0 cached) | GC: 1.1ms)


Started GET "/" for 127.0.0.1 at 2026-08-30 21:48:46 +0500
Processing by HomeController#index as HTML
  Rendering layout layouts/application.html.erb
  Rendering home/index.html.erb within layouts/application
  Rendered home/index.html.erb within layouts/application (Duration: 0.6ms | GC: 0.0ms)
  Rendered shared/_navbar.html.erb (Duration: 0.2ms | GC: 0.0ms)
  Rendered layout layouts/application.html.erb (Duration: 2.0ms | GC: 0.0ms)
Completed 200 OK in 6ms (Views: 3.5ms | ActiveRecord: 0.0ms (0 queries, 0 cached) | GC: 0.2ms)


Started GET "/task-details" for 127.0.0.1 at 2026-08-30 21:48:47 +0500
Processing by TasksController#details as HTML
  Rendering layout layouts/application.html.erb
  Rendering tasks/details.html.erb within layouts/application
  Rendered tasks/details.html.erb within layouts/application (Duration: 0.7ms | GC: 0.0ms)
  Rendered shared/_navbar.html.erb (Duration: 0.2ms | GC: 0.0ms)
  Rendered layout layouts/application.html.erb (Duration: 2.6ms | GC: 0.0ms)
Completed 200 OK in 5ms (Views: 3.2ms | ActiveRecord: 0.0ms (0 queries, 0 cached) | GC: 0.0ms)


Started GET "/task-details?query=task1&commit=Search" for 127.0.0.1 at 2026-08-30 21:48:51 +0500
Processing by TasksController#details as HTML
  Parameters: {"query" => "task1", "commit" => "Search"}
  [1m[36mTask Load (0.4ms)[0m  [1m[34mSELECT "tasks".* FROM "tasks" WHERE "tasks"."tittle" = 'task1' LIMIT 1 /*action='details',application='TaskManagementApp',controller='tasks'*/[0m
  ↳ app/controllers/tasks_controller.rb:10:in 'TasksController#details'
  Rendering layout layouts/application.html.erb
  Rendering tasks/details.html.erb within layouts/application
  Rendered tasks/details.html.erb within layouts/application (Duration: 1.4ms | GC: 0.0ms)
  Rendered shared/_navbar.html.erb (Duration: 0.2ms | GC: 0.0ms)
  Rendered layout layouts/application.html.erb (Duration: 2.5ms | GC: 0.0ms)
Completed 200 OK in 7ms (Views: 3.1ms | ActiveRecord: 0.4ms (1 query, 0 cached) | GC: 0.0ms)


Started GET "/tasks/2/edit" for 127.0.0.1 at 2026-08-30 21:48:56 +0500
Processing by TasksController#edit as HTML
  Parameters: {"id" => "2"}
  Rendering layout layouts/application.html.erb
  Rendering tasks/edit.html.erb within layouts/application
  Rendered tasks/edit.html.erb within layouts/application (Duration: 0.3ms | GC: 0.0ms)
  Rendered shared/_navbar.html.erb (Duration: 0.2ms | GC: 0.0ms)
  Rendered layout layouts/application.html.erb (Duration: 1.6ms | GC: 0.0ms)
Completed 200 OK in 4ms (Views: 2.3ms | ActiveRecord: 0.0ms (0 queries, 0 cached) | GC: 0.0ms)


Started GET "/tasks/2/edit" for 127.0.0.1 at 2026-08-30 21:48:58 +0500
Processing by TasksController#edit as HTML
  Parameters: {"id" => "2"}
  Rendering layout layouts/application.html.erb
  Rendering tasks/edit.html.erb within layouts/application
  Rendered tasks/edit.html.erb within layouts/application (Duration: 0.0ms | GC: 0.0ms)
  Rendered shared/_navbar.html.erb (Duration: 0.2ms | GC: 0.0ms)
  Rendered layout layouts/application.html.erb (Duration: 1.3ms | GC: 0.0ms)
Completed 200 OK in 4ms (Views: 1.8ms | ActiveRecord: 0.0ms (0 queries, 0 cached) | GC: 0.0ms)


Started GET "/tasks/2/edit" for 127.0.0.1 at 2026-08-30 21:48:59 +0500
Processing by TasksController#edit as HTML
  Parameters: {"id" => "2"}
  Rendering layout layouts/application.html.erb
  Rendering tasks/edit.html.erb within layouts/application
  Rendered tasks/edit.html.erb within layouts/application (Duration: 0.1ms | GC: 0.0ms)
  Rendered shared/_navbar.html.erb (Duration: 0.3ms | GC: 0.0ms)
  Rendered layout layouts/application.html.erb (Duration: 2.3ms | GC: 0.0ms)
Completed 200 OK in 4ms (Views: 2.8ms | ActiveRecord: 0.0ms (0 queries, 0 cached) | GC: 0.0ms)


Started GET "/" for 127.0.0.1 at 2026-08-30 21:49:13 +0500
Processing by HomeController#index as HTML
  Rendering layout layouts/application.html.erb
  Rendering home/index.html.erb within layouts/application
  Rendered home/index.html.erb within layouts/application (Duration: 0.2ms | GC: 0.0ms)
  Rendered shared/_navbar.html.erb (Duration: 0.6ms | GC: 0.4ms)
  Rendered layout layouts/application.html.erb (Duration: 2.0ms | GC: 0.4ms)
Completed 200 OK in 4ms (Views: 2.4ms | ActiveRecord: 0.0ms (0 queries, 0 cached) | GC: 0.4ms)


Started GET "/tasks" for 127.0.0.1 at 2026-08-30 21:49:14 +0500
Processing by TasksController#index as HTML
  Rendering layout layouts/application.html.erb
  Rendering tasks/index.html.erb within layouts/application
  [1m[36mTask Exists? (0.4ms)[0m  [1m[34mSELECT 1 AS one FROM "tasks" LIMIT 1 /*action='index',application='TaskManagementApp',controller='tasks'*/[0m
  ↳ app/views/tasks/index.html.erb:4
  [1m[36mTask Load (0.3ms)[0m  [1m[34mSELECT "tasks".* FROM "tasks" /*action='index',application='TaskManagementApp',controller='tasks'*/[0m
  ↳ app/views/tasks/_task.html.erb:13
  Rendered tasks/_task.html.erb (Duration: 1.5ms | GC: 0.0ms)
  Rendered tasks/index.html.erb within layouts/application (Duration: 3.2ms | GC: 0.0ms)
  Rendered shared/_navbar.html.erb (Duration: 0.2ms | GC: 0.0ms)
  Rendered layout layouts/application.html.erb (Duration: 4.6ms | GC: 0.0ms)
Completed 200 OK in 7ms (Views: 4.5ms | ActiveRecord: 0.7ms (2 queries, 0 cached) | GC: 0.0ms)


Started GET "/tasks" for 127.0.0.1 at 2026-08-30 21:49:15 +0500
Processing by TasksController#index as HTML
  Rendering layout layouts/application.html.erb
  Rendering tasks/index.html.erb within layouts/application
  [1m[36mTask Exists? (0.3ms)[0m  [1m[34mSELECT 1 AS one FROM "tasks" LIMIT 1 /*action='index',application='TaskManagementApp',controller='tasks'*/[0m
  ↳ app/views/tasks/index.html.erb:4
  [1m[36mTask Load (0.3ms)[0m  [1m[34mSELECT "tasks".* FROM "tasks" /*action='index',application='TaskManagementApp',controller='tasks'*/[0m
  ↳ app/views/tasks/_task.html.erb:13
  Rendered tasks/_task.html.erb (Duration: 1.7ms | GC: 0.0ms)
  Rendered tasks/index.html.erb within layouts/application (Duration: 3.5ms | GC: 0.0ms)
  Rendered shared/_navbar.html.erb (Duration: 0.2ms | GC: 0.0ms)
  Rendered layout layouts/application.html.erb (Duration: 6.9ms | GC: 0.8ms)
Completed 200 OK in 12ms (Views: 8.6ms | ActiveRecord: 0.6ms (2 queries, 0 cached) | GC: 0.8ms)


Started GET "/task-details" for 127.0.0.1 at 2026-08-30 21:49:16 +0500
Processing by TasksController#details as HTML
  Rendering layout layouts/application.html.erb
  Rendering tasks/details.html.erb within layouts/application
  Rendered tasks/details.html.erb within layouts/application (Duration: 0.5ms | GC: 0.0ms)
  Rendered shared/_navbar.html.erb (Duration: 0.2ms | GC: 0.0ms)
  Rendered layout layouts/application.html.erb (Duration: 1.9ms | GC: 0.0ms)
Completed 200 OK in 4ms (Views: 2.4ms | ActiveRecord: 0.0ms (0 queries, 0 cached) | GC: 0.0ms)


Started GET "/tasks/new" for 127.0.0.1 at 2026-08-30 21:49:16 +0500
Processing by TasksController#new as HTML
  Rendering layout layouts/application.html.erb
  Rendering tasks/new.html.erb within layouts/application
  Rendered tasks/new.html.erb within layouts/application (Duration: 2.6ms | GC: 0.0ms)
  Rendered shared/_navbar.html.erb (Duration: 0.2ms | GC: 0.0ms)
  Rendered layout layouts/application.html.erb (Duration: 4.0ms | GC: 0.0ms)
Completed 200 OK in 7ms (Views: 4.7ms | ActiveRecord: 0.0ms (0 queries, 0 cached) | GC: 0.3ms)


Started GET "/tasks" for 127.0.0.1 at 2026-08-30 21:49:17 +0500
Processing by TasksController#index as HTML
  Rendering layout layouts/application.html.erb
  Rendering tasks/index.html.erb within layouts/application
  [1m[36mTask Exists? (0.4ms)[0m  [1m[34mSELECT 1 AS one FROM "tasks" LIMIT 1 /*action='index',application='TaskManagementApp',controller='tasks'*/[0m
  ↳ app/views/tasks/index.html.erb:4
  [1m[36mTask Load (0.3ms)[0m  [1m[34mSELECT "tasks".* FROM "tasks" /*action='index',application='TaskManagementApp',controller='tasks'*/[0m
  ↳ app/views/tasks/_task.html.erb:13
  Rendered tasks/_task.html.erb (Duration: 1.6ms | GC: 0.0ms)
  Rendered tasks/index.html.erb within layouts/application (Duration: 3.2ms | GC: 0.0ms)
  Rendered shared/_navbar.html.erb (Duration: 0.2ms | GC: 0.0ms)
  Rendered layout layouts/application.html.erb (Duration: 4.8ms | GC: 0.0ms)
Completed 200 OK in 7ms (Views: 4.7ms | ActiveRecord: 0.7ms (2 queries, 0 cached) | GC: 0.0ms)


Started GET "/tasks/new" for 127.0.0.1 at 2026-08-30 21:49:17 +0500
Processing by TasksController#new as HTML
  Rendering layout layouts/application.html.erb
  Rendering tasks/new.html.erb within layouts/application
  Rendered tasks/new.html.erb within layouts/application (Duration: 1.4ms | GC: 0.0ms)
  Rendered shared/_navbar.html.erb (Duration: 0.2ms | GC: 0.0ms)
  Rendered layout layouts/application.html.erb (Duration: 2.6ms | GC: 0.0ms)
Completed 200 OK in 5ms (Views: 3.0ms | ActiveRecord: 0.0ms (0 queries, 0 cached) | GC: 0.0ms)


Started GET "/tasks/new" for 127.0.0.1 at 2026-08-30 21:49:17 +0500
Processing by TasksController#new as HTML
  Rendering layout layouts/application.html.erb
  Rendering tasks/new.html.erb within layouts/application
  Rendered tasks/new.html.erb within layouts/application (Duration: 2.0ms | GC: 0.0ms)
  Rendered shared/_navbar.html.erb (Duration: 0.3ms | GC: 0.0ms)
  Rendered layout layouts/application.html.erb (Duration: 4.8ms | GC: 0.0ms)
Completed 200 OK in 7ms (Views: 5.6ms | ActiveRecord: 0.0ms (0 queries, 0 cached) | GC: 0.0ms)


Started GET "/tasks/new" for 127.0.0.1 at 2026-08-30 21:49:21 +0500
Processing by TasksController#new as HTML
  Rendering layout layouts/application.html.erb
  Rendering tasks/new.html.erb within layouts/application
  Rendered tasks/new.html.erb within layouts/application (Duration: 1.5ms | GC: 0.0ms)
  Rendered shared/_navbar.html.erb (Duration: 0.7ms | GC: 0.0ms)
  Rendered layout layouts/application.html.erb (Duration: 4.7ms | GC: 0.0ms)
Completed 200 OK in 8ms (Views: 5.9ms | ActiveRecord: 0.0ms (0 queries, 0 cached) | GC: 0.0ms)


Started GET "/task-details" for 127.0.0.1 at 2026-08-30 21:49:23 +0500
Processing by TasksController#details as HTML
  Rendering layout layouts/application.html.erb
  Rendering tasks/details.html.erb within layouts/application
  Rendered tasks/details.html.erb within layouts/application (Duration: 0.5ms | GC: 0.0ms)
  Rendered shared/_navbar.html.erb (Duration: 0.1ms | GC: 0.0ms)
  Rendered layout layouts/application.html.erb (Duration: 1.7ms | GC: 0.0ms)
Completed 200 OK in 4ms (Views: 2.2ms | ActiveRecord: 0.0ms (0 queries, 0 cached) | GC: 0.0ms)


Started GET "/task-details" for 127.0.0.1 at 2026-08-30 21:49:26 +0500
Processing by TasksController#details as HTML
  Rendering layout layouts/application.html.erb
  Rendering tasks/details.html.erb within layouts/application
  Rendered tasks/details.html.erb within layouts/application (Duration: 0.4ms | GC: 0.0ms)
  Rendered shared/_navbar.html.erb (Duration: 0.2ms | GC: 0.0ms)
  Rendered layout layouts/application.html.erb (Duration: 1.8ms | GC: 0.0ms)
Completed 200 OK in 4ms (Views: 2.3ms | ActiveRecord: 0.0ms (0 queries, 0 cached) | GC: 0.0ms)


Started GET "/" for 127.0.0.1 at 2026-08-30 21:49:27 +0500
Processing by HomeController#index as HTML
  Rendering layout layouts/application.html.erb
  Rendering home/index.html.erb within layouts/application
  Rendered home/index.html.erb within layouts/application (Duration: 0.2ms | GC: 0.0ms)
  Rendered shared/_navbar.html.erb (Duration: 4.7ms | GC: 0.0ms)
  Rendered layout layouts/application.html.erb (Duration: 10.7ms | GC: 0.0ms)
Completed 200 OK in 13ms (Views: 11.5ms | ActiveRecord: 0.0ms (0 queries, 0 cached) | GC: 0.0ms)


Started GET "/tasks" for 127.0.0.1 at 2026-08-30 21:49:27 +0500
Processing by TasksController#index as HTML
  Rendering layout layouts/application.html.erb
  Rendering tasks/index.html.erb within layouts/application
  [1m[36mTask Exists? (0.4ms)[0m  [1m[34mSELECT 1 AS one FROM "tasks" LIMIT 1 /*action='index',application='TaskManagementApp',controller='tasks'*/[0m
  ↳ app/views/tasks/index.html.erb:4
  [1m[36mTask Load (0.4ms)[0m  [1m[34mSELECT "tasks".* FROM "tasks" /*action='index',application='TaskManagementApp',controller='tasks'*/[0m
  ↳ app/views/tasks/_task.html.erb:13
  Rendered tasks/_task.html.erb (Duration: 1.9ms | GC: 0.0ms)
  Rendered tasks/index.html.erb within layouts/application (Duration: 3.5ms | GC: 0.0ms)
  Rendered shared/_navbar.html.erb (Duration: 0.2ms | GC: 0.0ms)
  Rendered layout layouts/application.html.erb (Duration: 4.8ms | GC: 0.0ms)
Completed 200 OK in 7ms (Views: 4.7ms | ActiveRecord: 0.7ms (2 queries, 0 cached) | GC: 0.0ms)


Started GET "/" for 127.0.0.1 at 2026-08-30 21:49:28 +0500
Processing by HomeController#index as HTML
  Rendering layout layouts/application.html.erb
  Rendering home/index.html.erb within layouts/application
  Rendered home/index.html.erb within layouts/application (Duration: 0.2ms | GC: 0.0ms)
  Rendered shared/_navbar.html.erb (Duration: 0.2ms | GC: 0.0ms)
  Rendered layout layouts/application.html.erb (Duration: 1.5ms | GC: 0.0ms)
Completed 200 OK in 7ms (Views: 2.8ms | ActiveRecord: 0.0ms (0 queries, 0 cached) | GC: 0.0ms)


Started GET "/task-details" for 127.0.0.1 at 2026-08-30 21:49:29 +0500
Processing by TasksController#details as HTML
  Rendering layout layouts/application.html.erb
  Rendering tasks/details.html.erb within layouts/application
  Rendered tasks/details.html.erb within layouts/application (Duration: 0.5ms | GC: 0.0ms)
  Rendered shared/_navbar.html.erb (Duration: 0.2ms | GC: 0.0ms)
  Rendered layout layouts/application.html.erb (Duration: 1.8ms | GC: 0.0ms)
Completed 200 OK in 4ms (Views: 2.3ms | ActiveRecord: 0.0ms (0 queries, 0 cached) | GC: 0.0ms)


Started GET "/task-details?query=ff&commit=Search" for 127.0.0.1 at 2026-08-30 21:49:34 +0500
Processing by TasksController#details as HTML
  Parameters: {"query" => "ff", "commit" => "Search"}
  [1m[36mTask Load (0.4ms)[0m  [1m[34mSELECT "tasks".* FROM "tasks" WHERE "tasks"."tittle" = 'ff' LIMIT 1 /*action='details',application='TaskManagementApp',controller='tasks'*/[0m
  ↳ app/controllers/tasks_controller.rb:10:in 'TasksController#details'
  Rendering layout layouts/application.html.erb
  Rendering tasks/details.html.erb within layouts/application
  Rendered tasks/details.html.erb within layouts/application (Duration: 0.6ms | GC: 0.0ms)
  Rendered shared/_navbar.html.erb (Duration: 0.2ms | GC: 0.0ms)
  Rendered layout layouts/application.html.erb (Duration: 2.0ms | GC: 0.0ms)
Completed 200 OK in 6ms (Views: 2.7ms | ActiveRecord: 0.4ms (1 query, 0 cached) | GC: 0.0ms)


Started GET "/" for 127.0.0.1 at 2026-08-30 21:49:36 +0500
Processing by HomeController#index as HTML
  Rendering layout layouts/application.html.erb
  Rendering home/index.html.erb within layouts/application
  Rendered home/index.html.erb within layouts/application (Duration: 0.2ms | GC: 0.0ms)
  Rendered shared/_navbar.html.erb (Duration: 0.2ms | GC: 0.0ms)
  Rendered layout layouts/application.html.erb (Duration: 1.8ms | GC: 0.0ms)
Completed 200 OK in 4ms (Views: 2.4ms | ActiveRecord: 0.0ms (0 queries, 0 cached) | GC: 0.0ms)


Started GET "/" for 127.0.0.1 at 2026-08-30 21:52:12 +0500
Processing by HomeController#index as HTML
  Rendering layout layouts/application.html.erb
  Rendering home/index.html.erb within layouts/application
  Rendered home/index.html.erb within layouts/application (Duration: 0.2ms | GC: 0.0ms)
  Rendered shared/_navbar.html.erb (Duration: 0.2ms | GC: 0.0ms)
  Rendered layout layouts/application.html.erb (Duration: 2.1ms | GC: 0.0ms)
Completed 200 OK in 4ms (Views: 2.7ms | ActiveRecord: 0.0ms (0 queries, 0 cached) | GC: 0.0ms)


Started GET "/task-details" for 127.0.0.1 at 2026-08-30 21:52:13 +0500
Processing by TasksController#details as HTML
  Rendering layout layouts/application.html.erb
  Rendering tasks/details.html.erb within layouts/application
  Rendered tasks/details.html.erb within layouts/application (Duration: 0.7ms | GC: 0.0ms)
  Rendered shared/_navbar.html.erb (Duration: 0.2ms | GC: 0.0ms)
  Rendered layout layouts/application.html.erb (Duration: 2.3ms | GC: 0.0ms)
Completed 200 OK in 5ms (Views: 2.9ms | ActiveRecord: 0.0ms (0 queries, 0 cached) | GC: 0.0ms)


Started GET "/tasks" for 127.0.0.1 at 2026-08-30 21:52:21 +0500
Processing by TasksController#index as HTML
  Rendering layout layouts/application.html.erb
  Rendering tasks/index.html.erb within layouts/application
  [1m[36mTask Exists? (0.5ms)[0m  [1m[34mSELECT 1 AS one FROM "tasks" LIMIT 1 /*action='index',application='TaskManagementApp',controller='tasks'*/[0m
  ↳ app/views/tasks/index.html.erb:4
  [1m[36mTask Load (0.4ms)[0m  [1m[34mSELECT "tasks".* FROM "tasks" /*action='index',application='TaskManagementApp',controller='tasks'*/[0m
  ↳ app/views/tasks/_task.html.erb:13
  Rendered tasks/_task.html.erb (Duration: 1.8ms | GC: 0.0ms)
  Rendered tasks/index.html.erb within layouts/application (Duration: 4.3ms | GC: 0.0ms)
  Rendered shared/_navbar.html.erb (Duration: 0.2ms | GC: 0.0ms)
  Rendered layout layouts/application.html.erb (Duration: 5.8ms | GC: 0.0ms)
Completed 200 OK in 8ms (Views: 5.4ms | ActiveRecord: 0.8ms (2 queries, 0 cached) | GC: 0.0ms)


Started GET "/task-details" for 127.0.0.1 at 2026-08-30 21:52:37 +0500
Processing by TasksController#details as HTML
  Rendering layout layouts/application.html.erb
  Rendering tasks/details.html.erb within layouts/application
  Rendered tasks/details.html.erb within layouts/application (Duration: 1.3ms | GC: 0.0ms)
  Rendered shared/_navbar.html.erb (Duration: 0.2ms | GC: 0.0ms)
  Rendered layout layouts/application.html.erb (Duration: 3.9ms | GC: 0.0ms)
Completed 200 OK in 6ms (Views: 4.5ms | ActiveRecord: 0.0ms (0 queries, 0 cached) | GC: 0.0ms)


Started GET "/" for 127.0.0.1 at 2026-08-30 21:52:38 +0500
Processing by HomeController#index as HTML
  Rendering layout layouts/application.html.erb
  Rendering home/index.html.erb within layouts/application
  Rendered home/index.html.erb within layouts/application (Duration: 0.2ms | GC: 0.0ms)
  Rendered shared/_navbar.html.erb (Duration: 0.2ms | GC: 0.0ms)
  Rendered layout layouts/application.html.erb (Duration: 1.5ms | GC: 0.0ms)
Completed 200 OK in 4ms (Views: 2.1ms | ActiveRecord: 0.0ms (0 queries, 0 cached) | GC: 0.8ms)


Started GET "/tasks" for 127.0.0.1 at 2026-08-30 21:52:41 +0500
Processing by TasksController#index as HTML
  Rendering layout layouts/application.html.erb
  Rendering tasks/index.html.erb within layouts/application
  [1m[36mTask Exists? (0.4ms)[0m  [1m[34mSELECT 1 AS one FROM "tasks" LIMIT 1 /*action='index',application='TaskManagementApp',controller='tasks'*/[0m
  ↳ app/views/tasks/index.html.erb:4
  [1m[36mTask Load (0.4ms)[0m  [1m[34mSELECT "tasks".* FROM "tasks" /*action='index',application='TaskManagementApp',controller='tasks'*/[0m
  ↳ app/views/tasks/_task.html.erb:13
  Rendered tasks/_task.html.erb (Duration: 1.8ms | GC: 0.0ms)
  Rendered tasks/index.html.erb within layouts/application (Duration: 3.5ms | GC: 0.0ms)
  Rendered shared/_navbar.html.erb (Duration: 0.7ms | GC: 0.5ms)
  Rendered layout layouts/application.html.erb (Duration: 5.5ms | GC: 0.5ms)
Completed 200 OK in 7ms (Views: 5.3ms | ActiveRecord: 0.7ms (2 queries, 0 cached) | GC: 0.5ms)


Started GET "/task-details" for 127.0.0.1 at 2026-08-30 21:52:41 +0500
Processing by TasksController#details as HTML
  Rendering layout layouts/application.html.erb
  Rendering tasks/details.html.erb within layouts/application
  Rendered tasks/details.html.erb within layouts/application (Duration: 0.5ms | GC: 0.0ms)
  Rendered shared/_navbar.html.erb (Duration: 0.2ms | GC: 0.0ms)
  Rendered layout layouts/application.html.erb (Duration: 1.8ms | GC: 0.0ms)
Completed 200 OK in 4ms (Views: 2.4ms | ActiveRecord: 0.0ms (0 queries, 0 cached) | GC: 0.0ms)


Started GET "/tasks/new" for 127.0.0.1 at 2026-08-30 21:52:42 +0500
Processing by TasksController#new as HTML
  Rendering layout layouts/application.html.erb
  Rendering tasks/new.html.erb within layouts/application
  Rendered tasks/new.html.erb within layouts/application (Duration: 1.4ms | GC: 0.0ms)
  Rendered shared/_navbar.html.erb (Duration: 0.2ms | GC: 0.0ms)
  Rendered layout layouts/application.html.erb (Duration: 2.8ms | GC: 0.0ms)
Completed 200 OK in 5ms (Views: 3.4ms | ActiveRecord: 0.0ms (0 queries, 0 cached) | GC: 0.0ms)


Started GET "/tasks/new" for 127.0.0.1 at 2026-08-30 21:52:43 +0500
Processing by TasksController#new as HTML
  Rendering layout layouts/application.html.erb
  Rendering tasks/new.html.erb within layouts/application
  Rendered tasks/new.html.erb within layouts/application (Duration: 1.9ms | GC: 0.6ms)
  Rendered shared/_navbar.html.erb (Duration: 0.1ms | GC: 0.0ms)
  Rendered layout layouts/application.html.erb (Duration: 2.8ms | GC: 0.6ms)
Completed 200 OK in 5ms (Views: 3.3ms | ActiveRecord: 0.0ms (0 queries, 0 cached) | GC: 0.6ms)


Started GET "/task-details" for 127.0.0.1 at 2026-08-30 21:52:43 +0500
Processing by TasksController#details as HTML
  Rendering layout layouts/application.html.erb
  Rendering tasks/details.html.erb within layouts/application
  Rendered tasks/details.html.erb within layouts/application (Duration: 0.5ms | GC: 0.0ms)
  Rendered shared/_navbar.html.erb (Duration: 0.1ms | GC: 0.0ms)
  Rendered layout layouts/application.html.erb (Duration: 1.7ms | GC: 0.0ms)
Completed 200 OK in 4ms (Views: 2.2ms | ActiveRecord: 0.0ms (0 queries, 0 cached) | GC: 0.0ms)


Started GET "/tasks" for 127.0.0.1 at 2026-08-30 21:52:44 +0500
Processing by TasksController#index as HTML
  Rendering layout layouts/application.html.erb
  Rendering tasks/index.html.erb within layouts/application
  [1m[36mTask Exists? (0.4ms)[0m  [1m[34mSELECT 1 AS one FROM "tasks" LIMIT 1 /*action='index',application='TaskManagementApp',controller='tasks'*/[0m
  ↳ app/views/tasks/index.html.erb:4
  [1m[36mTask Load (0.3ms)[0m  [1m[34mSELECT "tasks".* FROM "tasks" /*action='index',application='TaskManagementApp',controller='tasks'*/[0m
  ↳ app/views/tasks/_task.html.erb:13
  Rendered tasks/_task.html.erb (Duration: 1.5ms | GC: 0.0ms)
  Rendered tasks/index.html.erb within layouts/application (Duration: 3.1ms | GC: 0.0ms)
  Rendered shared/_navbar.html.erb (Duration: 0.4ms | GC: 0.0ms)
  Rendered layout layouts/application.html.erb (Duration: 4.9ms | GC: 0.0ms)
Completed 200 OK in 7ms (Views: 4.9ms | ActiveRecord: 0.7ms (2 queries, 0 cached) | GC: 0.0ms)


Started GET "/" for 127.0.0.1 at 2026-08-30 21:53:31 +0500
Processing by HomeController#index as HTML
  Rendering layout layouts/application.html.erb
  Rendering home/index.html.erb within layouts/application
  Rendered home/index.html.erb within layouts/application (Duration: 0.2ms | GC: 0.0ms)
  Rendered shared/_navbar.html.erb (Duration: 0.1ms | GC: 0.0ms)
  Rendered layout layouts/application.html.erb (Duration: 1.5ms | GC: 0.0ms)
Completed 200 OK in 4ms (Views: 2.1ms | ActiveRecord: 0.0ms (0 queries, 0 cached) | GC: 0.0ms)


Started GET "/tasks" for 127.0.0.1 at 2026-08-30 21:53:31 +0500
Processing by TasksController#index as HTML
  Rendering layout layouts/application.html.erb
  Rendering tasks/index.html.erb within layouts/application
  [1m[36mTask Exists? (0.4ms)[0m  [1m[34mSELECT 1 AS one FROM "tasks" LIMIT 1 /*action='index',application='TaskManagementApp',controller='tasks'*/[0m
  ↳ app/views/tasks/index.html.erb:4
  [1m[36mTask Load (0.3ms)[0m  [1m[34mSELECT "tasks".* FROM "tasks" /*action='index',application='TaskManagementApp',controller='tasks'*/[0m
  ↳ app/views/tasks/_task.html.erb:13
  Rendered tasks/_task.html.erb (Duration: 1.6ms | GC: 0.0ms)
  Rendered tasks/index.html.erb within layouts/application (Duration: 3.4ms | GC: 0.0ms)
  Rendered shared/_navbar.html.erb (Duration: 0.2ms | GC: 0.0ms)
  Rendered layout layouts/application.html.erb (Duration: 5.2ms | GC: 0.0ms)
Completed 200 OK in 8ms (Views: 5.2ms | ActiveRecord: 0.6ms (2 queries, 0 cached) | GC: 0.0ms)


Started GET "/task-details" for 127.0.0.1 at 2026-08-30 21:53:33 +0500
Processing by TasksController#details as HTML
  Rendering layout layouts/application.html.erb
  Rendering tasks/details.html.erb within layouts/application
  Rendered tasks/details.html.erb within layouts/application (Duration: 0.5ms | GC: 0.0ms)
  Rendered shared/_navbar.html.erb (Duration: 0.1ms | GC: 0.0ms)
  Rendered layout layouts/application.html.erb (Duration: 1.8ms | GC: 0.0ms)
Completed 200 OK in 4ms (Views: 2.4ms | ActiveRecord: 0.0ms (0 queries, 0 cached) | GC: 0.0ms)


Started GET "/tasks/new" for 127.0.0.1 at 2026-08-30 21:53:34 +0500
Processing by TasksController#new as HTML
  Rendering layout layouts/application.html.erb
  Rendering tasks/new.html.erb within layouts/application
  Rendered tasks/new.html.erb within layouts/application (Duration: 1.4ms | GC: 0.0ms)
  Rendered shared/_navbar.html.erb (Duration: 0.2ms | GC: 0.0ms)
  Rendered layout layouts/application.html.erb (Duration: 2.4ms | GC: 0.0ms)
Completed 200 OK in 5ms (Views: 2.9ms | ActiveRecord: 0.0ms (0 queries, 0 cached) | GC: 0.0ms)


Started GET "/tasks/new" for 127.0.0.1 at 2026-08-30 21:55:01 +0500
Processing by TasksController#new as HTML
  Rendering layout layouts/application.html.erb
  Rendering tasks/new.html.erb within layouts/application
  Rendered tasks/new.html.erb within layouts/application (Duration: 2.2ms | GC: 0.0ms)
  Rendered shared/_navbar.html.erb (Duration: 0.5ms | GC: 0.0ms)
  Rendered layout layouts/application.html.erb (Duration: 7.5ms | GC: 0.0ms)
Completed 200 OK in 20ms (Views: 10.1ms | ActiveRecord: 2.2ms (0 queries, 0 cached) | GC: 0.3ms)


Started GET "/tasks/new" for 127.0.0.1 at 2026-08-30 21:55:32 +0500
Processing by TasksController#new as HTML
  Rendering layout layouts/application.html.erb
  Rendering tasks/new.html.erb within layouts/application
  Rendered tasks/new.html.erb within layouts/application (Duration: 1.7ms | GC: 0.0ms)
  Rendered shared/_navbar.html.erb (Duration: 0.2ms | GC: 0.0ms)
  Rendered layout layouts/application.html.erb (Duration: 3.3ms | GC: 0.0ms)
Completed 200 OK in 5ms (Views: 4.1ms | ActiveRecord: 0.0ms (0 queries, 0 cached) | GC: 0.0ms)


Started GET "/" for 127.0.0.1 at 2026-08-30 21:55:35 +0500
Processing by HomeController#index as HTML
  Rendering layout layouts/application.html.erb
  Rendering home/index.html.erb within layouts/application
  Rendered home/index.html.erb within layouts/application (Duration: 0.5ms | GC: 0.0ms)
  Rendered shared/_navbar.html.erb (Duration: 0.2ms | GC: 0.0ms)
  Rendered layout layouts/application.html.erb (Duration: 1.9ms | GC: 0.0ms)
Completed 200 OK in 5ms (Views: 3.0ms | ActiveRecord: 0.0ms (0 queries, 0 cached) | GC: 0.0ms)


Started GET "/" for 127.0.0.1 at 2026-08-30 21:55:37 +0500
Processing by HomeController#index as HTML
  Rendering layout layouts/application.html.erb
  Rendering home/index.html.erb within layouts/application
  Rendered home/index.html.erb within layouts/application (Duration: 0.2ms | GC: 0.0ms)
  Rendered shared/_navbar.html.erb (Duration: 0.2ms | GC: 0.0ms)
  Rendered layout layouts/application.html.erb (Duration: 1.6ms | GC: 0.0ms)
Completed 200 OK in 3ms (Views: 2.0ms | ActiveRecord: 0.0ms (0 queries, 0 cached) | GC: 0.0ms)


Started GET "/tasks" for 127.0.0.1 at 2026-08-30 21:55:37 +0500
Processing by TasksController#index as HTML
  Rendering layout layouts/application.html.erb
  Rendering tasks/index.html.erb within layouts/application
  [1m[36mTask Exists? (0.4ms)[0m  [1m[34mSELECT 1 AS one FROM "tasks" LIMIT 1 /*action='index',application='TaskManagementApp',controller='tasks'*/[0m
  ↳ app/views/tasks/index.html.erb:4
  [1m[36mTask Load (0.3ms)[0m  [1m[34mSELECT "tasks".* FROM "tasks" /*action='index',application='TaskManagementApp',controller='tasks'*/[0m
  ↳ app/views/tasks/_task.html.erb:13
  Rendered tasks/_task.html.erb (Duration: 1.8ms | GC: 0.0ms)
  Rendered tasks/index.html.erb within layouts/application (Duration: 4.4ms | GC: 0.0ms)
  Rendered shared/_navbar.html.erb (Duration: 0.3ms | GC: 0.0ms)
  Rendered layout layouts/application.html.erb (Duration: 6.2ms | GC: 0.0ms)
Completed 200 OK in 9ms (Views: 6.4ms | ActiveRecord: 0.6ms (2 queries, 0 cached) | GC: 0.0ms)


Started GET "/task-details" for 127.0.0.1 at 2026-08-30 21:55:42 +0500
Processing by TasksController#details as HTML
  Rendering layout layouts/application.html.erb
  Rendering tasks/details.html.erb within layouts/application
  Rendered tasks/details.html.erb within layouts/application (Duration: 1.1ms | GC: 0.0ms)
  Rendered shared/_navbar.html.erb (Duration: 0.2ms | GC: 0.0ms)
  Rendered layout layouts/application.html.erb (Duration: 2.5ms | GC: 0.0ms)
Completed 200 OK in 5ms (Views: 3.0ms | ActiveRecord: 0.0ms (0 queries, 0 cached) | GC: 0.0ms)


Started GET "/tasks/new" for 127.0.0.1 at 2026-08-30 21:55:43 +0500
Processing by TasksController#new as HTML
  Rendering layout layouts/application.html.erb
  Rendering tasks/new.html.erb within layouts/application
  Rendered tasks/new.html.erb within layouts/application (Duration: 1.2ms | GC: 0.0ms)
  Rendered shared/_navbar.html.erb (Duration: 0.2ms | GC: 0.0ms)
  Rendered layout layouts/application.html.erb (Duration: 2.3ms | GC: 0.0ms)
Completed 200 OK in 5ms (Views: 3.1ms | ActiveRecord: 0.0ms (0 queries, 0 cached) | GC: 0.0ms)


Started GET "/task-details" for 127.0.0.1 at 2026-08-30 21:55:44 +0500
Processing by TasksController#details as HTML
  Rendering layout layouts/application.html.erb
  Rendering tasks/details.html.erb within layouts/application
  Rendered tasks/details.html.erb within layouts/application (Duration: 0.7ms | GC: 0.0ms)
  Rendered shared/_navbar.html.erb (Duration: 0.2ms | GC: 0.0ms)
  Rendered layout layouts/application.html.erb (Duration: 2.3ms | GC: 0.0ms)
Completed 200 OK in 5ms (Views: 2.9ms | ActiveRecord: 0.0ms (0 queries, 0 cached) | GC: 0.0ms)


Started GET "/tasks/new" for 127.0.0.1 at 2026-08-30 21:55:46 +0500
Processing by TasksController#new as HTML
  Rendering layout layouts/application.html.erb
  Rendering tasks/new.html.erb within layouts/application
  Rendered tasks/new.html.erb within layouts/application (Duration: 1.5ms | GC: 0.0ms)
  Rendered shared/_navbar.html.erb (Duration: 0.2ms | GC: 0.0ms)
  Rendered layout layouts/application.html.erb (Duration: 2.8ms | GC: 0.0ms)
Completed 200 OK in 5ms (Views: 3.4ms | ActiveRecord: 0.0ms (0 queries, 0 cached) | GC: 0.0ms)


Started GET "/tasks/new" for 127.0.0.1 at 2026-08-30 21:56:18 +0500
Processing by TasksController#new as HTML
  Rendering layout layouts/application.html.erb
  Rendering tasks/new.html.erb within layouts/application
  Rendered tasks/new.html.erb within layouts/application (Duration: 2.3ms | GC: 0.0ms)
  Rendered shared/_navbar.html.erb (Duration: 0.6ms | GC: 0.0ms)
  Rendered layout layouts/application.html.erb (Duration: 8.9ms | GC: 0.8ms)
Completed 200 OK in 22ms (Views: 11.1ms | ActiveRecord: 2.3ms (0 queries, 0 cached) | GC: 1.6ms)


Started GET "/tasks/new" for 127.0.0.1 at 2026-08-30 21:56:27 +0500
Processing by TasksController#new as HTML
  Rendering layout layouts/application.html.erb
  Rendering tasks/new.html.erb within layouts/application
  Rendered tasks/new.html.erb within layouts/application (Duration: 1.8ms | GC: 0.0ms)
  Rendered shared/_navbar.html.erb (Duration: 0.5ms | GC: 0.0ms)
  Rendered layout layouts/application.html.erb (Duration: 6.5ms | GC: 0.4ms)
Completed 200 OK in 19ms (Views: 8.4ms | ActiveRecord: 2.8ms (0 queries, 0 cached) | GC: 0.8ms)


Started GET "/tasks/new" for 127.0.0.1 at 2026-08-30 21:57:12 +0500
Processing by TasksController#new as HTML
  Rendering layout layouts/application.html.erb
  Rendering tasks/new.html.erb within layouts/application
  Rendered tasks/new.html.erb within layouts/application (Duration: 1.8ms | GC: 0.0ms)
  Rendered shared/_navbar.html.erb (Duration: 0.6ms | GC: 0.0ms)
  Rendered layout layouts/application.html.erb (Duration: 6.9ms | GC: 0.0ms)
Completed 200 OK in 23ms (Views: 9.1ms | ActiveRecord: 2.7ms (0 queries, 0 cached) | GC: 0.3ms)


Started GET "/tasks" for 127.0.0.1 at 2026-08-30 21:57:18 +0500
Processing by TasksController#index as HTML
  Rendering layout layouts/application.html.erb
  Rendering tasks/index.html.erb within layouts/application
  [1m[36mTask Exists? (0.3ms)[0m  [1m[34mSELECT 1 AS one FROM "tasks" LIMIT 1 /*action='index',application='TaskManagementApp',controller='tasks'*/[0m
  ↳ app/views/tasks/index.html.erb:4
  [1m[36mTask Load (0.4ms)[0m  [1m[34mSELECT "tasks".* FROM "tasks" /*action='index',application='TaskManagementApp',controller='tasks'*/[0m
  ↳ app/views/tasks/_task.html.erb:13
  Rendered tasks/_task.html.erb (Duration: 2.1ms | GC: 0.0ms)
  Rendered tasks/index.html.erb within layouts/application (Duration: 4.7ms | GC: 0.0ms)
  Rendered shared/_navbar.html.erb (Duration: 0.4ms | GC: 0.0ms)
  Rendered layout layouts/application.html.erb (Duration: 6.5ms | GC: 0.0ms)
Completed 200 OK in 10ms (Views: 6.7ms | ActiveRecord: 0.7ms (2 queries, 0 cached) | GC: 0.0ms)


Started GET "/task-details" for 127.0.0.1 at 2026-08-30 21:57:19 +0500
Processing by TasksController#details as HTML
  Rendering layout layouts/application.html.erb
  Rendering tasks/details.html.erb within layouts/application
  Rendered tasks/details.html.erb within layouts/application (Duration: 1.1ms | GC: 0.0ms)
  Rendered shared/_navbar.html.erb (Duration: 1.9ms | GC: 0.0ms)
  Rendered layout layouts/application.html.erb (Duration: 5.4ms | GC: 0.0ms)
Completed 200 OK in 8ms (Views: 6.1ms | ActiveRecord: 0.0ms (0 queries, 0 cached) | GC: 0.0ms)


Started GET "/tasks/new" for 127.0.0.1 at 2026-08-30 21:57:20 +0500
Processing by TasksController#new as HTML
  Rendering layout layouts/application.html.erb
  Rendering tasks/new.html.erb within layouts/application
  Rendered tasks/new.html.erb within layouts/application (Duration: 1.2ms | GC: 0.0ms)
  Rendered shared/_navbar.html.erb (Duration: 0.2ms | GC: 0.0ms)
  Rendered layout layouts/application.html.erb (Duration: 2.2ms | GC: 0.0ms)
Completed 200 OK in 4ms (Views: 2.7ms | ActiveRecord: 0.0ms (0 queries, 0 cached) | GC: 0.0ms)


Started GET "/task-details" for 127.0.0.1 at 2026-08-30 21:57:21 +0500
Processing by TasksController#details as HTML
  Rendering layout layouts/application.html.erb
  Rendering tasks/details.html.erb within layouts/application
  Rendered tasks/details.html.erb within layouts/application (Duration: 0.6ms | GC: 0.0ms)
  Rendered shared/_navbar.html.erb (Duration: 0.2ms | GC: 0.0ms)
  Rendered layout layouts/application.html.erb (Duration: 2.2ms | GC: 0.0ms)
Completed 200 OK in 4ms (Views: 2.7ms | ActiveRecord: 0.0ms (0 queries, 0 cached) | GC: 0.0ms)


Started GET "/tasks" for 127.0.0.1 at 2026-08-30 21:57:21 +0500
Processing by TasksController#index as HTML
  Rendering layout layouts/application.html.erb
  Rendering tasks/index.html.erb within layouts/application
  [1m[36mTask Exists? (0.4ms)[0m  [1m[34mSELECT 1 AS one FROM "tasks" LIMIT 1 /*action='index',application='TaskManagementApp',controller='tasks'*/[0m
  ↳ app/views/tasks/index.html.erb:4
  [1m[36mTask Load (0.4ms)[0m  [1m[34mSELECT "tasks".* FROM "tasks" /*action='index',application='TaskManagementApp',controller='tasks'*/[0m
  ↳ app/views/tasks/_task.html.erb:13
  Rendered tasks/_task.html.erb (Duration: 1.8ms | GC: 0.0ms)
  Rendered tasks/index.html.erb within layouts/application (Duration: 3.6ms | GC: 0.0ms)
  Rendered shared/_navbar.html.erb (Duration: 0.2ms | GC: 0.0ms)
  Rendered layout layouts/application.html.erb (Duration: 4.9ms | GC: 0.0ms)
Completed 200 OK in 7ms (Views: 4.6ms | ActiveRecord: 0.7ms (2 queries, 0 cached) | GC: 0.0ms)


Started GET "/" for 127.0.0.1 at 2026-08-30 21:57:22 +0500
Processing by HomeController#index as HTML
  Rendering layout layouts/application.html.erb
  Rendering home/index.html.erb within layouts/application
  Rendered home/index.html.erb within layouts/application (Duration: 0.5ms | GC: 0.0ms)
  Rendered shared/_navbar.html.erb (Duration: 0.1ms | GC: 0.0ms)
  Rendered layout layouts/application.html.erb (Duration: 1.9ms | GC: 0.0ms)
Completed 200 OK in 5ms (Views: 3.2ms | ActiveRecord: 0.0ms (0 queries, 0 cached) | GC: 0.0ms)


Started GET "/task-details" for 127.0.0.1 at 2026-08-30 21:57:22 +0500
Processing by TasksController#details as HTML
  Rendering layout layouts/application.html.erb
  Rendering tasks/details.html.erb within layouts/application
  Rendered tasks/details.html.erb within layouts/application (Duration: 0.5ms | GC: 0.0ms)
  Rendered shared/_navbar.html.erb (Duration: 0.2ms | GC: 0.0ms)
  Rendered layout layouts/application.html.erb (Duration: 1.7ms | GC: 0.0ms)
Completed 200 OK in 4ms (Views: 2.2ms | ActiveRecord: 0.0ms (0 queries, 0 cached) | GC: 0.0ms)


Started GET "/tasks" for 127.0.0.1 at 2026-08-30 21:57:23 +0500
Processing by TasksController#index as HTML
  Rendering layout layouts/application.html.erb
  Rendering tasks/index.html.erb within layouts/application
  [1m[36mTask Exists? (0.5ms)[0m  [1m[34mSELECT 1 AS one FROM "tasks" LIMIT 1 /*action='index',application='TaskManagementApp',controller='tasks'*/[0m
  ↳ app/views/tasks/index.html.erb:4
  [1m[36mTask Load (0.4ms)[0m  [1m[34mSELECT "tasks".* FROM "tasks" /*action='index',application='TaskManagementApp',controller='tasks'*/[0m
  ↳ app/views/tasks/_task.html.erb:13
  Rendered tasks/_task.html.erb (Duration: 2.7ms | GC: 0.0ms)
  Rendered tasks/index.html.erb within layouts/application (Duration: 5.2ms | GC: 0.0ms)
  Rendered shared/_navbar.html.erb (Duration: 0.3ms | GC: 0.0ms)
  Rendered layout layouts/application.html.erb (Duration: 7.4ms | GC: 0.0ms)
Completed 200 OK in 10ms (Views: 7.3ms | ActiveRecord: 0.8ms (2 queries, 0 cached) | GC: 0.0ms)


Started GET "/task-details" for 127.0.0.1 at 2026-08-30 21:57:26 +0500
Processing by TasksController#details as HTML
  Rendering layout layouts/application.html.erb
  Rendering tasks/details.html.erb within layouts/application
  Rendered tasks/details.html.erb within layouts/application (Duration: 0.5ms | GC: 0.0ms)
  Rendered shared/_navbar.html.erb (Duration: 0.3ms | GC: 0.0ms)
  Rendered layout layouts/application.html.erb (Duration: 1.9ms | GC: 0.0ms)
Completed 200 OK in 4ms (Views: 2.4ms | ActiveRecord: 0.0ms (0 queries, 0 cached) | GC: 0.0ms)


Started GET "/tasks/new" for 127.0.0.1 at 2026-08-30 21:57:26 +0500
Processing by TasksController#new as HTML
  Rendering layout layouts/application.html.erb
  Rendering tasks/new.html.erb within layouts/application
  Rendered tasks/new.html.erb within layouts/application (Duration: 1.7ms | GC: 0.0ms)
  Rendered shared/_navbar.html.erb (Duration: 0.2ms | GC: 0.0ms)
  Rendered layout layouts/application.html.erb (Duration: 3.7ms | GC: 0.0ms)
Completed 200 OK in 6ms (Views: 4.3ms | ActiveRecord: 0.0ms (0 queries, 0 cached) | GC: 0.0ms)


Started GET "/task-details" for 127.0.0.1 at 2026-08-30 21:58:06 +0500
Processing by TasksController#details as HTML
  Rendering layout layouts/application.html.erb
  Rendering tasks/details.html.erb within layouts/application
  Rendered tasks/details.html.erb within layouts/application (Duration: 0.5ms | GC: 0.0ms)
  Rendered shared/_navbar.html.erb (Duration: 0.1ms | GC: 0.0ms)
  Rendered layout layouts/application.html.erb (Duration: 1.7ms | GC: 0.0ms)
Completed 200 OK in 4ms (Views: 2.3ms | ActiveRecord: 0.0ms (0 queries, 0 cached) | GC: 0.0ms)


Started GET "/tasks" for 127.0.0.1 at 2026-08-30 21:58:07 +0500
Processing by TasksController#index as HTML
  Rendering layout layouts/application.html.erb
  Rendering tasks/index.html.erb within layouts/application
  [1m[36mTask Exists? (0.4ms)[0m  [1m[34mSELECT 1 AS one FROM "tasks" LIMIT 1 /*action='index',application='TaskManagementApp',controller='tasks'*/[0m
  ↳ app/views/tasks/index.html.erb:4
  [1m[36mTask Load (0.4ms)[0m  [1m[34mSELECT "tasks".* FROM "tasks" /*action='index',application='TaskManagementApp',controller='tasks'*/[0m
  ↳ app/views/tasks/_task.html.erb:13
  Rendered tasks/_task.html.erb (Duration: 1.8ms | GC: 0.0ms)
  Rendered tasks/index.html.erb within layouts/application (Duration: 3.8ms | GC: 0.0ms)
  Rendered shared/_navbar.html.erb (Duration: 0.3ms | GC: 0.0ms)
  Rendered layout layouts/application.html.erb (Duration: 5.5ms | GC: 0.0ms)
Completed 200 OK in 8ms (Views: 5.4ms | ActiveRecord: 0.8ms (2 queries, 0 cached) | GC: 0.0ms)


Started GET "/tasks" for 127.0.0.1 at 2026-08-30 22:02:35 +0500
Processing by TasksController#index as HTML
  Rendering layout layouts/application.html.erb
  Rendering tasks/index.html.erb within layouts/application
  Rendered tasks/index.html.erb within layouts/application (Duration: 8.7ms | GC: 0.3ms)
  Rendered layout layouts/application.html.erb (Duration: 9.3ms | GC: 0.3ms)
Completed 500 Internal Server Error in 15ms (ActiveRecord: 0.0ms (0 queries, 0 cached) | GC: 0.3ms)


  
ActionView::Template::Error (undefined method 'empty?' for nil)
Caused by: NoMethodError (undefined method 'empty?' for nil)

Information for: ActionView::Template::Error (undefined method 'empty?' for nil):
    3:   <h1>Task List</h1>
    4: 
    5:   <% if @tasks.empty? %>
    6: 
    7:     <div class="task-not-found">
    8:       <h2>No Tasks Found</h2>
    9:       <p>There are currently no tasks available.</p>
  
app/views/tasks/index.html.erb:6

Information for cause: NoMethodError (undefined method 'empty?' for nil):
  
app/views/tasks/index.html.erb:6
Started GET "/favicon.ico" for 127.0.0.1 at 2026-08-30 22:02:36 +0500
  
ActionController::RoutingError (No route matches [GET] "/favicon.ico"):
  
Started GET "/tasks" for 127.0.0.1 at 2026-08-30 22:03:35 +0500
Processing by TasksController#index as HTML
  Rendering layout layouts/application.html.erb
  Rendering tasks/index.html.erb within layouts/application
  Rendered tasks/index.html.erb within layouts/application (Duration: 0.4ms | GC: 0.0ms)
  Rendered shared/_navbar.html.erb (Duration: 0.6ms | GC: 0.0ms)
  Rendered layout layouts/application.html.erb (Duration: 8.0ms | GC: 0.0ms)
Completed 200 OK in 15ms (Views: 10.6ms | ActiveRecord: 0.0ms (0 queries, 0 cached) | GC: 0.1ms)


Started GET "/tasks" for 127.0.0.1 at 2026-08-30 22:03:40 +0500
Processing by TasksController#index as HTML
  Rendering layout layouts/application.html.erb
  Rendering tasks/index.html.erb within layouts/application
  Rendered tasks/index.html.erb within layouts/application (Duration: 0.0ms | GC: 0.0ms)
  Rendered shared/_navbar.html.erb (Duration: 0.2ms | GC: 0.0ms)
  Rendered layout layouts/application.html.erb (Duration: 1.5ms | GC: 0.0ms)
Completed 200 OK in 3ms (Views: 2.0ms | ActiveRecord: 0.0ms (0 queries, 0 cached) | GC: 0.0ms)


Started GET "/task-details" for 127.0.0.1 at 2026-08-30 22:03:41 +0500
Processing by TasksController#details as HTML
  Rendering layout layouts/application.html.erb
  Rendering tasks/details.html.erb within layouts/application
  Rendered tasks/details.html.erb within layouts/application (Duration: 1.2ms | GC: 0.0ms)
  Rendered shared/_navbar.html.erb (Duration: 0.2ms | GC: 0.0ms)
  Rendered layout layouts/application.html.erb (Duration: 3.0ms | GC: 0.1ms)
Completed 200 OK in 6ms (Views: 3.6ms | ActiveRecord: 0.0ms (0 queries, 0 cached) | GC: 0.1ms)


Started GET "/" for 127.0.0.1 at 2026-08-30 22:03:41 +0500
Processing by HomeController#index as HTML
  Rendering layout layouts/application.html.erb
  Rendering home/index.html.erb within layouts/application
  Rendered home/index.html.erb within layouts/application (Duration: 0.5ms | GC: 0.0ms)
  Rendered shared/_navbar.html.erb (Duration: 0.4ms | GC: 0.0ms)
  Rendered layout layouts/application.html.erb (Duration: 2.3ms | GC: 0.0ms)
Completed 200 OK in 6ms (Views: 3.7ms | ActiveRecord: 0.0ms (0 queries, 0 cached) | GC: 0.0ms)


Started GET "/" for 127.0.0.1 at 2026-08-30 22:04:05 +0500
Processing by HomeController#index as HTML
  Rendering layout layouts/application.html.erb
  Rendering home/index.html.erb within layouts/application
  Rendered home/index.html.erb within layouts/application (Duration: 0.5ms | GC: 0.0ms)
  Rendered shared/_navbar.html.erb (Duration: 0.5ms | GC: 0.0ms)
  Rendered layout layouts/application.html.erb (Duration: 4.5ms | GC: 0.0ms)
Completed 200 OK in 9ms (Views: 6.4ms | ActiveRecord: 0.0ms (0 queries, 0 cached) | GC: 0.0ms)


Started GET "/task-details" for 127.0.0.1 at 2026-08-30 22:04:06 +0500
Processing by TasksController#details as HTML
  Rendering layout layouts/application.html.erb
  Rendering tasks/details.html.erb within layouts/application
  Rendered tasks/details.html.erb within layouts/application (Duration: 1.3ms | GC: 0.0ms)
  Rendered shared/_navbar.html.erb (Duration: 0.2ms | GC: 0.0ms)
  Rendered layout layouts/application.html.erb (Duration: 2.8ms | GC: 0.0ms)
Completed 200 OK in 7ms (Views: 4.0ms | ActiveRecord: 0.0ms (0 queries, 0 cached) | GC: 0.0ms)


Started GET "/tasks" for 127.0.0.1 at 2026-08-30 22:04:06 +0500
Processing by TasksController#index as HTML
  Rendering layout layouts/application.html.erb
  Rendering tasks/index.html.erb within layouts/application
  Rendered tasks/index.html.erb within layouts/application (Duration: 0.7ms | GC: 0.0ms)
  Rendered shared/_navbar.html.erb (Duration: 0.2ms | GC: 0.0ms)
  Rendered layout layouts/application.html.erb (Duration: 2.6ms | GC: 0.0ms)
Completed 200 OK in 11ms (Views: 3.3ms | ActiveRecord: 0.0ms (0 queries, 0 cached) | GC: 0.0ms)


Started GET "/tasks" for 127.0.0.1 at 2026-08-30 22:04:09 +0500
Processing by TasksController#index as HTML
  Rendering layout layouts/application.html.erb
  Rendering tasks/index.html.erb within layouts/application
  Rendered tasks/index.html.erb within layouts/application (Duration: 0.1ms | GC: 0.0ms)
  Rendered shared/_navbar.html.erb (Duration: 0.3ms | GC: 0.0ms)
  Rendered layout layouts/application.html.erb (Duration: 2.1ms | GC: 0.0ms)
Completed 200 OK in 4ms (Views: 2.7ms | ActiveRecord: 0.0ms (0 queries, 0 cached) | GC: 0.0ms)


Started GET "/tasks" for 127.0.0.1 at 2026-08-30 22:04:19 +0500
Processing by TasksController#index as HTML
  Rendering layout layouts/application.html.erb
  Rendering tasks/index.html.erb within layouts/application
  Rendered tasks/index.html.erb within layouts/application (Duration: 1.2ms | GC: 0.3ms)
  Rendered layout layouts/application.html.erb (Duration: 1.5ms | GC: 0.3ms)
Completed 500 Internal Server Error in 8ms (ActiveRecord: 0.0ms (0 queries, 0 cached) | GC: 0.3ms)


  
ActionView::Template::Error (undefined method 'empty?' for nil)
Caused by: NoMethodError (undefined method 'empty?' for nil)

Information for: ActionView::Template::Error (undefined method 'empty?' for nil):
    3:   <h1>Task List</h1>
    4: 
    5:   <% if @tasks.empty? %>
    6: 
    7:     <div class="task-not-found">
    8:       <h2>No Tasks Found</h2>
    9:       <p>There are currently no tasks available.</p>
  
app/views/tasks/index.html.erb:6

Information for cause: NoMethodError (undefined method 'empty?' for nil):
  
app/views/tasks/index.html.erb:6
Started GET "/tasks" for 127.0.0.1 at 2026-08-30 22:05:36 +0500
Processing by TasksController#index as HTML
  Rendering layout layouts/application.html.erb
  Rendering tasks/index.html.erb within layouts/application
  [1m[36mTask Exists? (0.3ms)[0m  [1m[34mSELECT 1 AS one FROM "tasks" LIMIT 1 /*action='index',application='TaskManagementApp',controller='tasks'*/[0m
  ↳ app/views/tasks/index.html.erb:6
  Rendered tasks/_task.html.erb (Duration: 1.1ms | GC: 0.0ms)
  Rendered tasks/index.html.erb within layouts/application (Duration: 7.3ms | GC: 0.0ms)
  Rendered layout layouts/application.html.erb (Duration: 7.5ms | GC: 0.0ms)
Completed 500 Internal Server Error in 14ms (ActiveRecord: 1.3ms (1 query, 0 cached) | GC: 0.0ms)


  
ActionView::Template::Error (undefined method 'each' for nil)
Caused by: NoMethodError (undefined method 'each' for nil)

Information for: ActionView::Template::Error (undefined method 'each' for nil):
    1: <% @tasks.each do |t| %>
    2: 
    3:   <div class="task-card">
    4: 
    5:     <div class="task-card-header">
  
app/views/tasks/_task.html.erb:2
app/views/tasks/index.html.erb:16

Information for cause: NoMethodError (undefined method 'each' for nil):
  
app/views/tasks/_task.html.erb:2
app/views/tasks/index.html.erb:16
Started GET "/tasks" for 127.0.0.1 at 2026-08-30 22:06:19 +0500
Processing by TasksController#index as HTML
  Rendering layout layouts/application.html.erb
  Rendering tasks/index.html.erb within layouts/application
  [1m[36mTask Exists? (0.3ms)[0m  [1m[34mSELECT 1 AS one FROM "tasks" LIMIT 1 /*action='index',application='TaskManagementApp',controller='tasks'*/[0m
  ↳ app/views/tasks/index.html.erb:6
  [1m[36mTask Load (0.4ms)[0m  [1m[34mSELECT "tasks".* FROM "tasks" /*action='index',application='TaskManagementApp',controller='tasks'*/[0m
  ↳ app/views/tasks/_task.html.erb:2
  Rendered tasks/_task.html.erb (Duration: 8.7ms | GC: 0.0ms)
  Rendered tasks/index.html.erb within layouts/application (Duration: 13.2ms | GC: 0.0ms)
  Rendered shared/_navbar.html.erb (Duration: 0.5ms | GC: 0.0ms)
  Rendered layout layouts/application.html.erb (Duration: 17.5ms | GC: 0.0ms)
Completed 200 OK in 28ms (Views: 20.3ms | ActiveRecord: 3.0ms (2 queries, 0 cached) | GC: 0.0ms)


Started GET "/tasks/2/edit" for 127.0.0.1 at 2026-08-30 22:06:22 +0500
Processing by TasksController#edit as HTML
  Parameters: {"id" => "2"}
  Rendering layout layouts/application.html.erb
  Rendering tasks/edit.html.erb within layouts/application
  Rendered tasks/edit.html.erb within layouts/application (Duration: 0.4ms | GC: 0.0ms)
  Rendered shared/_navbar.html.erb (Duration: 0.2ms | GC: 0.0ms)
  Rendered layout layouts/application.html.erb (Duration: 2.3ms | GC: 0.0ms)
Completed 200 OK in 4ms (Views: 2.8ms | ActiveRecord: 0.0ms (0 queries, 0 cached) | GC: 0.0ms)


Started GET "/tasks/new" for 127.0.0.1 at 2026-08-30 22:06:25 +0500
Processing by TasksController#new as HTML
  Rendering layout layouts/application.html.erb
  Rendering tasks/new.html.erb within layouts/application
  Rendered tasks/new.html.erb within layouts/application (Duration: 2.0ms | GC: 0.0ms)
  Rendered shared/_navbar.html.erb (Duration: 0.2ms | GC: 0.0ms)
  Rendered layout layouts/application.html.erb (Duration: 3.1ms | GC: 0.0ms)
Completed 200 OK in 7ms (Views: 3.9ms | ActiveRecord: 0.0ms (0 queries, 0 cached) | GC: 0.0ms)


Started POST "/tasks" for 127.0.0.1 at 2026-08-30 22:06:47 +0500
Processing by TasksController#create as TURBO_STREAM
  Parameters: {"authenticity_token" => "[FILTERED]", "task" => {"tittle" => "task 2 ", "description" => "this is the header section task ", "status" => "completed", "priority" => "high"}, "commit" => "Create Task"}
  [1m[36mTRANSACTION (40.6ms)[0m  [1m[35mBEGIN /*action='create',application='TaskManagementApp',controller='tasks'*/[0m
  ↳ app/controllers/tasks_controller.rb:20:in 'TasksController#create'
  [1m[36mTask Create (56.7ms)[0m  [1m[32mINSERT INTO "tasks" ("created_at", "updated_at", "tittle", "description", "status", "priority") VALUES ('2026-08-30 17:06:47.296220', '2026-08-30 17:06:47.296220', 'task 2 ', 'this is the header section task ', 'completed', 'high') RETURNING "id" /*action='create',application='TaskManagementApp',controller='tasks'*/[0m
  ↳ app/controllers/tasks_controller.rb:20:in 'TasksController#create'
  [1m[36mTRANSACTION (8.1ms)[0m  [1m[35mCOMMIT /*action='create',application='TaskManagementApp',controller='tasks'*/[0m
  ↳ app/controllers/tasks_controller.rb:20:in 'TasksController#create'
Redirected to http://localhost:3000/tasks
↳ app/controllers/tasks_controller.rb:22:in 'TasksController#create'
Completed 302 Found in 74ms (ActiveRecord: 105.4ms (1 query, 0 cached) | GC: 0.0ms)


Started GET "/tasks" for 127.0.0.1 at 2026-08-30 22:06:47 +0500
Processing by TasksController#index as TURBO_STREAM
  Rendering layout layouts/application.html.erb
  Rendering tasks/index.html.erb within layouts/application
  [1m[36mTask Exists? (0.3ms)[0m  [1m[34mSELECT 1 AS one FROM "tasks" LIMIT 1 /*action='index',application='TaskManagementApp',controller='tasks'*/[0m
  ↳ app/views/tasks/index.html.erb:6
  [1m[36mTask Load (0.4ms)[0m  [1m[34mSELECT "tasks".* FROM "tasks" /*action='index',application='TaskManagementApp',controller='tasks'*/[0m
  ↳ app/views/tasks/_task.html.erb:2
  Rendered tasks/_task.html.erb (Duration: 2.7ms | GC: 0.0ms)
  Rendered tasks/index.html.erb within layouts/application (Duration: 8.8ms | GC: 4.2ms)
  Rendered shared/_navbar.html.erb (Duration: 0.2ms | GC: 0.0ms)
  Rendered layout layouts/application.html.erb (Duration: 9.9ms | GC: 4.2ms)
Completed 200 OK in 12ms (Views: 9.7ms | ActiveRecord: 0.7ms (2 queries, 0 cached) | GC: 4.2ms)


Started GET "/" for 127.0.0.1 at 2026-08-30 22:06:51 +0500
Processing by HomeController#index as HTML
  Rendering layout layouts/application.html.erb
  Rendering home/index.html.erb within layouts/application
  Rendered home/index.html.erb within layouts/application (Duration: 0.6ms | GC: 0.0ms)
  Rendered shared/_navbar.html.erb (Duration: 0.2ms | GC: 0.0ms)
  Rendered layout layouts/application.html.erb (Duration: 2.4ms | GC: 0.0ms)
Completed 200 OK in 5ms (Views: 3.7ms | ActiveRecord: 0.0ms (0 queries, 0 cached) | GC: 0.0ms)


Started GET "/" for 127.0.0.1 at 2026-08-30 22:06:53 +0500
Processing by HomeController#index as HTML
  Rendering layout layouts/application.html.erb
  Rendering home/index.html.erb within layouts/application
  Rendered home/index.html.erb within layouts/application (Duration: 0.2ms | GC: 0.0ms)
  Rendered shared/_navbar.html.erb (Duration: 0.2ms | GC: 0.0ms)
  Rendered layout layouts/application.html.erb (Duration: 1.5ms | GC: 0.0ms)
Completed 200 OK in 4ms (Views: 2.0ms | ActiveRecord: 0.0ms (0 queries, 0 cached) | GC: 0.5ms)


Started GET "/tasks" for 127.0.0.1 at 2026-08-30 22:06:54 +0500
Processing by TasksController#index as HTML
  Rendering layout layouts/application.html.erb
  Rendering tasks/index.html.erb within layouts/application
  [1m[36mTask Exists? (0.4ms)[0m  [1m[34mSELECT 1 AS one FROM "tasks" LIMIT 1 /*action='index',application='TaskManagementApp',controller='tasks'*/[0m
  ↳ app/views/tasks/index.html.erb:6
  [1m[36mTask Load (0.4ms)[0m  [1m[34mSELECT "tasks".* FROM "tasks" /*action='index',application='TaskManagementApp',controller='tasks'*/[0m
  ↳ app/views/tasks/_task.html.erb:2
  Rendered tasks/_task.html.erb (Duration: 4.2ms | GC: 0.8ms)
  Rendered tasks/index.html.erb within layouts/application (Duration: 5.9ms | GC: 0.8ms)
  Rendered shared/_navbar.html.erb (Duration: 0.3ms | GC: 0.0ms)
  Rendered layout layouts/application.html.erb (Duration: 7.5ms | GC: 0.8ms)
Completed 200 OK in 10ms (Views: 7.3ms | ActiveRecord: 0.7ms (2 queries, 0 cached) | GC: 0.8ms)


Started GET "/task-details" for 127.0.0.1 at 2026-08-30 22:06:54 +0500
Processing by TasksController#details as HTML
  Rendering layout layouts/application.html.erb
  Rendering tasks/details.html.erb within layouts/application
  Rendered tasks/details.html.erb within layouts/application (Duration: 1.5ms | GC: 0.0ms)
  Rendered shared/_navbar.html.erb (Duration: 0.2ms | GC: 0.0ms)
  Rendered layout layouts/application.html.erb (Duration: 4.1ms | GC: 0.8ms)
Completed 200 OK in 6ms (Views: 4.8ms | ActiveRecord: 0.0ms (0 queries, 0 cached) | GC: 0.8ms)


Started GET "/tasks/new" for 127.0.0.1 at 2026-08-30 22:06:55 +0500
Processing by TasksController#new as HTML
  Rendering layout layouts/application.html.erb
  Rendering tasks/new.html.erb within layouts/application
  Rendered tasks/new.html.erb within layouts/application (Duration: 1.3ms | GC: 0.0ms)
  Rendered shared/_navbar.html.erb (Duration: 0.2ms | GC: 0.0ms)
  Rendered layout layouts/application.html.erb (Duration: 2.4ms | GC: 0.0ms)
Completed 200 OK in 4ms (Views: 3.0ms | ActiveRecord: 0.0ms (0 queries, 0 cached) | GC: 0.0ms)


Started GET "/task-details" for 127.0.0.1 at 2026-08-30 22:06:56 +0500
Processing by TasksController#details as HTML
  Rendering layout layouts/application.html.erb
  Rendering tasks/details.html.erb within layouts/application
  Rendered tasks/details.html.erb within layouts/application (Duration: 0.5ms | GC: 0.0ms)
  Rendered shared/_navbar.html.erb (Duration: 0.2ms | GC: 0.0ms)
  Rendered layout layouts/application.html.erb (Duration: 2.2ms | GC: 0.0ms)
Completed 200 OK in 4ms (Views: 2.7ms | ActiveRecord: 0.0ms (0 queries, 0 cached) | GC: 0.0ms)


Started GET "/tasks" for 127.0.0.1 at 2026-08-30 22:06:56 +0500
Processing by TasksController#index as HTML
  Rendering layout layouts/application.html.erb
  Rendering tasks/index.html.erb within layouts/application
  [1m[36mTask Exists? (0.4ms)[0m  [1m[34mSELECT 1 AS one FROM "tasks" LIMIT 1 /*action='index',application='TaskManagementApp',controller='tasks'*/[0m
  ↳ app/views/tasks/index.html.erb:6
  [1m[36mTask Load (0.3ms)[0m  [1m[34mSELECT "tasks".* FROM "tasks" /*action='index',application='TaskManagementApp',controller='tasks'*/[0m
  ↳ app/views/tasks/_task.html.erb:2
  Rendered tasks/_task.html.erb (Duration: 2.8ms | GC: 0.2ms)
  Rendered tasks/index.html.erb within layouts/application (Duration: 4.8ms | GC: 0.2ms)
  Rendered shared/_navbar.html.erb (Duration: 0.4ms | GC: 0.0ms)
  Rendered layout layouts/application.html.erb (Duration: 6.7ms | GC: 0.2ms)
Completed 200 OK in 11ms (Views: 8.5ms | ActiveRecord: 0.7ms (2 queries, 0 cached) | GC: 0.2ms)


Started GET "/" for 127.0.0.1 at 2026-08-30 22:06:57 +0500
Processing by HomeController#index as HTML
  Rendering layout layouts/application.html.erb
  Rendering home/index.html.erb within layouts/application
  Rendered home/index.html.erb within layouts/application (Duration: 0.2ms | GC: 0.0ms)
  Rendered shared/_navbar.html.erb (Duration: 0.1ms | GC: 0.0ms)
  Rendered layout layouts/application.html.erb (Duration: 1.4ms | GC: 0.0ms)
Completed 200 OK in 4ms (Views: 2.1ms | ActiveRecord: 0.0ms (0 queries, 0 cached) | GC: 0.0ms)


Started GET "/tasks" for 127.0.0.1 at 2026-08-30 22:06:59 +0500
Processing by TasksController#index as HTML
  Rendering layout layouts/application.html.erb
  Rendering tasks/index.html.erb within layouts/application
  [1m[36mTask Exists? (0.4ms)[0m  [1m[34mSELECT 1 AS one FROM "tasks" LIMIT 1 /*action='index',application='TaskManagementApp',controller='tasks'*/[0m
  ↳ app/views/tasks/index.html.erb:6
  [1m[36mTask Load (0.2ms)[0m  [1m[34mSELECT "tasks".* FROM "tasks" /*action='index',application='TaskManagementApp',controller='tasks'*/[0m
  ↳ app/views/tasks/_task.html.erb:2
  Rendered tasks/_task.html.erb (Duration: 3.0ms | GC: 0.2ms)
  Rendered tasks/index.html.erb within layouts/application (Duration: 4.7ms | GC: 0.2ms)
  Rendered shared/_navbar.html.erb (Duration: 0.2ms | GC: 0.0ms)
  Rendered layout layouts/application.html.erb (Duration: 6.0ms | GC: 0.2ms)
Completed 200 OK in 8ms (Views: 6.0ms | ActiveRecord: 0.6ms (2 queries, 0 cached) | GC: 0.2ms)


Started GET "/tasks/new" for 127.0.0.1 at 2026-08-30 22:06:59 +0500
Processing by TasksController#new as HTML
  Rendering layout layouts/application.html.erb
  Rendering tasks/new.html.erb within layouts/application
  Rendered tasks/new.html.erb within layouts/application (Duration: 1.4ms | GC: 0.0ms)
  Rendered shared/_navbar.html.erb (Duration: 0.2ms | GC: 0.0ms)
  Rendered layout layouts/application.html.erb (Duration: 2.9ms | GC: 0.3ms)
Completed 200 OK in 5ms (Views: 3.6ms | ActiveRecord: 0.0ms (0 queries, 0 cached) | GC: 0.3ms)


Started GET "/" for 127.0.0.1 at 2026-08-30 22:07:31 +0500
Processing by HomeController#index as HTML
  Rendering layout layouts/application.html.erb
  Rendering home/index.html.erb within layouts/application
  Rendered home/index.html.erb within layouts/application (Duration: 0.2ms | GC: 0.0ms)
  Rendered shared/_navbar.html.erb (Duration: 0.2ms | GC: 0.0ms)
  Rendered layout layouts/application.html.erb (Duration: 1.5ms | GC: 0.0ms)
Completed 200 OK in 4ms (Views: 2.2ms | ActiveRecord: 0.0ms (0 queries, 0 cached) | GC: 0.0ms)


Started GET "/task-details" for 127.0.0.1 at 2026-08-30 22:07:35 +0500
Processing by TasksController#details as HTML
  Rendering layout layouts/application.html.erb
  Rendering tasks/details.html.erb within layouts/application
  Rendered tasks/details.html.erb within layouts/application (Duration: 0.5ms | GC: 0.0ms)
  Rendered shared/_navbar.html.erb (Duration: 0.2ms | GC: 0.0ms)
  Rendered layout layouts/application.html.erb (Duration: 2.0ms | GC: 0.0ms)
Completed 200 OK in 4ms (Views: 3.0ms | ActiveRecord: 0.0ms (0 queries, 0 cached) | GC: 0.4ms)


Started GET "/task-details" for 127.0.0.1 at 2026-08-30 22:07:35 +0500
Processing by TasksController#details as HTML
  Rendering layout layouts/application.html.erb
  Rendering tasks/details.html.erb within layouts/application
  Rendered tasks/details.html.erb within layouts/application (Duration: 1.1ms | GC: 0.4ms)
  Rendered shared/_navbar.html.erb (Duration: 0.3ms | GC: 0.0ms)
  Rendered layout layouts/application.html.erb (Duration: 3.5ms | GC: 0.4ms)
Completed 200 OK in 7ms (Views: 4.4ms | ActiveRecord: 0.0ms (0 queries, 0 cached) | GC: 0.4ms)


Started GET "/tasks/new" for 127.0.0.1 at 2026-08-30 22:07:35 +0500
Processing by TasksController#new as HTML
  Rendering layout layouts/application.html.erb
  Rendering tasks/new.html.erb within layouts/application
  Rendered tasks/new.html.erb within layouts/application (Duration: 1.3ms | GC: 0.0ms)
  Rendered shared/_navbar.html.erb (Duration: 0.3ms | GC: 0.0ms)
  Rendered layout layouts/application.html.erb (Duration: 2.7ms | GC: 0.0ms)
Completed 200 OK in 5ms (Views: 3.2ms | ActiveRecord: 0.0ms (0 queries, 0 cached) | GC: 0.0ms)


Started GET "/task-details" for 127.0.0.1 at 2026-08-30 22:07:36 +0500
Processing by TasksController#details as HTML
  Rendering layout layouts/application.html.erb
  Rendering tasks/details.html.erb within layouts/application
  Rendered tasks/details.html.erb within layouts/application (Duration: 0.5ms | GC: 0.0ms)
  Rendered shared/_navbar.html.erb (Duration: 0.2ms | GC: 0.0ms)
  Rendered layout layouts/application.html.erb (Duration: 1.8ms | GC: 0.0ms)
Completed 200 OK in 4ms (Views: 2.3ms | ActiveRecord: 0.0ms (0 queries, 0 cached) | GC: 0.2ms)


Started GET "/tasks" for 127.0.0.1 at 2026-08-30 22:07:36 +0500
Processing by TasksController#index as HTML
  Rendering layout layouts/application.html.erb
  Rendering tasks/index.html.erb within layouts/application
  [1m[36mTask Exists? (0.4ms)[0m  [1m[34mSELECT 1 AS one FROM "tasks" LIMIT 1 /*action='index',application='TaskManagementApp',controller='tasks'*/[0m
  ↳ app/views/tasks/index.html.erb:6
  [1m[36mTask Load (0.3ms)[0m  [1m[34mSELECT "tasks".* FROM "tasks" /*action='index',application='TaskManagementApp',controller='tasks'*/[0m
  ↳ app/views/tasks/_task.html.erb:2
  Rendered tasks/_task.html.erb (Duration: 5.9ms | GC: 2.1ms)
  Rendered tasks/index.html.erb within layouts/application (Duration: 8.2ms | GC: 2.8ms)
  Rendered shared/_navbar.html.erb (Duration: 1.7ms | GC: 1.5ms)
  Rendered layout layouts/application.html.erb (Duration: 10.9ms | GC: 4.3ms)
Completed 200 OK in 14ms (Views: 10.9ms | ActiveRecord: 0.7ms (2 queries, 0 cached) | GC: 5.0ms)


Started GET "/" for 127.0.0.1 at 2026-08-30 22:07:37 +0500
Processing by HomeController#index as HTML
  Rendering layout layouts/application.html.erb
  Rendering home/index.html.erb within layouts/application
  Rendered home/index.html.erb within layouts/application (Duration: 0.2ms | GC: 0.0ms)
  Rendered shared/_navbar.html.erb (Duration: 0.2ms | GC: 0.0ms)
  Rendered layout layouts/application.html.erb (Duration: 3.7ms | GC: 1.6ms)
Completed 200 OK in 7ms (Views: 5.2ms | ActiveRecord: 0.0ms (0 queries, 0 cached) | GC: 3.1ms)


Started GET "/tasks" for 127.0.0.1 at 2026-08-30 22:07:37 +0500
Processing by TasksController#index as HTML
  Rendering layout layouts/application.html.erb
  Rendering tasks/index.html.erb within layouts/application
  [1m[36mTask Exists? (0.4ms)[0m  [1m[34mSELECT 1 AS one FROM "tasks" LIMIT 1 /*action='index',application='TaskManagementApp',controller='tasks'*/[0m
  ↳ app/views/tasks/index.html.erb:6
  [1m[36mTask Load (0.4ms)[0m  [1m[34mSELECT "tasks".* FROM "tasks" /*action='index',application='TaskManagementApp',controller='tasks'*/[0m
  ↳ app/views/tasks/_task.html.erb:2
  Rendered tasks/_task.html.erb (Duration: 4.9ms | GC: 2.0ms)
  Rendered tasks/index.html.erb within layouts/application (Duration: 8.2ms | GC: 3.2ms)
  Rendered shared/_navbar.html.erb (Duration: 0.2ms | GC: 0.0ms)
  Rendered layout layouts/application.html.erb (Duration: 10.6ms | GC: 4.5ms)
Completed 200 OK in 14ms (Views: 10.6ms | ActiveRecord: 0.7ms (2 queries, 0 cached) | GC: 5.4ms)


Started GET "/task-details" for 127.0.0.1 at 2026-08-30 22:07:38 +0500
Processing by TasksController#details as HTML
  Rendering layout layouts/application.html.erb
  Rendering tasks/details.html.erb within layouts/application
  Rendered tasks/details.html.erb within layouts/application (Duration: 2.0ms | GC: 1.4ms)
  Rendered shared/_navbar.html.erb (Duration: 0.6ms | GC: 0.0ms)
  Rendered layout layouts/application.html.erb (Duration: 4.9ms | GC: 2.2ms)
Completed 200 OK in 8ms (Views: 5.6ms | ActiveRecord: 0.0ms (0 queries, 0 cached) | GC: 3.0ms)


Started GET "/tasks/new" for 127.0.0.1 at 2026-08-30 22:07:38 +0500
Processing by TasksController#new as HTML
  Rendering layout layouts/application.html.erb
  Rendering tasks/new.html.erb within layouts/application
  Rendered tasks/new.html.erb within layouts/application (Duration: 3.2ms | GC: 1.5ms)
  Rendered shared/_navbar.html.erb (Duration: 2.1ms | GC: 1.6ms)
  Rendered layout layouts/application.html.erb (Duration: 6.5ms | GC: 3.1ms)
Completed 200 OK in 10ms (Views: 8.0ms | ActiveRecord: 0.0ms (0 queries, 0 cached) | GC: 4.5ms)


Started GET "/task-details" for 127.0.0.1 at 2026-08-30 22:07:39 +0500
Processing by TasksController#details as HTML
  Rendering layout layouts/application.html.erb
  Rendering tasks/details.html.erb within layouts/application
  Rendered tasks/details.html.erb within layouts/application (Duration: 2.0ms | GC: 1.2ms)
  Rendered shared/_navbar.html.erb (Duration: 0.2ms | GC: 0.0ms)
  Rendered layout layouts/application.html.erb (Duration: 4.8ms | GC: 1.8ms)
Completed 200 OK in 9ms (Views: 7.6ms | ActiveRecord: 0.0ms (0 queries, 0 cached) | GC: 4.0ms)


Started GET "/tasks" for 127.0.0.1 at 2026-08-30 22:07:40 +0500
Processing by TasksController#index as HTML
  Rendering layout layouts/application.html.erb
  Rendering tasks/index.html.erb within layouts/application
  [1m[36mTask Exists? (0.4ms)[0m  [1m[34mSELECT 1 AS one FROM "tasks" LIMIT 1 /*action='index',application='TaskManagementApp',controller='tasks'*/[0m
  ↳ app/views/tasks/index.html.erb:6
  [1m[36mTask Load (0.3ms)[0m  [1m[34mSELECT "tasks".* FROM "tasks" /*action='index',application='TaskManagementApp',controller='tasks'*/[0m
  ↳ app/views/tasks/_task.html.erb:2
  Rendered tasks/_task.html.erb (Duration: 4.0ms | GC: 1.0ms)
  Rendered tasks/index.html.erb within layouts/application (Duration: 6.5ms | GC: 1.6ms)
  Rendered shared/_navbar.html.erb (Duration: 0.4ms | GC: 0.2ms)
  Rendered layout layouts/application.html.erb (Duration: 10.9ms | GC: 3.9ms)
Completed 200 OK in 20ms (Views: 13.0ms | ActiveRecord: 0.7ms (2 queries, 0 cached) | GC: 6.7ms)


Started GET "/" for 127.0.0.1 at 2026-08-30 22:07:40 +0500
Processing by HomeController#index as HTML
  Rendering layout layouts/application.html.erb
  Rendering home/index.html.erb within layouts/application
  Rendered home/index.html.erb within layouts/application (Duration: 0.3ms | GC: 0.0ms)
  Rendered shared/_navbar.html.erb (Duration: 0.2ms | GC: 0.0ms)
  Rendered layout layouts/application.html.erb (Duration: 2.3ms | GC: 0.0ms)
Completed 200 OK in 4ms (Views: 2.8ms | ActiveRecord: 0.0ms (0 queries, 0 cached) | GC: 0.0ms)


Started GET "/tasks" for 127.0.0.1 at 2026-08-30 22:07:41 +0500
Processing by TasksController#index as HTML
  Rendering layout layouts/application.html.erb
  Rendering tasks/index.html.erb within layouts/application
  [1m[36mTask Exists? (0.3ms)[0m  [1m[34mSELECT 1 AS one FROM "tasks" LIMIT 1 /*action='index',application='TaskManagementApp',controller='tasks'*/[0m
  ↳ app/views/tasks/index.html.erb:6
  [1m[36mTask Load (0.3ms)[0m  [1m[34mSELECT "tasks".* FROM "tasks" /*action='index',application='TaskManagementApp',controller='tasks'*/[0m
  ↳ app/views/tasks/_task.html.erb:2
  Rendered tasks/_task.html.erb (Duration: 3.7ms | GC: 0.0ms)
  Rendered tasks/index.html.erb within layouts/application (Duration: 5.9ms | GC: 0.0ms)
  Rendered shared/_navbar.html.erb (Duration: 0.1ms | GC: 0.0ms)
  Rendered layout layouts/application.html.erb (Duration: 9.0ms | GC: 1.9ms)
Completed 200 OK in 11ms (Views: 8.8ms | ActiveRecord: 0.7ms (2 queries, 0 cached) | GC: 1.9ms)


Started GET "/task-details" for 127.0.0.1 at 2026-08-30 22:07:41 +0500
Processing by TasksController#details as HTML
  Rendering layout layouts/application.html.erb
  Rendering tasks/details.html.erb within layouts/application
  Rendered tasks/details.html.erb within layouts/application (Duration: 0.5ms | GC: 0.0ms)
  Rendered shared/_navbar.html.erb (Duration: 0.3ms | GC: 0.0ms)
  Rendered layout layouts/application.html.erb (Duration: 4.4ms | GC: 1.6ms)
Completed 200 OK in 6ms (Views: 5.0ms | ActiveRecord: 0.0ms (0 queries, 0 cached) | GC: 1.6ms)


Started GET "/tasks/new" for 127.0.0.1 at 2026-08-30 22:07:42 +0500
Processing by TasksController#new as HTML
  Rendering layout layouts/application.html.erb
  Rendering tasks/new.html.erb within layouts/application
  Rendered tasks/new.html.erb within layouts/application (Duration: 1.2ms | GC: 0.0ms)
  Rendered shared/_navbar.html.erb (Duration: 0.2ms | GC: 0.0ms)
  Rendered layout layouts/application.html.erb (Duration: 2.4ms | GC: 0.0ms)
Completed 200 OK in 5ms (Views: 2.9ms | ActiveRecord: 0.0ms (0 queries, 0 cached) | GC: 0.0ms)


Started GET "/task-details" for 127.0.0.1 at 2026-08-30 22:07:43 +0500
Processing by TasksController#details as HTML
  Rendering layout layouts/application.html.erb
  Rendering tasks/details.html.erb within layouts/application
  Rendered tasks/details.html.erb within layouts/application (Duration: 0.6ms | GC: 0.0ms)
  Rendered shared/_navbar.html.erb (Duration: 0.2ms | GC: 0.0ms)
  Rendered layout layouts/application.html.erb (Duration: 1.9ms | GC: 0.0ms)
Completed 200 OK in 5ms (Views: 2.5ms | ActiveRecord: 0.0ms (0 queries, 0 cached) | GC: 0.0ms)


Started GET "/tasks" for 127.0.0.1 at 2026-08-30 22:07:43 +0500
Processing by TasksController#index as HTML
  Rendering layout layouts/application.html.erb
  Rendering tasks/index.html.erb within layouts/application
  [1m[36mTask Exists? (0.4ms)[0m  [1m[34mSELECT 1 AS one FROM "tasks" LIMIT 1 /*action='index',application='TaskManagementApp',controller='tasks'*/[0m
  ↳ app/views/tasks/index.html.erb:6
  [1m[36mTask Load (0.4ms)[0m  [1m[34mSELECT "tasks".* FROM "tasks" /*action='index',application='TaskManagementApp',controller='tasks'*/[0m
  ↳ app/views/tasks/_task.html.erb:2
  Rendered tasks/_task.html.erb (Duration: 2.8ms | GC: 0.0ms)
  Rendered tasks/index.html.erb within layouts/application (Duration: 5.9ms | GC: 1.1ms)
  Rendered shared/_navbar.html.erb (Duration: 0.3ms | GC: 0.0ms)
  Rendered layout layouts/application.html.erb (Duration: 7.9ms | GC: 1.1ms)
Completed 200 OK in 10ms (Views: 7.9ms | ActiveRecord: 0.7ms (2 queries, 0 cached) | GC: 1.1ms)


Started GET "/tasks" for 127.0.0.1 at 2026-08-30 22:09:55 +0500
Processing by TasksController#index as HTML
  Rendering layout layouts/application.html.erb
  Rendering tasks/index.html.erb within layouts/application
  [1m[36mTask Exists? (0.4ms)[0m  [1m[34mSELECT 1 AS one FROM "tasks" LIMIT 1 /*action='index',application='TaskManagementApp',controller='tasks'*/[0m
  ↳ app/views/tasks/index.html.erb:6
  [1m[36mTask Load (0.4ms)[0m  [1m[34mSELECT "tasks".* FROM "tasks" /*action='index',application='TaskManagementApp',controller='tasks'*/[0m
  ↳ app/views/tasks/_task.html.erb:2
  Rendered tasks/_task.html.erb (Duration: 3.1ms | GC: 0.0ms)
  Rendered tasks/index.html.erb within layouts/application (Duration: 4.7ms | GC: 0.0ms)
  Rendered shared/_navbar.html.erb (Duration: 0.6ms | GC: 0.0ms)
  Rendered layout layouts/application.html.erb (Duration: 6.9ms | GC: 0.0ms)
Completed 200 OK in 9ms (Views: 6.8ms | ActiveRecord: 0.7ms (2 queries, 0 cached) | GC: 0.3ms)


Started GET "/tasks/2/edit" for 127.0.0.1 at 2026-08-30 22:10:05 +0500
Processing by TasksController#edit as HTML
  Parameters: {"id" => "2"}
  Rendering layout layouts/application.html.erb
  Rendering tasks/edit.html.erb within layouts/application
  Rendered tasks/edit.html.erb within layouts/application (Duration: 0.0ms | GC: 0.0ms)
  Rendered shared/_navbar.html.erb (Duration: 0.2ms | GC: 0.0ms)
  Rendered layout layouts/application.html.erb (Duration: 2.4ms | GC: 0.4ms)
Completed 200 OK in 4ms (Views: 2.9ms | ActiveRecord: 0.0ms (0 queries, 0 cached) | GC: 0.4ms)


Started GET "/tasks/3/edit" for 127.0.0.1 at 2026-08-30 22:10:07 +0500
Processing by TasksController#edit as HTML
  Parameters: {"id" => "3"}
  Rendering layout layouts/application.html.erb
  Rendering tasks/edit.html.erb within layouts/application
  Rendered tasks/edit.html.erb within layouts/application (Duration: 0.0ms | GC: 0.0ms)
  Rendered shared/_navbar.html.erb (Duration: 0.2ms | GC: 0.0ms)
  Rendered layout layouts/application.html.erb (Duration: 1.5ms | GC: 0.0ms)
Completed 200 OK in 4ms (Views: 2.1ms | ActiveRecord: 0.0ms (0 queries, 0 cached) | GC: 0.0ms)


Started GET "/task-details" for 127.0.0.1 at 2026-08-30 22:10:38 +0500
Processing by TasksController#details as HTML
  Rendering layout layouts/application.html.erb
  Rendering tasks/details.html.erb within layouts/application
  Rendered tasks/details.html.erb within layouts/application (Duration: 0.6ms | GC: 0.0ms)
  Rendered shared/_navbar.html.erb (Duration: 0.2ms | GC: 0.0ms)
  Rendered layout layouts/application.html.erb (Duration: 2.0ms | GC: 0.0ms)
Completed 200 OK in 4ms (Views: 2.5ms | ActiveRecord: 0.0ms (0 queries, 0 cached) | GC: 0.3ms)


Started GET "/task-details?query=ff&commit=Search" for 127.0.0.1 at 2026-08-30 22:10:43 +0500
Processing by TasksController#details as HTML
  Parameters: {"query" => "ff", "commit" => "Search"}
  [1m[36mTask Load (0.4ms)[0m  [1m[34mSELECT "tasks".* FROM "tasks" WHERE "tasks"."tittle" = 'ff' LIMIT 1 /*action='details',application='TaskManagementApp',controller='tasks'*/[0m
  ↳ app/controllers/tasks_controller.rb:10:in 'TasksController#details'
  Rendering layout layouts/application.html.erb
  Rendering tasks/details.html.erb within layouts/application
  Rendered tasks/details.html.erb within layouts/application (Duration: 0.5ms | GC: 0.0ms)
  Rendered shared/_navbar.html.erb (Duration: 0.1ms | GC: 0.0ms)
  Rendered layout layouts/application.html.erb (Duration: 1.7ms | GC: 0.0ms)
Completed 200 OK in 5ms (Views: 2.2ms | ActiveRecord: 0.4ms (1 query, 0 cached) | GC: 0.0ms)


Started GET "/task-details?query=task2&commit=Search" for 127.0.0.1 at 2026-08-30 22:10:46 +0500
Processing by TasksController#details as HTML
  Parameters: {"query" => "task2", "commit" => "Search"}
  [1m[36mTask Load (0.4ms)[0m  [1m[34mSELECT "tasks".* FROM "tasks" WHERE "tasks"."tittle" = 'task2' LIMIT 1 /*action='details',application='TaskManagementApp',controller='tasks'*/[0m
  ↳ app/controllers/tasks_controller.rb:10:in 'TasksController#details'
  Rendering layout layouts/application.html.erb
  Rendering tasks/details.html.erb within layouts/application
  Rendered tasks/details.html.erb within layouts/application (Duration: 0.5ms | GC: 0.0ms)
  Rendered shared/_navbar.html.erb (Duration: 0.1ms | GC: 0.0ms)
  Rendered layout layouts/application.html.erb (Duration: 1.7ms | GC: 0.0ms)
Completed 200 OK in 5ms (Views: 2.2ms | ActiveRecord: 0.4ms (1 query, 0 cached) | GC: 0.0ms)


Started GET "/task-details?query=task2&commit=Search" for 127.0.0.1 at 2026-08-30 22:10:52 +0500
Processing by TasksController#details as HTML
  Parameters: {"query" => "task2", "commit" => "Search"}
  [1m[36mTask Load (0.4ms)[0m  [1m[34mSELECT "tasks".* FROM "tasks" WHERE "tasks"."tittle" = 'task2' LIMIT 1 /*action='details',application='TaskManagementApp',controller='tasks'*/[0m
  ↳ app/controllers/tasks_controller.rb:10:in 'TasksController#details'
  Rendering layout layouts/application.html.erb
  Rendering tasks/details.html.erb within layouts/application
  Rendered tasks/details.html.erb within layouts/application (Duration: 0.5ms | GC: 0.0ms)
  Rendered shared/_navbar.html.erb (Duration: 0.2ms | GC: 0.0ms)
  Rendered layout layouts/application.html.erb (Duration: 2.2ms | GC: 0.0ms)
Completed 200 OK in 6ms (Views: 3.4ms | ActiveRecord: 0.4ms (1 query, 0 cached) | GC: 0.4ms)


Started GET "/task-details?query=task+2&commit=Search" for 127.0.0.1 at 2026-08-30 22:10:55 +0500
Processing by TasksController#details as HTML
  Parameters: {"query" => "task 2", "commit" => "Search"}
  [1m[36mTask Load (0.4ms)[0m  [1m[34mSELECT "tasks".* FROM "tasks" WHERE "tasks"."tittle" = 'task 2' LIMIT 1 /*action='details',application='TaskManagementApp',controller='tasks'*/[0m
  ↳ app/controllers/tasks_controller.rb:10:in 'TasksController#details'
  Rendering layout layouts/application.html.erb
  Rendering tasks/details.html.erb within layouts/application
  Rendered tasks/details.html.erb within layouts/application (Duration: 0.5ms | GC: 0.0ms)
  Rendered shared/_navbar.html.erb (Duration: 0.1ms | GC: 0.0ms)
  Rendered layout layouts/application.html.erb (Duration: 1.7ms | GC: 0.0ms)
Completed 200 OK in 5ms (Views: 2.1ms | ActiveRecord: 0.4ms (1 query, 0 cached) | GC: 0.0ms)


Started GET "/tasks/new" for 127.0.0.1 at 2026-08-30 22:10:58 +0500
Processing by TasksController#new as HTML
  Rendering layout layouts/application.html.erb
  Rendering tasks/new.html.erb within layouts/application
  Rendered tasks/new.html.erb within layouts/application (Duration: 1.4ms | GC: 0.0ms)
  Rendered shared/_navbar.html.erb (Duration: 0.2ms | GC: 0.0ms)
  Rendered layout layouts/application.html.erb (Duration: 2.4ms | GC: 0.0ms)
Completed 200 OK in 4ms (Views: 2.9ms | ActiveRecord: 0.0ms (0 queries, 0 cached) | GC: 0.0ms)


Started GET "/tasks" for 127.0.0.1 at 2026-08-30 22:10:59 +0500
Processing by TasksController#index as HTML
  Rendering layout layouts/application.html.erb
  Rendering tasks/index.html.erb within layouts/application
  [1m[36mTask Exists? (0.4ms)[0m  [1m[34mSELECT 1 AS one FROM "tasks" LIMIT 1 /*action='index',application='TaskManagementApp',controller='tasks'*/[0m
  ↳ app/views/tasks/index.html.erb:6
  [1m[36mTask Load (0.4ms)[0m  [1m[34mSELECT "tasks".* FROM "tasks" /*action='index',application='TaskManagementApp',controller='tasks'*/[0m
  ↳ app/views/tasks/_task.html.erb:2
  Rendered tasks/_task.html.erb (Duration: 3.1ms | GC: 0.6ms)
  Rendered tasks/index.html.erb within layouts/application (Duration: 4.8ms | GC: 0.6ms)
  Rendered shared/_navbar.html.erb (Duration: 0.4ms | GC: 0.0ms)
  Rendered layout layouts/application.html.erb (Duration: 6.9ms | GC: 0.6ms)
Completed 200 OK in 10ms (Views: 7.2ms | ActiveRecord: 0.7ms (2 queries, 0 cached) | GC: 0.9ms)


Started GET "/tasks" for 127.0.0.1 at 2026-08-30 22:11:02 +0500
Processing by TasksController#index as HTML
  Rendering layout layouts/application.html.erb
  Rendering tasks/index.html.erb within layouts/application
  [1m[36mTask Exists? (0.4ms)[0m  [1m[34mSELECT 1 AS one FROM "tasks" LIMIT 1 /*action='index',application='TaskManagementApp',controller='tasks'*/[0m
  ↳ app/views/tasks/index.html.erb:6
  [1m[36mTask Load (0.3ms)[0m  [1m[34mSELECT "tasks".* FROM "tasks" /*action='index',application='TaskManagementApp',controller='tasks'*/[0m
  ↳ app/views/tasks/_task.html.erb:2
  Rendered tasks/_task.html.erb (Duration: 3.7ms | GC: 0.0ms)
  Rendered tasks/index.html.erb within layouts/application (Duration: 5.9ms | GC: 0.0ms)
  Rendered shared/_navbar.html.erb (Duration: 0.3ms | GC: 0.0ms)
  Rendered layout layouts/application.html.erb (Duration: 8.3ms | GC: 0.0ms)
Completed 200 OK in 14ms (Views: 8.7ms | ActiveRecord: 0.7ms (2 queries, 0 cached) | GC: 0.0ms)


Started GET "/task-details" for 127.0.0.1 at 2026-08-30 22:11:33 +0500
Processing by TasksController#details as HTML
  Rendering layout layouts/application.html.erb
  Rendering tasks/details.html.erb within layouts/application
  Rendered tasks/details.html.erb within layouts/application (Duration: 1.0ms | GC: 0.0ms)
  Rendered shared/_navbar.html.erb (Duration: 0.2ms | GC: 0.0ms)
  Rendered layout layouts/application.html.erb (Duration: 2.8ms | GC: 0.0ms)
Completed 200 OK in 5ms (Views: 3.5ms | ActiveRecord: 0.0ms (0 queries, 0 cached) | GC: 0.0ms)


Started GET "/task-details?query=task+2&commit=Search" for 127.0.0.1 at 2026-08-30 22:11:38 +0500
Processing by TasksController#details as HTML
  Parameters: {"query" => "task 2", "commit" => "Search"}
  [1m[36mTask Load (0.4ms)[0m  [1m[34mSELECT "tasks".* FROM "tasks" WHERE "tasks"."tittle" = 'task 2' LIMIT 1 /*action='details',application='TaskManagementApp',controller='tasks'*/[0m
  ↳ app/controllers/tasks_controller.rb:10:in 'TasksController#details'
  Rendering layout layouts/application.html.erb
  Rendering tasks/details.html.erb within layouts/application
  Rendered tasks/details.html.erb within layouts/application (Duration: 0.5ms | GC: 0.0ms)
  Rendered shared/_navbar.html.erb (Duration: 0.1ms | GC: 0.0ms)
  Rendered layout layouts/application.html.erb (Duration: 1.6ms | GC: 0.0ms)
Completed 200 OK in 5ms (Views: 2.1ms | ActiveRecord: 0.4ms (1 query, 0 cached) | GC: 0.0ms)


Started GET "/tasks/new" for 127.0.0.1 at 2026-08-30 22:13:13 +0500
Processing by TasksController#new as HTML
  Rendering layout layouts/application.html.erb
  Rendering tasks/new.html.erb within layouts/application
  Rendered tasks/new.html.erb within layouts/application (Duration: 1.9ms | GC: 0.0ms)
  Rendered shared/_navbar.html.erb (Duration: 0.2ms | GC: 0.0ms)
  Rendered layout layouts/application.html.erb (Duration: 3.7ms | GC: 0.0ms)
Completed 200 OK in 6ms (Views: 4.6ms | ActiveRecord: 0.0ms (0 queries, 0 cached) | GC: 0.0ms)


Started POST "/tasks" for 127.0.0.1 at 2026-08-30 22:13:31 +0500
Processing by TasksController#create as TURBO_STREAM
  Parameters: {"authenticity_token" => "[FILTERED]", "task" => {"tittle" => "task3", "description" => "this is the task 3 ", "status" => "in-progress", "priority" => "high"}, "commit" => "Create Task"}
  [1m[36mTRANSACTION (0.2ms)[0m  [1m[35mBEGIN /*action='create',application='TaskManagementApp',controller='tasks'*/[0m
  ↳ app/controllers/tasks_controller.rb:20:in 'TasksController#create'
  [1m[36mTask Create (1.9ms)[0m  [1m[32mINSERT INTO "tasks" ("created_at", "updated_at", "tittle", "description", "status", "priority") VALUES ('2026-08-30 17:13:31.209082', '2026-08-30 17:13:31.209082', 'task3', 'this is the task 3 ', 'in-progress', 'high') RETURNING "id" /*action='create',application='TaskManagementApp',controller='tasks'*/[0m
  ↳ app/controllers/tasks_controller.rb:20:in 'TasksController#create'
  [1m[36mTRANSACTION (40.3ms)[0m  [1m[35mCOMMIT /*action='create',application='TaskManagementApp',controller='tasks'*/[0m
  ↳ app/controllers/tasks_controller.rb:20:in 'TasksController#create'
Redirected to http://localhost:3000/tasks
↳ app/controllers/tasks_controller.rb:22:in 'TasksController#create'
Completed 302 Found in 49ms (ActiveRecord: 42.3ms (1 query, 0 cached) | GC: 0.0ms)


Started GET "/tasks" for 127.0.0.1 at 2026-08-30 22:13:31 +0500
Processing by TasksController#index as TURBO_STREAM
  Rendering layout layouts/application.html.erb
  Rendering tasks/index.html.erb within layouts/application
  [1m[36mTask Exists? (0.4ms)[0m  [1m[34mSELECT 1 AS one FROM "tasks" LIMIT 1 /*action='index',application='TaskManagementApp',controller='tasks'*/[0m
  ↳ app/views/tasks/index.html.erb:6
  [1m[36mTask Load (0.3ms)[0m  [1m[34mSELECT "tasks".* FROM "tasks" /*action='index',application='TaskManagementApp',controller='tasks'*/[0m
  ↳ app/views/tasks/_task.html.erb:2
  Rendered tasks/_task.html.erb (Duration: 3.1ms | GC: 0.0ms)
  Rendered tasks/index.html.erb within layouts/application (Duration: 4.7ms | GC: 0.0ms)
  Rendered shared/_navbar.html.erb (Duration: 0.2ms | GC: 0.0ms)
  Rendered layout layouts/application.html.erb (Duration: 5.9ms | GC: 0.0ms)
Completed 200 OK in 8ms (Views: 5.8ms | ActiveRecord: 0.6ms (2 queries, 0 cached) | GC: 0.0ms)


Started GET "/task-details" for 127.0.0.1 at 2026-08-30 22:13:35 +0500
Processing by TasksController#details as HTML
  Rendering layout layouts/application.html.erb
  Rendering tasks/details.html.erb within layouts/application
  Rendered tasks/details.html.erb within layouts/application (Duration: 0.5ms | GC: 0.0ms)
  Rendered shared/_navbar.html.erb (Duration: 0.1ms | GC: 0.0ms)
  Rendered layout layouts/application.html.erb (Duration: 1.7ms | GC: 0.0ms)
Completed 200 OK in 4ms (Views: 2.2ms | ActiveRecord: 0.0ms (0 queries, 0 cached) | GC: 0.0ms)


Started GET "/task-details?query=task3&commit=Search" for 127.0.0.1 at 2026-08-30 22:13:39 +0500
Processing by TasksController#details as HTML
  Parameters: {"query" => "task3", "commit" => "Search"}
  [1m[36mTask Load (0.4ms)[0m  [1m[34mSELECT "tasks".* FROM "tasks" WHERE "tasks"."tittle" = 'task3' LIMIT 1 /*action='details',application='TaskManagementApp',controller='tasks'*/[0m
  ↳ app/controllers/tasks_controller.rb:10:in 'TasksController#details'
  Rendering layout layouts/application.html.erb
  Rendering tasks/details.html.erb within layouts/application
  Rendered tasks/details.html.erb within layouts/application (Duration: 1.1ms | GC: 0.0ms)
  Rendered shared/_navbar.html.erb (Duration: 0.1ms | GC: 0.0ms)
  Rendered layout layouts/application.html.erb (Duration: 2.0ms | GC: 0.0ms)
Completed 200 OK in 5ms (Views: 2.4ms | ActiveRecord: 0.4ms (1 query, 0 cached) | GC: 0.0ms)


Started GET "/" for 127.0.0.1 at 2026-08-30 22:13:46 +0500
Processing by HomeController#index as HTML
  Rendering layout layouts/application.html.erb
  Rendering home/index.html.erb within layouts/application
  Rendered home/index.html.erb within layouts/application (Duration: 0.2ms | GC: 0.0ms)
  Rendered shared/_navbar.html.erb (Duration: 0.1ms | GC: 0.0ms)
  Rendered layout layouts/application.html.erb (Duration: 1.4ms | GC: 0.0ms)
Completed 200 OK in 3ms (Views: 1.9ms | ActiveRecord: 0.0ms (0 queries, 0 cached) | GC: 0.0ms)


Started GET "/tasks" for 127.0.0.1 at 2026-08-30 22:13:47 +0500
Processing by TasksController#index as HTML
  Rendering layout layouts/application.html.erb
  Rendering tasks/index.html.erb within layouts/application
  [1m[36mTask Exists? (0.4ms)[0m  [1m[34mSELECT 1 AS one FROM "tasks" LIMIT 1 /*action='index',application='TaskManagementApp',controller='tasks'*/[0m
  ↳ app/views/tasks/index.html.erb:6
  [1m[36mTask Load (0.3ms)[0m  [1m[34mSELECT "tasks".* FROM "tasks" /*action='index',application='TaskManagementApp',controller='tasks'*/[0m
  ↳ app/views/tasks/_task.html.erb:2
  Rendered tasks/_task.html.erb (Duration: 3.7ms | GC: 0.9ms)
  Rendered tasks/index.html.erb within layouts/application (Duration: 5.4ms | GC: 0.9ms)
  Rendered shared/_navbar.html.erb (Duration: 0.4ms | GC: 0.0ms)
  Rendered layout layouts/application.html.erb (Duration: 7.3ms | GC: 0.9ms)
Completed 200 OK in 10ms (Views: 7.3ms | ActiveRecord: 0.7ms (2 queries, 0 cached) | GC: 0.9ms)


Started GET "/tasks/3/edit" for 127.0.0.1 at 2026-08-30 22:13:52 +0500
Processing by TasksController#edit as HTML
  Parameters: {"id" => "3"}
  Rendering layout layouts/application.html.erb
  Rendering tasks/edit.html.erb within layouts/application
  Rendered tasks/edit.html.erb within layouts/application (Duration: 0.2ms | GC: 0.0ms)
  Rendered shared/_navbar.html.erb (Duration: 0.2ms | GC: 0.0ms)
  Rendered layout layouts/application.html.erb (Duration: 2.2ms | GC: 0.0ms)
Completed 200 OK in 4ms (Views: 3.0ms | ActiveRecord: 0.0ms (0 queries, 0 cached) | GC: 0.0ms)


Started GET "/tasks" for 127.0.0.1 at 2026-08-30 22:17:34 +0500
Processing by TasksController#index as HTML
  Rendering layout layouts/application.html.erb
  Rendering tasks/index.html.erb within layouts/application
  [1m[36mTask Exists? (0.5ms)[0m  [1m[34mSELECT 1 AS one FROM "tasks" LIMIT 1 /*action='index',application='TaskManagementApp',controller='tasks'*/[0m
  ↳ app/views/tasks/index.html.erb:6
  [1m[36mTask Load (0.4ms)[0m  [1m[34mSELECT "tasks".* FROM "tasks" /*action='index',application='TaskManagementApp',controller='tasks'*/[0m
  ↳ app/views/tasks/_task.html.erb:2
  Rendered tasks/_task.html.erb (Duration: 7.4ms | GC: 0.0ms)
  Rendered tasks/index.html.erb within layouts/application (Duration: 12.3ms | GC: 0.0ms)
  Rendered shared/_navbar.html.erb (Duration: 0.6ms | GC: 0.0ms)
  Rendered layout layouts/application.html.erb (Duration: 22.2ms | GC: 0.4ms)
Completed 200 OK in 32ms (Views: 21.6ms | ActiveRecord: 3.0ms (2 queries, 0 cached) | GC: 0.7ms)


Started DELETE "/tasks/3" for 127.0.0.1 at 2026-08-30 22:17:38 +0500
Processing by TasksController#destroy as TURBO_STREAM
  Parameters: {"authenticity_token" => "[FILTERED]", "id" => "3"}
  [1m[36mTask Load (0.5ms)[0m  [1m[34mSELECT "tasks".* FROM "tasks" WHERE "tasks"."id" = 3 LIMIT 1 /*action='destroy',application='TaskManagementApp',controller='tasks'*/[0m
  ↳ app/controllers/tasks_controller.rb:19:in 'TasksController#destroy'
  [1m[36mTRANSACTION (0.2ms)[0m  [1m[35mBEGIN /*action='destroy',application='TaskManagementApp',controller='tasks'*/[0m
  ↳ app/controllers/tasks_controller.rb:20:in 'TasksController#destroy'
  [1m[36mTask Destroy (11.6ms)[0m  [1m[31mDELETE FROM "tasks" WHERE "tasks"."id" = 3 /*action='destroy',application='TaskManagementApp',controller='tasks'*/[0m
  ↳ app/controllers/tasks_controller.rb:20:in 'TasksController#destroy'
  [1m[36mTRANSACTION (0.6ms)[0m  [1m[35mCOMMIT /*action='destroy',application='TaskManagementApp',controller='tasks'*/[0m
  ↳ app/controllers/tasks_controller.rb:20:in 'TasksController#destroy'
Redirected to http://localhost:3000/tasks
↳ app/controllers/tasks_controller.rb:21:in 'TasksController#destroy'
Completed 302 Found in 20ms (ActiveRecord: 12.8ms (2 queries, 0 cached) | GC: 0.4ms)


Started GET "/tasks" for 127.0.0.1 at 2026-08-30 22:17:38 +0500
Processing by TasksController#index as TURBO_STREAM
  Rendering layout layouts/application.html.erb
  Rendering tasks/index.html.erb within layouts/application
  [1m[36mTask Exists? (0.3ms)[0m  [1m[34mSELECT 1 AS one FROM "tasks" LIMIT 1 /*action='index',application='TaskManagementApp',controller='tasks'*/[0m
  ↳ app/views/tasks/index.html.erb:6
  [1m[36mTask Load (0.2ms)[0m  [1m[34mSELECT "tasks".* FROM "tasks" /*action='index',application='TaskManagementApp',controller='tasks'*/[0m
  ↳ app/views/tasks/_task.html.erb:2
  Rendered tasks/_task.html.erb (Duration: 2.1ms | GC: 0.0ms)
  Rendered tasks/index.html.erb within layouts/application (Duration: 3.6ms | GC: 0.0ms)
  Rendered shared/_navbar.html.erb (Duration: 0.1ms | GC: 0.0ms)
  Rendered layout layouts/application.html.erb (Duration: 4.6ms | GC: 0.0ms)
Completed 200 OK in 6ms (Views: 4.5ms | ActiveRecord: 0.5ms (2 queries, 0 cached) | GC: 0.0ms)


Started GET "/tasks" for 127.0.0.1 at 2026-08-30 22:17:41 +0500
Processing by TasksController#index as HTML
  Rendering layout layouts/application.html.erb
  Rendering tasks/index.html.erb within layouts/application
  [1m[36mTask Exists? (0.4ms)[0m  [1m[34mSELECT 1 AS one FROM "tasks" LIMIT 1 /*action='index',application='TaskManagementApp',controller='tasks'*/[0m
  ↳ app/views/tasks/index.html.erb:6
  [1m[36mTask Load (0.4ms)[0m  [1m[34mSELECT "tasks".* FROM "tasks" /*action='index',application='TaskManagementApp',controller='tasks'*/[0m
  ↳ app/views/tasks/_task.html.erb:2
  Rendered tasks/_task.html.erb (Duration: 2.9ms | GC: 0.0ms)
  Rendered tasks/index.html.erb within layouts/application (Duration: 5.5ms | GC: 0.0ms)
  Rendered shared/_navbar.html.erb (Duration: 0.2ms | GC: 0.0ms)
  Rendered layout layouts/application.html.erb (Duration: 6.7ms | GC: 0.0ms)
Completed 200 OK in 10ms (Views: 6.5ms | ActiveRecord: 0.8ms (2 queries, 0 cached) | GC: 0.0ms)


Started GET "/tasks" for 127.0.0.1 at 2026-08-30 22:17:42 +0500
Processing by TasksController#index as HTML
  Rendering layout layouts/application.html.erb
  Rendering tasks/index.html.erb within layouts/application
  [1m[36mTask Exists? (0.5ms)[0m  [1m[34mSELECT 1 AS one FROM "tasks" LIMIT 1 /*action='index',application='TaskManagementApp',controller='tasks'*/[0m
  ↳ app/views/tasks/index.html.erb:6
  [1m[36mTask Load (0.5ms)[0m  [1m[34mSELECT "tasks".* FROM "tasks" /*action='index',application='TaskManagementApp',controller='tasks'*/[0m
  ↳ app/views/tasks/_task.html.erb:2
  Rendered tasks/_task.html.erb (Duration: 2.9ms | GC: 0.0ms)
  Rendered tasks/index.html.erb within layouts/application (Duration: 5.9ms | GC: 0.0ms)
  Rendered shared/_navbar.html.erb (Duration: 0.1ms | GC: 0.0ms)
  Rendered layout layouts/application.html.erb (Duration: 6.9ms | GC: 0.0ms)
Completed 200 OK in 10ms (Views: 6.5ms | ActiveRecord: 0.9ms (2 queries, 0 cached) | GC: 0.5ms)


Started GET "/tasks" for 127.0.0.1 at 2026-08-30 22:17:43 +0500
Processing by TasksController#index as HTML
  Rendering layout layouts/application.html.erb
  Rendering tasks/index.html.erb within layouts/application
  [1m[36mTask Exists? (0.6ms)[0m  [1m[34mSELECT 1 AS one FROM "tasks" LIMIT 1 /*action='index',application='TaskManagementApp',controller='tasks'*/[0m
  ↳ app/views/tasks/index.html.erb:6
  [1m[36mTask Load (0.5ms)[0m  [1m[34mSELECT "tasks".* FROM "tasks" /*action='index',application='TaskManagementApp',controller='tasks'*/[0m
  ↳ app/views/tasks/_task.html.erb:2
  Rendered tasks/_task.html.erb (Duration: 3.2ms | GC: 0.0ms)
  Rendered tasks/index.html.erb within layouts/application (Duration: 6.2ms | GC: 0.0ms)
  Rendered shared/_navbar.html.erb (Duration: 0.3ms | GC: 0.0ms)
  Rendered layout layouts/application.html.erb (Duration: 7.6ms | GC: 0.0ms)
Completed 200 OK in 11ms (Views: 7.4ms | ActiveRecord: 1.0ms (2 queries, 0 cached) | GC: 0.0ms)


Started GET "/task-details" for 127.0.0.1 at 2026-08-30 22:18:30 +0500
Processing by TasksController#details as HTML
  Rendering layout layouts/application.html.erb
  Rendering tasks/details.html.erb within layouts/application
  Rendered tasks/details.html.erb within layouts/application (Duration: 1.8ms | GC: 0.0ms)
  Rendered shared/_navbar.html.erb (Duration: 0.2ms | GC: 0.0ms)
  Rendered layout layouts/application.html.erb (Duration: 3.8ms | GC: 0.0ms)
Completed 200 OK in 7ms (Views: 4.8ms | ActiveRecord: 0.0ms (0 queries, 0 cached) | GC: 0.0ms)


Started GET "/tasks/new" for 127.0.0.1 at 2026-08-30 22:18:31 +0500
Processing by TasksController#new as HTML
  Rendering layout layouts/application.html.erb
  Rendering tasks/new.html.erb within layouts/application
  Rendered tasks/new.html.erb within layouts/application (Duration: 2.5ms | GC: 0.0ms)
  Rendered shared/_navbar.html.erb (Duration: 0.2ms | GC: 0.0ms)
  Rendered layout layouts/application.html.erb (Duration: 3.9ms | GC: 0.0ms)
Completed 200 OK in 7ms (Views: 4.5ms | ActiveRecord: 0.0ms (0 queries, 0 cached) | GC: 0.0ms)


Started GET "/task-details" for 127.0.0.1 at 2026-08-30 22:18:31 +0500
Processing by TasksController#details as HTML
  Rendering layout layouts/application.html.erb
  Rendering tasks/details.html.erb within layouts/application
  Rendered tasks/details.html.erb within layouts/application (Duration: 0.5ms | GC: 0.0ms)
  Rendered shared/_navbar.html.erb (Duration: 0.2ms | GC: 0.0ms)
  Rendered layout layouts/application.html.erb (Duration: 1.9ms | GC: 0.0ms)
Completed 200 OK in 4ms (Views: 2.5ms | ActiveRecord: 0.0ms (0 queries, 0 cached) | GC: 0.0ms)


Started GET "/tasks" for 127.0.0.1 at 2026-08-30 22:18:32 +0500
Processing by TasksController#index as HTML
  Rendering layout layouts/application.html.erb
  Rendering tasks/index.html.erb within layouts/application
  [1m[36mTask Exists? (0.6ms)[0m  [1m[34mSELECT 1 AS one FROM "tasks" LIMIT 1 /*action='index',application='TaskManagementApp',controller='tasks'*/[0m
  ↳ app/views/tasks/index.html.erb:6
  [1m[36mTask Load (0.4ms)[0m  [1m[34mSELECT "tasks".* FROM "tasks" /*action='index',application='TaskManagementApp',controller='tasks'*/[0m
  ↳ app/views/tasks/_task.html.erb:2
  Rendered tasks/_task.html.erb (Duration: 2.7ms | GC: 0.0ms)
  Rendered tasks/index.html.erb within layouts/application (Duration: 5.3ms | GC: 0.0ms)
  Rendered shared/_navbar.html.erb (Duration: 0.1ms | GC: 0.0ms)
  Rendered layout layouts/application.html.erb (Duration: 6.4ms | GC: 0.0ms)
Completed 200 OK in 9ms (Views: 6.2ms | ActiveRecord: 1.0ms (2 queries, 0 cached) | GC: 0.0ms)


Started GET "/" for 127.0.0.1 at 2026-08-30 22:18:32 +0500
Processing by HomeController#index as HTML
  Rendering layout layouts/application.html.erb
  Rendering home/index.html.erb within layouts/application
  Rendered home/index.html.erb within layouts/application (Duration: 0.5ms | GC: 0.0ms)
  Rendered shared/_navbar.html.erb (Duration: 0.1ms | GC: 0.0ms)
  Rendered layout layouts/application.html.erb (Duration: 1.8ms | GC: 0.0ms)
Completed 200 OK in 5ms (Views: 3.1ms | ActiveRecord: 0.0ms (0 queries, 0 cached) | GC: 0.0ms)


Started GET "/task-details" for 127.0.0.1 at 2026-08-30 22:18:33 +0500
Processing by TasksController#details as HTML
  Rendering layout layouts/application.html.erb
  Rendering tasks/details.html.erb within layouts/application
  Rendered tasks/details.html.erb within layouts/application (Duration: 0.5ms | GC: 0.0ms)
  Rendered shared/_navbar.html.erb (Duration: 0.2ms | GC: 0.0ms)
  Rendered layout layouts/application.html.erb (Duration: 1.8ms | GC: 0.0ms)
Completed 200 OK in 4ms (Views: 2.3ms | ActiveRecord: 0.0ms (0 queries, 0 cached) | GC: 0.0ms)


Started GET "/" for 127.0.0.1 at 2026-08-30 22:18:35 +0500
Processing by HomeController#index as HTML
  Rendering layout layouts/application.html.erb
  Rendering home/index.html.erb within layouts/application
  Rendered home/index.html.erb within layouts/application (Duration: 0.2ms | GC: 0.0ms)
  Rendered shared/_navbar.html.erb (Duration: 0.2ms | GC: 0.0ms)
  Rendered layout layouts/application.html.erb (Duration: 1.9ms | GC: 0.0ms)
Completed 200 OK in 4ms (Views: 2.5ms | ActiveRecord: 0.0ms (0 queries, 0 cached) | GC: 0.0ms)


Started GET "/" for 127.0.0.1 at 2026-08-30 22:19:10 +0500
Processing by HomeController#index as HTML
  Rendering layout layouts/application.html.erb
  Rendering home/index.html.erb within layouts/application
  Rendered home/index.html.erb within layouts/application (Duration: 0.5ms | GC: 0.0ms)
  Rendered shared/_navbar.html.erb (Duration: 0.2ms | GC: 0.0ms)
  Rendered layout layouts/application.html.erb (Duration: 2.3ms | GC: 0.0ms)
Completed 200 OK in 5ms (Views: 2.9ms | ActiveRecord: 0.0ms (0 queries, 0 cached) | GC: 0.0ms)


Started GET "/" for 127.0.0.1 at 2026-08-30 22:20:02 +0500
Processing by HomeController#index as HTML
  Rendering layout layouts/application.html.erb
  Rendering home/index.html.erb within layouts/application
  Rendered home/index.html.erb within layouts/application (Duration: 0.3ms | GC: 0.0ms)
  Rendered shared/_navbar.html.erb (Duration: 0.3ms | GC: 0.0ms)
  Rendered layout layouts/application.html.erb (Duration: 2.9ms | GC: 0.0ms)
Completed 200 OK in 5ms (Views: 3.7ms | ActiveRecord: 0.0ms (0 queries, 0 cached) | GC: 0.0ms)


Started GET "/" for 127.0.0.1 at 2026-08-30 22:20:03 +0500
Processing by HomeController#index as HTML
  Rendering layout layouts/application.html.erb
  Rendering home/index.html.erb within layouts/application
  Rendered home/index.html.erb within layouts/application (Duration: 0.2ms | GC: 0.0ms)
  Rendered shared/_navbar.html.erb (Duration: 0.2ms | GC: 0.0ms)
  Rendered layout layouts/application.html.erb (Duration: 1.6ms | GC: 0.0ms)
Completed 200 OK in 3ms (Views: 2.1ms | ActiveRecord: 0.0ms (0 queries, 0 cached) | GC: 0.0ms)


Started GET "/" for 127.0.0.1 at 2026-08-30 22:20:05 +0500
Processing by HomeController#index as HTML
  Rendering layout layouts/application.html.erb
  Rendering home/index.html.erb within layouts/application
  Rendered home/index.html.erb within layouts/application (Duration: 0.3ms | GC: 0.0ms)
  Rendered shared/_navbar.html.erb (Duration: 0.8ms | GC: 0.0ms)
  Rendered layout layouts/application.html.erb (Duration: 3.1ms | GC: 0.0ms)
Completed 200 OK in 7ms (Views: 3.9ms | ActiveRecord: 0.0ms (0 queries, 0 cached) | GC: 0.0ms)


Started GET "/tasks" for 127.0.0.1 at 2026-08-30 22:20:05 +0500
Processing by TasksController#index as HTML
  Rendering layout layouts/application.html.erb
  Rendering tasks/index.html.erb within layouts/application
  [1m[36mTask Exists? (0.3ms)[0m  [1m[34mSELECT 1 AS one FROM "tasks" LIMIT 1 /*action='index',application='TaskManagementApp',controller='tasks'*/[0m
  ↳ app/views/tasks/index.html.erb:6
  [1m[36mTask Load (0.4ms)[0m  [1m[34mSELECT "tasks".* FROM "tasks" /*action='index',application='TaskManagementApp',controller='tasks'*/[0m
  ↳ app/views/tasks/_task.html.erb:2
  Rendered tasks/_task.html.erb (Duration: 2.9ms | GC: 0.0ms)
  Rendered tasks/index.html.erb within layouts/application (Duration: 9.3ms | GC: 4.5ms)
  Rendered shared/_navbar.html.erb (Duration: 0.2ms | GC: 0.0ms)
  Rendered layout layouts/application.html.erb (Duration: 10.4ms | GC: 4.5ms)
Completed 200 OK in 14ms (Views: 10.3ms | ActiveRecord: 0.7ms (2 queries, 0 cached) | GC: 4.5ms)


Started GET "/task-details" for 127.0.0.1 at 2026-08-30 22:20:06 +0500
Processing by TasksController#details as HTML
  Rendering layout layouts/application.html.erb
  Rendering tasks/details.html.erb within layouts/application
  Rendered tasks/details.html.erb within layouts/application (Duration: 0.6ms | GC: 0.0ms)
  Rendered shared/_navbar.html.erb (Duration: 0.2ms | GC: 0.0ms)
  Rendered layout layouts/application.html.erb (Duration: 3.7ms | GC: 1.0ms)
Completed 200 OK in 6ms (Views: 4.2ms | ActiveRecord: 0.0ms (0 queries, 0 cached) | GC: 1.0ms)


Started GET "/tasks/new" for 127.0.0.1 at 2026-08-30 22:20:07 +0500
Processing by TasksController#new as HTML
  Rendering layout layouts/application.html.erb
  Rendering tasks/new.html.erb within layouts/application
  Rendered tasks/new.html.erb within layouts/application (Duration: 1.4ms | GC: 0.0ms)
  Rendered shared/_navbar.html.erb (Duration: 0.2ms | GC: 0.0ms)
  Rendered layout layouts/application.html.erb (Duration: 2.5ms | GC: 0.0ms)
Completed 200 OK in 6ms (Views: 3.0ms | ActiveRecord: 0.0ms (0 queries, 0 cached) | GC: 0.0ms)


Started GET "/task-details" for 127.0.0.1 at 2026-08-30 22:20:07 +0500
Processing by TasksController#details as HTML
  Rendering layout layouts/application.html.erb
  Rendering tasks/details.html.erb within layouts/application
  Rendered tasks/details.html.erb within layouts/application (Duration: 0.5ms | GC: 0.0ms)
  Rendered shared/_navbar.html.erb (Duration: 0.2ms | GC: 0.0ms)
  Rendered layout layouts/application.html.erb (Duration: 1.8ms | GC: 0.0ms)
Completed 200 OK in 5ms (Views: 2.3ms | ActiveRecord: 0.0ms (0 queries, 0 cached) | GC: 0.8ms)


Started GET "/tasks" for 127.0.0.1 at 2026-08-30 22:20:08 +0500
Processing by TasksController#index as HTML
  Rendering layout layouts/application.html.erb
  Rendering tasks/index.html.erb within layouts/application
  [1m[36mTask Exists? (0.4ms)[0m  [1m[34mSELECT 1 AS one FROM "tasks" LIMIT 1 /*action='index',application='TaskManagementApp',controller='tasks'*/[0m
  ↳ app/views/tasks/index.html.erb:6
  [1m[36mTask Load (0.4ms)[0m  [1m[34mSELECT "tasks".* FROM "tasks" /*action='index',application='TaskManagementApp',controller='tasks'*/[0m
  ↳ app/views/tasks/_task.html.erb:2
  Rendered tasks/_task.html.erb (Duration: 3.8ms | GC: 0.7ms)
  Rendered tasks/index.html.erb within layouts/application (Duration: 5.5ms | GC: 0.7ms)
  Rendered shared/_navbar.html.erb (Duration: 0.2ms | GC: 0.0ms)
  Rendered layout layouts/application.html.erb (Duration: 6.7ms | GC: 0.7ms)
Completed 200 OK in 9ms (Views: 6.7ms | ActiveRecord: 0.7ms (2 queries, 0 cached) | GC: 0.7ms)


Started GET "/" for 127.0.0.1 at 2026-08-30 22:20:08 +0500
Processing by HomeController#index as HTML
  Rendering layout layouts/application.html.erb
  Rendering home/index.html.erb within layouts/application
  Rendered home/index.html.erb within layouts/application (Duration: 0.2ms | GC: 0.0ms)
  Rendered shared/_navbar.html.erb (Duration: 0.2ms | GC: 0.0ms)
  Rendered layout layouts/application.html.erb (Duration: 1.5ms | GC: 0.0ms)
Completed 200 OK in 4ms (Views: 2.0ms | ActiveRecord: 0.0ms (0 queries, 0 cached) | GC: 0.0ms)


Started GET "/task-details" for 127.0.0.1 at 2026-08-30 22:20:10 +0500
Processing by TasksController#details as HTML
  Rendering layout layouts/application.html.erb
  Rendering tasks/details.html.erb within layouts/application
  Rendered tasks/details.html.erb within layouts/application (Duration: 0.8ms | GC: 0.0ms)
  Rendered shared/_navbar.html.erb (Duration: 0.2ms | GC: 0.0ms)
  Rendered layout layouts/application.html.erb (Duration: 2.3ms | GC: 0.0ms)
Completed 200 OK in 4ms (Views: 2.8ms | ActiveRecord: 0.0ms (0 queries, 0 cached) | GC: 0.0ms)


Started GET "/tasks" for 127.0.0.1 at 2026-08-30 22:20:10 +0500
Processing by TasksController#index as HTML
  Rendering layout layouts/application.html.erb
  Rendering tasks/index.html.erb within layouts/application
  [1m[36mTask Exists? (0.4ms)[0m  [1m[34mSELECT 1 AS one FROM "tasks" LIMIT 1 /*action='index',application='TaskManagementApp',controller='tasks'*/[0m
  ↳ app/views/tasks/index.html.erb:6
  [1m[36mTask Load (0.4ms)[0m  [1m[34mSELECT "tasks".* FROM "tasks" /*action='index',application='TaskManagementApp',controller='tasks'*/[0m
  ↳ app/views/tasks/_task.html.erb:2
  Rendered tasks/_task.html.erb (Duration: 3.8ms | GC: 0.0ms)
  Rendered tasks/index.html.erb within layouts/application (Duration: 6.2ms | GC: 0.0ms)
  Rendered shared/_navbar.html.erb (Duration: 0.1ms | GC: 0.0ms)
  Rendered layout layouts/application.html.erb (Duration: 7.4ms | GC: 0.0ms)
Completed 200 OK in 12ms (Views: 7.7ms | ActiveRecord: 0.8ms (2 queries, 0 cached) | GC: 0.6ms)


Started GET "/task-details" for 127.0.0.1 at 2026-08-30 22:21:40 +0500
Processing by TasksController#details as HTML
  Rendering layout layouts/application.html.erb
  Rendering tasks/details.html.erb within layouts/application
  Rendered tasks/details.html.erb within layouts/application (Duration: 0.5ms | GC: 0.0ms)
  Rendered shared/_navbar.html.erb (Duration: 0.2ms | GC: 0.0ms)
  Rendered layout layouts/application.html.erb (Duration: 2.1ms | GC: 0.0ms)
Completed 200 OK in 4ms (Views: 2.6ms | ActiveRecord: 0.0ms (0 queries, 0 cached) | GC: 0.0ms)


Started GET "/task-details?query=task3&commit=Search" for 127.0.0.1 at 2026-08-30 22:21:45 +0500
Processing by TasksController#details as HTML
  Parameters: {"query" => "task3", "commit" => "Search"}
  [1m[36mTask Load (0.4ms)[0m  [1m[34mSELECT "tasks".* FROM "tasks" WHERE "tasks"."tittle" = 'task3' LIMIT 1 /*action='details',application='TaskManagementApp',controller='tasks'*/[0m
  ↳ app/controllers/tasks_controller.rb:10:in 'TasksController#details'
  Rendering layout layouts/application.html.erb
  Rendering tasks/details.html.erb within layouts/application
  Rendered tasks/details.html.erb within layouts/application (Duration: 1.1ms | GC: 0.0ms)
  Rendered shared/_navbar.html.erb (Duration: 0.4ms | GC: 0.0ms)
  Rendered layout layouts/application.html.erb (Duration: 2.7ms | GC: 0.0ms)
Completed 200 OK in 7ms (Views: 3.3ms | ActiveRecord: 0.4ms (1 query, 0 cached) | GC: 0.3ms)


Started DELETE "/tasks/4" for 127.0.0.1 at 2026-08-30 22:21:50 +0500
Processing by TasksController#destroy as TURBO_STREAM
  Parameters: {"authenticity_token" => "[FILTERED]", "id" => "4"}
  [1m[36mTask Load (0.5ms)[0m  [1m[34mSELECT "tasks".* FROM "tasks" WHERE "tasks"."id" = 4 LIMIT 1 /*action='destroy',application='TaskManagementApp',controller='tasks'*/[0m
  ↳ app/controllers/tasks_controller.rb:19:in 'TasksController#destroy'
  [1m[36mTRANSACTION (0.2ms)[0m  [1m[35mBEGIN /*action='destroy',application='TaskManagementApp',controller='tasks'*/[0m
  ↳ app/controllers/tasks_controller.rb:20:in 'TasksController#destroy'
  [1m[36mTask Destroy (1.6ms)[0m  [1m[31mDELETE FROM "tasks" WHERE "tasks"."id" = 4 /*action='destroy',application='TaskManagementApp',controller='tasks'*/[0m
  ↳ app/controllers/tasks_controller.rb:20:in 'TasksController#destroy'
  [1m[36mTRANSACTION (5.8ms)[0m  [1m[35mCOMMIT /*action='destroy',application='TaskManagementApp',controller='tasks'*/[0m
  ↳ app/controllers/tasks_controller.rb:20:in 'TasksController#destroy'
Redirected to http://localhost:3000/tasks
↳ app/controllers/tasks_controller.rb:21:in 'TasksController#destroy'
Completed 302 Found in 16ms (ActiveRecord: 8.1ms (2 queries, 0 cached) | GC: 0.0ms)


Started GET "/tasks" for 127.0.0.1 at 2026-08-30 22:21:50 +0500
Processing by TasksController#index as TURBO_STREAM
  Rendering layout layouts/application.html.erb
  Rendering tasks/index.html.erb within layouts/application
  [1m[36mTask Exists? (0.4ms)[0m  [1m[34mSELECT 1 AS one FROM "tasks" LIMIT 1 /*action='index',application='TaskManagementApp',controller='tasks'*/[0m
  ↳ app/views/tasks/index.html.erb:6
  [1m[36mTask Load (0.4ms)[0m  [1m[34mSELECT "tasks".* FROM "tasks" /*action='index',application='TaskManagementApp',controller='tasks'*/[0m
  ↳ app/views/tasks/_task.html.erb:2
  Rendered tasks/_task.html.erb (Duration: 2.7ms | GC: 0.0ms)
  Rendered tasks/index.html.erb within layouts/application (Duration: 4.5ms | GC: 0.0ms)
  Rendered shared/_navbar.html.erb (Duration: 0.2ms | GC: 0.0ms)
  Rendered layout layouts/application.html.erb (Duration: 5.7ms | GC: 0.0ms)
Completed 200 OK in 8ms (Views: 5.5ms | ActiveRecord: 0.7ms (2 queries, 0 cached) | GC: 0.0ms)


Started GET "/tasks" for 127.0.0.1 at 2026-08-30 22:21:53 +0500
Processing by TasksController#index as HTML
  Rendering layout layouts/application.html.erb
  Rendering tasks/index.html.erb within layouts/application
  [1m[36mTask Exists? (1.0ms)[0m  [1m[34mSELECT 1 AS one FROM "tasks" LIMIT 1 /*action='index',application='TaskManagementApp',controller='tasks'*/[0m
  ↳ app/views/tasks/index.html.erb:6
  [1m[36mTask Load (0.4ms)[0m  [1m[34mSELECT "tasks".* FROM "tasks" /*action='index',application='TaskManagementApp',controller='tasks'*/[0m
  ↳ app/views/tasks/_task.html.erb:2
  Rendered tasks/_task.html.erb (Duration: 3.5ms | GC: 0.4ms)
  Rendered tasks/index.html.erb within layouts/application (Duration: 7.2ms | GC: 0.4ms)
  Rendered shared/_navbar.html.erb (Duration: 0.4ms | GC: 0.0ms)
  Rendered layout layouts/application.html.erb (Duration: 10.2ms | GC: 0.4ms)
Completed 200 OK in 14ms (Views: 10.0ms | ActiveRecord: 1.3ms (2 queries, 0 cached) | GC: 0.4ms)


Started GET "/tasks" for 127.0.0.1 at 2026-08-30 22:28:46 +0500
Processing by TasksController#index as HTML
  Rendering layout layouts/application.html.erb
  Rendering tasks/index.html.erb within layouts/application
  [1m[36mTask Exists? (51.6ms)[0m  [1m[34mSELECT 1 AS one FROM "tasks" LIMIT 1 /*action='index',application='TaskManagementApp',controller='tasks'*/[0m
  ↳ app/views/tasks/index.html.erb:6
  [1m[36mTask Load (0.4ms)[0m  [1m[34mSELECT "tasks".* FROM "tasks" /*action='index',application='TaskManagementApp',controller='tasks'*/[0m
  ↳ app/views/tasks/_task.html.erb:2
  Rendered tasks/_task.html.erb (Duration: 5.9ms | GC: 0.0ms)
  Rendered tasks/index.html.erb within layouts/application (Duration: 60.7ms | GC: 0.0ms)
  Rendered shared/_navbar.html.erb (Duration: 0.7ms | GC: 0.0ms)
  Rendered layout layouts/application.html.erb (Duration: 65.2ms | GC: 0.0ms)
Completed 200 OK in 73ms (Views: 8.2ms | ActiveRecord: 59.7ms (2 queries, 0 cached) | GC: 0.0ms)


Started GET "/tasks" for 127.0.0.1 at 2026-08-30 22:28:48 +0500
Processing by TasksController#index as HTML
  Rendering layout layouts/application.html.erb
  Rendering tasks/index.html.erb within layouts/application
  [1m[36mTask Exists? (0.5ms)[0m  [1m[34mSELECT 1 AS one FROM "tasks" LIMIT 1 /*action='index',application='TaskManagementApp',controller='tasks'*/[0m
  ↳ app/views/tasks/index.html.erb:6
  [1m[36mTask Load (0.4ms)[0m  [1m[34mSELECT "tasks".* FROM "tasks" /*action='index',application='TaskManagementApp',controller='tasks'*/[0m
  ↳ app/views/tasks/_task.html.erb:2
  Rendered tasks/_task.html.erb (Duration: 2.5ms | GC: 0.0ms)
  Rendered tasks/index.html.erb within layouts/application (Duration: 4.5ms | GC: 0.0ms)
  Rendered shared/_navbar.html.erb (Duration: 0.1ms | GC: 0.0ms)
  Rendered layout layouts/application.html.erb (Duration: 5.4ms | GC: 0.0ms)
Completed 200 OK in 7ms (Views: 4.9ms | ActiveRecord: 0.9ms (2 queries, 0 cached) | GC: 0.0ms)


Started GET "/tasks/2/edit" for 127.0.0.1 at 2026-08-30 22:28:49 +0500
Processing by TasksController#edit as HTML
  Parameters: {"id" => "2"}
  [1m[36mTask Load (0.8ms)[0m  [1m[34mSELECT "tasks".* FROM "tasks" WHERE "tasks"."id" = 2 LIMIT 1 /*action='edit',application='TaskManagementApp',controller='tasks'*/[0m
  ↳ app/controllers/tasks_controller.rb:18:in 'TasksController#edit'
  Rendering layout layouts/application.html.erb
  Rendering tasks/edit.html.erb within layouts/application
  Rendered tasks/edit.html.erb within layouts/application (Duration: 1.9ms | GC: 0.0ms)
  Rendered shared/_navbar.html.erb (Duration: 0.1ms | GC: 0.0ms)
  Rendered layout layouts/application.html.erb (Duration: 2.8ms | GC: 0.0ms)
Completed 200 OK in 8ms (Views: 3.5ms | ActiveRecord: 0.8ms (1 query, 0 cached) | GC: 0.0ms)


Started PATCH "/tasks/2" for 127.0.0.1 at 2026-08-30 22:29:04 +0500
Processing by TasksController#update as TURBO_STREAM
  Parameters: {"authenticity_token" => "[FILTERED]", "task" => {"tittle" => "task1", "description" => "this task is about navbar", "status" => "pending", "priority" => "medium"}, "commit" => "Update Task", "id" => "2"}
  [1m[36mTask Load (0.4ms)[0m  [1m[34mSELECT "tasks".* FROM "tasks" WHERE "tasks"."id" = 2 LIMIT 1 /*action='update',application='TaskManagementApp',controller='tasks'*/[0m
  ↳ app/controllers/tasks_controller.rb:21:in 'TasksController#update'
  [1m[36mTRANSACTION (0.2ms)[0m  [1m[35mBEGIN /*action='update',application='TaskManagementApp',controller='tasks'*/[0m
  ↳ app/controllers/tasks_controller.rb:22:in 'TasksController#update'
  [1m[36mTask Update (45.1ms)[0m  [1m[33mUPDATE "tasks" SET "updated_at" = '2026-08-30 17:29:04.429678', "description" = 'this task is about navbar' WHERE "tasks"."id" = 2 /*action='update',application='TaskManagementApp',controller='tasks'*/[0m
  ↳ app/controllers/tasks_controller.rb:22:in 'TasksController#update'
  [1m[36mTRANSACTION (0.7ms)[0m  [1m[35mCOMMIT /*action='update',application='TaskManagementApp',controller='tasks'*/[0m
  ↳ app/controllers/tasks_controller.rb:22:in 'TasksController#update'
Redirected to http://localhost:3000/tasks
↳ app/controllers/tasks_controller.rb:23:in 'TasksController#update'
Completed 302 Found in 55ms (ActiveRecord: 46.4ms (2 queries, 0 cached) | GC: 0.0ms)


Started GET "/tasks" for 127.0.0.1 at 2026-08-30 22:29:04 +0500
Processing by TasksController#index as TURBO_STREAM
  Rendering layout layouts/application.html.erb
  Rendering tasks/index.html.erb within layouts/application
  [1m[36mTask Exists? (0.4ms)[0m  [1m[34mSELECT 1 AS one FROM "tasks" LIMIT 1 /*action='index',application='TaskManagementApp',controller='tasks'*/[0m
  ↳ app/views/tasks/index.html.erb:6
  [1m[36mTask Load (0.2ms)[0m  [1m[34mSELECT "tasks".* FROM "tasks" /*action='index',application='TaskManagementApp',controller='tasks'*/[0m
  ↳ app/views/tasks/_task.html.erb:2
  Rendered tasks/_task.html.erb (Duration: 2.0ms | GC: 0.0ms)
  Rendered tasks/index.html.erb within layouts/application (Duration: 3.8ms | GC: 0.0ms)
  Rendered shared/_navbar.html.erb (Duration: 0.2ms | GC: 0.0ms)
  Rendered layout layouts/application.html.erb (Duration: 4.9ms | GC: 0.0ms)
Completed 200 OK in 11ms (Views: 5.1ms | ActiveRecord: 0.6ms (2 queries, 0 cached) | GC: 3.8ms)


Started GET "/tasks" for 127.0.0.1 at 2026-08-30 22:29:08 +0500
Processing by TasksController#index as HTML
  Rendering layout layouts/application.html.erb
  Rendering tasks/index.html.erb within layouts/application
  [1m[36mTask Exists? (0.5ms)[0m  [1m[34mSELECT 1 AS one FROM "tasks" LIMIT 1 /*action='index',application='TaskManagementApp',controller='tasks'*/[0m
  ↳ app/views/tasks/index.html.erb:6
  [1m[36mTask Load (0.5ms)[0m  [1m[34mSELECT "tasks".* FROM "tasks" /*action='index',application='TaskManagementApp',controller='tasks'*/[0m
  ↳ app/views/tasks/_task.html.erb:2
  Rendered tasks/_task.html.erb (Duration: 2.9ms | GC: 0.0ms)
  Rendered tasks/index.html.erb within layouts/application (Duration: 6.6ms | GC: 1.3ms)
  Rendered shared/_navbar.html.erb (Duration: 0.1ms | GC: 0.0ms)
  Rendered layout layouts/application.html.erb (Duration: 7.6ms | GC: 1.3ms)
Completed 200 OK in 10ms (Views: 7.2ms | ActiveRecord: 0.8ms (2 queries, 0 cached) | GC: 1.3ms)


Started GET "/tasks/new" for 127.0.0.1 at 2026-08-30 22:29:08 +0500
Processing by TasksController#new as HTML
  Rendering layout layouts/application.html.erb
  Rendering tasks/new.html.erb within layouts/application
  Rendered tasks/new.html.erb within layouts/application (Duration: 1.8ms | GC: 0.0ms)
  Rendered shared/_navbar.html.erb (Duration: 0.5ms | GC: 0.0ms)
  Rendered layout layouts/application.html.erb (Duration: 5.0ms | GC: 1.0ms)
Completed 200 OK in 10ms (Views: 5.6ms | ActiveRecord: 0.0ms (0 queries, 0 cached) | GC: 1.0ms)


Started GET "/task-details" for 127.0.0.1 at 2026-08-30 22:29:09 +0500
Processing by TasksController#details as HTML
  Rendering layout layouts/application.html.erb
  Rendering tasks/details.html.erb within layouts/application
  Rendered tasks/details.html.erb within layouts/application (Duration: 1.2ms | GC: 0.0ms)
  Rendered shared/_navbar.html.erb (Duration: 0.2ms | GC: 0.0ms)
  Rendered layout layouts/application.html.erb (Duration: 2.6ms | GC: 0.0ms)
Completed 200 OK in 5ms (Views: 3.1ms | ActiveRecord: 0.0ms (0 queries, 0 cached) | GC: 0.0ms)


Started GET "/" for 127.0.0.1 at 2026-08-30 22:29:37 +0500
Processing by HomeController#index as HTML
  Rendering layout layouts/application.html.erb
  Rendering home/index.html.erb within layouts/application
  Rendered home/index.html.erb within layouts/application (Duration: 0.6ms | GC: 0.0ms)
  Rendered shared/_navbar.html.erb (Duration: 0.2ms | GC: 0.0ms)
  Rendered layout layouts/application.html.erb (Duration: 2.0ms | GC: 0.0ms)
Completed 200 OK in 5ms (Views: 3.3ms | ActiveRecord: 0.0ms (0 queries, 0 cached) | GC: 0.0ms)


Started GET "/" for 127.0.0.1 at 2026-08-30 22:29:38 +0500
Processing by HomeController#index as HTML
  Rendering layout layouts/application.html.erb
  Rendering home/index.html.erb within layouts/application
  Rendered home/index.html.erb within layouts/application (Duration: 0.2ms | GC: 0.0ms)
  Rendered shared/_navbar.html.erb (Duration: 0.2ms | GC: 0.0ms)
  Rendered layout layouts/application.html.erb (Duration: 1.9ms | GC: 0.4ms)
Completed 200 OK in 4ms (Views: 2.4ms | ActiveRecord: 0.0ms (0 queries, 0 cached) | GC: 0.4ms)


Started GET "/" for 127.0.0.1 at 2026-08-30 22:29:39 +0500
Processing by HomeController#index as HTML
  Rendering layout layouts/application.html.erb
  Rendering home/index.html.erb within layouts/application
  Rendered home/index.html.erb within layouts/application (Duration: 0.2ms | GC: 0.0ms)
  Rendered shared/_navbar.html.erb (Duration: 0.3ms | GC: 0.0ms)
  Rendered layout layouts/application.html.erb (Duration: 2.3ms | GC: 0.0ms)
Completed 200 OK in 6ms (Views: 3.0ms | ActiveRecord: 0.0ms (0 queries, 0 cached) | GC: 0.0ms)


Using vips to process variants requires the libvips library. Please install libvips using the instructions on the libvips website.
Using vips to process variants requires the libvips library. Please install libvips using the instructions on the libvips website.
Started GET "/" for ::1 at 2026-08-31 11:25:04 +0500
  [1m[36mActiveRecord::SchemaMigration Load (64.7ms)[0m  [1m[34mSELECT "schema_migrations"."version" FROM "schema_migrations" ORDER BY "schema_migrations"."version" ASC /*application='TaskManagementApp'*/[0m
Processing by HomeController#index as HTML
  Rendering layout layouts/application.html.erb
  Rendering home/index.html.erb within layouts/application
  Rendered home/index.html.erb within layouts/application (Duration: 0.7ms | GC: 0.0ms)
  Rendered shared/_navbar.html.erb (Duration: 0.5ms | GC: 0.0ms)
  Rendered layout layouts/application.html.erb (Duration: 20.9ms | GC: 0.0ms)
Completed 200 OK in 67ms (Views: 28.5ms | ActiveRecord: 0.0ms (0 queries, 0 cached) | GC: 1.3ms)


Started GET "/" for ::1 at 2026-08-31 11:25:08 +0500
Processing by HomeController#index as HTML
  Rendering layout layouts/application.html.erb
  Rendering home/index.html.erb within layouts/application
  Rendered home/index.html.erb within layouts/application (Duration: 0.2ms | GC: 0.0ms)
  Rendered shared/_navbar.html.erb (Duration: 0.2ms | GC: 0.0ms)
  Rendered layout layouts/application.html.erb (Duration: 13.2ms | GC: 0.0ms)
Completed 200 OK in 15ms (Views: 13.7ms | ActiveRecord: 0.0ms (0 queries, 0 cached) | GC: 0.0ms)


Started GET "/tasks" for ::1 at 2026-08-31 11:25:08 +0500
Processing by TasksController#index as HTML
  Rendering layout layouts/application.html.erb
  Rendering tasks/index.html.erb within layouts/application
  [1m[36mTask Exists? (42.3ms)[0m  [1m[34mSELECT 1 AS one FROM "tasks" LIMIT 1 /*action='index',application='TaskManagementApp',controller='tasks'*/[0m
  ↳ app/views/tasks/index.html.erb:6
  [1m[36mTask Load (0.9ms)[0m  [1m[34mSELECT "tasks".* FROM "tasks" /*action='index',application='TaskManagementApp',controller='tasks'*/[0m
  ↳ app/views/tasks/_task.html.erb:2
  Rendered tasks/_task.html.erb (Duration: 15.4ms | GC: 0.0ms)
  Rendered tasks/index.html.erb within layouts/application (Duration: 114.9ms | GC: 0.0ms)
  Rendered shared/_navbar.html.erb (Duration: 0.2ms | GC: 0.0ms)
  Rendered layout layouts/application.html.erb (Duration: 115.9ms | GC: 0.0ms)
Completed 200 OK in 139ms (Views: 45.1ms | ActiveRecord: 72.0ms (2 queries, 0 cached) | GC: 0.0ms)


Started GET "/task-details" for ::1 at 2026-08-31 11:25:09 +0500
Processing by TasksController#details as HTML
  Rendering layout layouts/application.html.erb
  Rendering tasks/details.html.erb within layouts/application
  Rendered tasks/details.html.erb within layouts/application (Duration: 2.7ms | GC: 0.0ms)
  Rendered shared/_navbar.html.erb (Duration: 0.2ms | GC: 0.0ms)
  Rendered layout layouts/application.html.erb (Duration: 4.2ms | GC: 0.0ms)
Completed 200 OK in 10ms (Views: 7.1ms | ActiveRecord: 0.0ms (0 queries, 0 cached) | GC: 0.0ms)


Started GET "/tasks/new" for ::1 at 2026-08-31 11:25:10 +0500
Processing by TasksController#new as HTML
  Rendering layout layouts/application.html.erb
  Rendering tasks/new.html.erb within layouts/application
  Rendered tasks/new.html.erb within layouts/application (Duration: 6.1ms | GC: 0.0ms)
  Rendered shared/_navbar.html.erb (Duration: 0.2ms | GC: 0.0ms)
  Rendered layout layouts/application.html.erb (Duration: 7.6ms | GC: 0.0ms)
Completed 200 OK in 12ms (Views: 8.2ms | ActiveRecord: 0.0ms (0 queries, 0 cached) | GC: 0.0ms)


Started GET "/tasks" for ::1 at 2026-08-31 11:25:10 +0500
Processing by TasksController#index as HTML
  Rendering layout layouts/application.html.erb
  Rendering tasks/index.html.erb within layouts/application
  [1m[36mTask Exists? (0.4ms)[0m  [1m[34mSELECT 1 AS one FROM "tasks" LIMIT 1 /*action='index',application='TaskManagementApp',controller='tasks'*/[0m
  ↳ app/views/tasks/index.html.erb:6
  [1m[36mTask Load (0.4ms)[0m  [1m[34mSELECT "tasks".* FROM "tasks" /*action='index',application='TaskManagementApp',controller='tasks'*/[0m
  ↳ app/views/tasks/_task.html.erb:2
  Rendered tasks/_task.html.erb (Duration: 3.0ms | GC: 0.0ms)
  Rendered tasks/index.html.erb within layouts/application (Duration: 4.9ms | GC: 0.0ms)
  Rendered shared/_navbar.html.erb (Duration: 0.3ms | GC: 0.0ms)
  Rendered layout layouts/application.html.erb (Duration: 6.4ms | GC: 0.0ms)
Completed 200 OK in 9ms (Views: 6.2ms | ActiveRecord: 0.8ms (2 queries, 0 cached) | GC: 0.0ms)


Started GET "/task-details" for ::1 at 2026-08-31 11:25:11 +0500
Processing by TasksController#details as HTML
  Rendering layout layouts/application.html.erb
  Rendering tasks/details.html.erb within layouts/application
  Rendered tasks/details.html.erb within layouts/application (Duration: 0.8ms | GC: 0.0ms)
  Rendered shared/_navbar.html.erb (Duration: 0.2ms | GC: 0.0ms)
  Rendered layout layouts/application.html.erb (Duration: 2.7ms | GC: 0.0ms)
Completed 200 OK in 5ms (Views: 3.2ms | ActiveRecord: 0.0ms (0 queries, 0 cached) | GC: 0.0ms)


Started GET "/tasks/new" for ::1 at 2026-08-31 11:25:11 +0500
Processing by TasksController#new as HTML
  Rendering layout layouts/application.html.erb
  Rendering tasks/new.html.erb within layouts/application
  Rendered tasks/new.html.erb within layouts/application (Duration: 1.8ms | GC: 0.0ms)
  Rendered shared/_navbar.html.erb (Duration: 0.2ms | GC: 0.0ms)
  Rendered layout layouts/application.html.erb (Duration: 3.2ms | GC: 0.0ms)
Completed 200 OK in 5ms (Views: 3.7ms | ActiveRecord: 0.0ms (0 queries, 0 cached) | GC: 0.0ms)


Started POST "/tasks" for ::1 at 2026-08-31 11:25:41 +0500
Processing by TasksController#create as TURBO_STREAM
  Parameters: {"authenticity_token" => "[FILTERED]", "task" => {"tittle" => "task2", "description" => "create a dashboard for the task app ", "status" => "in-progress", "priority" => "medium"}, "commit" => "Create Task"}
  [1m[36mTRANSACTION (0.4ms)[0m  [1m[35mBEGIN /*action='create',application='TaskManagementApp',controller='tasks'*/[0m
  ↳ app/controllers/tasks_controller.rb:35:in 'TasksController#create'
  [1m[36mTask Create (51.8ms)[0m  [1m[32mINSERT INTO "tasks" ("created_at", "updated_at", "tittle", "description", "status", "priority") VALUES ('2026-08-31 06:25:41.285294', '2026-08-31 06:25:41.285294', 'task2', 'create a dashboard for the task app ', 'in-progress', 'medium') RETURNING "id" /*action='create',application='TaskManagementApp',controller='tasks'*/[0m
  ↳ app/controllers/tasks_controller.rb:35:in 'TasksController#create'
  [1m[36mTRANSACTION (1.4ms)[0m  [1m[35mCOMMIT /*action='create',application='TaskManagementApp',controller='tasks'*/[0m
  ↳ app/controllers/tasks_controller.rb:35:in 'TasksController#create'
Redirected to http://localhost:3000/tasks
↳ app/controllers/tasks_controller.rb:37:in 'TasksController#create'
Completed 302 Found in 61ms (ActiveRecord: 53.6ms (1 query, 0 cached) | GC: 0.0ms)


Started GET "/tasks" for ::1 at 2026-08-31 11:25:41 +0500
Processing by TasksController#index as TURBO_STREAM
  Rendering layout layouts/application.html.erb
  Rendering tasks/index.html.erb within layouts/application
  [1m[36mTask Exists? (0.3ms)[0m  [1m[34mSELECT 1 AS one FROM "tasks" LIMIT 1 /*action='index',application='TaskManagementApp',controller='tasks'*/[0m
  ↳ app/views/tasks/index.html.erb:6
  [1m[36mTask Load (0.2ms)[0m  [1m[34mSELECT "tasks".* FROM "tasks" /*action='index',application='TaskManagementApp',controller='tasks'*/[0m
  ↳ app/views/tasks/_task.html.erb:2
  Rendered tasks/_task.html.erb (Duration: 2.0ms | GC: 0.0ms)
  Rendered tasks/index.html.erb within layouts/application (Duration: 3.5ms | GC: 0.0ms)
  Rendered shared/_navbar.html.erb (Duration: 0.2ms | GC: 0.0ms)
  Rendered layout layouts/application.html.erb (Duration: 4.7ms | GC: 0.0ms)
Completed 200 OK in 7ms (Views: 4.7ms | ActiveRecord: 0.5ms (2 queries, 0 cached) | GC: 0.0ms)


Started GET "/.well-known/appspecific/com.chrome.devtools.json" for ::1 at 2026-08-31 11:26:33 +0500
  
ActionController::RoutingError (No route matches [GET] "/.well-known/appspecific/com.chrome.devtools.json"):
  
Started GET "/" for ::1 at 2026-08-31 11:26:48 +0500
Processing by HomeController#index as HTML
  Rendering layout layouts/application.html.erb
  Rendering home/index.html.erb within layouts/application
  Rendered home/index.html.erb within layouts/application (Duration: 0.3ms | GC: 0.0ms)
  Rendered shared/_navbar.html.erb (Duration: 0.2ms | GC: 0.0ms)
  Rendered layout layouts/application.html.erb (Duration: 2.2ms | GC: 0.0ms)
Completed 200 OK in 38ms (Views: 2.9ms | ActiveRecord: 0.0ms (0 queries, 0 cached) | GC: 1.0ms)


Started GET "/tasks" for ::1 at 2026-08-31 11:26:50 +0500
Processing by TasksController#index as HTML
  Rendering layout layouts/application.html.erb
  Rendering tasks/index.html.erb within layouts/application
  [1m[36mTask Exists? (2.3ms)[0m  [1m[34mSELECT 1 AS one FROM "tasks" LIMIT 1 /*action='index',application='TaskManagementApp',controller='tasks'*/[0m
  ↳ app/views/tasks/index.html.erb:6
  [1m[36mTask Load (0.6ms)[0m  [1m[34mSELECT "tasks".* FROM "tasks" /*action='index',application='TaskManagementApp',controller='tasks'*/[0m
  ↳ app/views/tasks/_task.html.erb:2
  Rendered tasks/_task.html.erb (Duration: 10.8ms | GC: 0.0ms)
  Rendered tasks/index.html.erb within layouts/application (Duration: 17.2ms | GC: 0.0ms)
  Rendered shared/_navbar.html.erb (Duration: 0.3ms | GC: 0.0ms)
  Rendered layout layouts/application.html.erb (Duration: 20.1ms | GC: 0.0ms)
Completed 200 OK in 24ms (Views: 18.3ms | ActiveRecord: 2.9ms (2 queries, 0 cached) | GC: 0.0ms)


Started GET "/" for ::1 at 2026-08-31 11:26:53 +0500
Processing by HomeController#index as HTML
  Rendering layout layouts/application.html.erb
  Rendering home/index.html.erb within layouts/application
  Rendered home/index.html.erb within layouts/application (Duration: 0.5ms | GC: 0.0ms)
  Rendered shared/_navbar.html.erb (Duration: 0.3ms | GC: 0.0ms)
  Rendered layout layouts/application.html.erb (Duration: 4.2ms | GC: 0.0ms)
Completed 200 OK in 12ms (Views: 5.4ms | ActiveRecord: 0.0ms (0 queries, 0 cached) | GC: 1.0ms)


Started GET "/task-details" for ::1 at 2026-08-31 11:26:54 +0500
Processing by TasksController#details as HTML
  Rendering layout layouts/application.html.erb
  Rendering tasks/details.html.erb within layouts/application
  Rendered tasks/details.html.erb within layouts/application (Duration: 0.6ms | GC: 0.0ms)
  Rendered shared/_navbar.html.erb (Duration: 0.2ms | GC: 0.0ms)
  Rendered layout layouts/application.html.erb (Duration: 2.2ms | GC: 0.0ms)
Completed 200 OK in 4ms (Views: 2.7ms | ActiveRecord: 0.0ms (0 queries, 0 cached) | GC: 0.0ms)


Started GET "/task-details?query=task2&commit=Search" for ::1 at 2026-08-31 11:26:59 +0500
Processing by TasksController#details as HTML
  Parameters: {"query" => "task2", "commit" => "Search"}
  [1m[36mTask Load (2.7ms)[0m  [1m[34mSELECT "tasks".* FROM "tasks" WHERE "tasks"."tittle" = 'task2' LIMIT 1 /*action='details',application='TaskManagementApp',controller='tasks'*/[0m
  ↳ app/controllers/tasks_controller.rb:10:in 'TasksController#details'
  Rendering layout layouts/application.html.erb
  Rendering tasks/details.html.erb within layouts/application
  Rendered tasks/details.html.erb within layouts/application (Duration: 1.2ms | GC: 0.0ms)
  Rendered shared/_navbar.html.erb (Duration: 0.2ms | GC: 0.0ms)
  Rendered layout layouts/application.html.erb (Duration: 2.4ms | GC: 0.0ms)
Completed 200 OK in 11ms (Views: 2.9ms | ActiveRecord: 2.7ms (1 query, 0 cached) | GC: 0.0ms)


Using vips to process variants requires the libvips library. Please install libvips using the instructions on the libvips website.
Using vips to process variants requires the libvips library. Please install libvips using the instructions on the libvips website.
Using vips to process variants requires the libvips library. Please install libvips using the instructions on the libvips website.
  [1m[35m (0.5ms)[0m  [1m[34mSELECT pg_try_advisory_lock(805014669356415840) /*application='TaskManagementApp'*/[0m
  [1m[36mActiveRecord::SchemaMigration Load (0.8ms)[0m  [1m[34mSELECT "schema_migrations"."version" FROM "schema_migrations" ORDER BY "schema_migrations"."version" ASC /*application='TaskManagementApp'*/[0m
  [1m[36mActiveRecord::InternalMetadata Load (2.3ms)[0m  [1m[34mSELECT * FROM "ar_internal_metadata" WHERE "ar_internal_metadata"."key" = 'environment' ORDER BY "ar_internal_metadata"."key" ASC LIMIT 1 /*application='TaskManagementApp'*/[0m
Migrating to CreateUsers (20260831063629)
  [1m[36mTRANSACTION (0.2ms)[0m  [1m[35mBEGIN /*application='TaskManagementApp'*/[0m
  [1m[35m (75.3ms)[0m  [1m[35mCREATE TABLE "users" ("id" bigserial primary key, "name" character varying, "email" character varying, "created_at" timestamp(6) NOT NULL, "updated_at" timestamp(6) NOT NULL) /*application='TaskManagementApp'*/[0m
  [1m[36mActiveRecord::SchemaMigration Create (0.4ms)[0m  [1m[32mINSERT INTO "schema_migrations" ("version") VALUES ('20260831063629') RETURNING "version" /*application='TaskManagementApp'*/[0m
  [1m[36mTRANSACTION (0.9ms)[0m  [1m[35mCOMMIT /*application='TaskManagementApp'*/[0m
Migrating to AddUserToTasks (20260831063804)
  [1m[36mTRANSACTION (40.9ms)[0m  [1m[35mBEGIN /*application='TaskManagementApp'*/[0m
  [1m[35m (49.5ms)[0m  [1m[35mALTER TABLE "tasks" ADD "user_id" bigint NOT NULL /*application='TaskManagementApp'*/[0m
  [1m[36mTRANSACTION (0.8ms)[0m  [1m[31mROLLBACK /*application='TaskManagementApp'*/[0m
  [1m[35m (0.4ms)[0m  [1m[34mSELECT pg_advisory_unlock(805014669356415840) /*application='TaskManagementApp'*/[0m
Using vips to process variants requires the libvips library. Please install libvips using the instructions on the libvips website.
  [1m[35m (0.3ms)[0m  [1m[34mSELECT pg_try_advisory_lock(805014669356415840) /*application='TaskManagementApp'*/[0m
  [1m[36mActiveRecord::SchemaMigration Load (0.9ms)[0m  [1m[34mSELECT "schema_migrations"."version" FROM "schema_migrations" ORDER BY "schema_migrations"."version" ASC /*application='TaskManagementApp'*/[0m
  [1m[36mActiveRecord::InternalMetadata Load (0.9ms)[0m  [1m[34mSELECT * FROM "ar_internal_metadata" WHERE "ar_internal_metadata"."key" = 'environment' ORDER BY "ar_internal_metadata"."key" ASC LIMIT 1 /*application='TaskManagementApp'*/[0m
Migrating to AddUserToTasks (20260831063804)
  [1m[36mTRANSACTION (0.2ms)[0m  [1m[35mBEGIN /*application='TaskManagementApp'*/[0m
  [1m[35m (43.7ms)[0m  [1m[35mALTER TABLE "tasks" ADD "user_id" bigint /*application='TaskManagementApp'*/[0m
  [1m[35m (4.3ms)[0m  [1m[35mCREATE INDEX "index_tasks_on_user_id" ON "tasks" ("user_id") /*application='TaskManagementApp'*/[0m
  [1m[35m (7.6ms)[0m  [1m[35mALTER TABLE "tasks" ADD CONSTRAINT "fk_rails_4d2a9e4d7e"
FOREIGN KEY ("user_id")
  REFERENCES "users" ("id")
 /*application='TaskManagementApp'*/[0m
  [1m[36mActiveRecord::SchemaMigration Create (0.4ms)[0m  [1m[32mINSERT INTO "schema_migrations" ("version") VALUES ('20260831063804') RETURNING "version" /*application='TaskManagementApp'*/[0m
  [1m[36mTRANSACTION (0.7ms)[0m  [1m[35mCOMMIT /*application='TaskManagementApp'*/[0m
  [1m[35m (0.3ms)[0m  [1m[34mSELECT pg_advisory_unlock(805014669356415840) /*application='TaskManagementApp'*/[0m
  [1m[36mActiveRecord::SchemaMigration Load (0.3ms)[0m  [1m[34mSELECT "schema_migrations"."version" FROM "schema_migrations" ORDER BY "schema_migrations"."version" ASC /*application='TaskManagementApp'*/[0m
  [1m[35mSQL (0.2ms)[0m  [1m[35mSET search_path TO public /*application='TaskManagementApp'*/[0m
  [1m[35mSQL (0.8ms)[0m  [1m[35mSET search_path TO "$user", public /*application='TaskManagementApp'*/[0m
  [1m[35mSQL (0.2ms)[0m  [1m[35mSET search_path TO public /*application='TaskManagementApp'*/[0m
  [1m[35mSQL (0.1ms)[0m  [1m[35mSET search_path TO "$user", public /*application='TaskManagementApp'*/[0m
Using vips to process variants requires the libvips library. Please install libvips using the instructions on the libvips website.
  [1m[36mTRANSACTION (0.2ms)[0m  [1m[35mBEGIN /*application='TaskManagementApp'*/[0m
  [1m[36mUser Create (1.4ms)[0m  [1m[32mINSERT INTO "users" ("name", "email", "created_at", "updated_at") VALUES ('Umer', 'umer@example.com', '2026-08-31 06:43:30.476957', '2026-08-31 06:43:30.476957') RETURNING "id" /*application='TaskManagementApp'*/[0m
  [1m[36mTRANSACTION (38.2ms)[0m  [1m[35mCOMMIT /*application='TaskManagementApp'*/[0m
  [1m[36mTask Update All (48.8ms)[0m  [1m[33mUPDATE "tasks" SET "user_id" = 1 /*application='TaskManagementApp'*/[0m
Using vips to process variants requires the libvips library. Please install libvips using the instructions on the libvips website.
  [1m[35m (0.2ms)[0m  [1m[34mSELECT pg_try_advisory_lock(805014669356415840) /*application='TaskManagementApp'*/[0m
  [1m[36mActiveRecord::SchemaMigration Load (0.9ms)[0m  [1m[34mSELECT "schema_migrations"."version" FROM "schema_migrations" ORDER BY "schema_migrations"."version" ASC /*application='TaskManagementApp'*/[0m
  [1m[36mActiveRecord::InternalMetadata Load (0.9ms)[0m  [1m[34mSELECT * FROM "ar_internal_metadata" WHERE "ar_internal_metadata"."key" = 'environment' ORDER BY "ar_internal_metadata"."key" ASC LIMIT 1 /*application='TaskManagementApp'*/[0m
  [1m[35m (0.2ms)[0m  [1m[34mSELECT pg_advisory_unlock(805014669356415840) /*application='TaskManagementApp'*/[0m
  [1m[36mActiveRecord::SchemaMigration Load (0.2ms)[0m  [1m[34mSELECT "schema_migrations"."version" FROM "schema_migrations" ORDER BY "schema_migrations"."version" ASC /*application='TaskManagementApp'*/[0m
  [1m[35mSQL (0.2ms)[0m  [1m[35mSET search_path TO public /*application='TaskManagementApp'*/[0m
  [1m[35mSQL (0.2ms)[0m  [1m[35mSET search_path TO "$user", public /*application='TaskManagementApp'*/[0m
  [1m[35mSQL (0.1ms)[0m  [1m[35mSET search_path TO public /*application='TaskManagementApp'*/[0m
  [1m[35mSQL (0.1ms)[0m  [1m[35mSET search_path TO "$user", public /*application='TaskManagementApp'*/[0m
Using vips to process variants requires the libvips library. Please install libvips using the instructions on the libvips website.
Started GET "/task-details?query=task2&commit=Search" for ::1 at 2026-08-31 11:53:40 +0500
  [1m[36mActiveRecord::SchemaMigration Load (0.8ms)[0m  [1m[34mSELECT "schema_migrations"."version" FROM "schema_migrations" ORDER BY "schema_migrations"."version" ASC /*application='TaskManagementApp'*/[0m
Processing by TasksController#details as HTML
  Parameters: {"query" => "task2", "commit" => "Search"}
  [1m[36mTask Load (0.9ms)[0m  [1m[34mSELECT "tasks".* FROM "tasks" WHERE "tasks"."tittle" = 'task2' LIMIT 1 /*action='details',application='TaskManagementApp',controller='tasks'*/[0m
  ↳ app/controllers/tasks_controller.rb:10:in 'TasksController#details'
  Rendering layout layouts/application.html.erb
  Rendering tasks/details.html.erb within layouts/application
  [1m[36mUser Load (0.6ms)[0m  [1m[34mSELECT "users".* FROM "users" WHERE "users"."id" = 1 LIMIT 1 /*action='details',application='TaskManagementApp',controller='tasks'*/[0m
  ↳ app/views/tasks/details.html.erb:34
  Rendered tasks/details.html.erb within layouts/application (Duration: 39.7ms | GC: 0.0ms)
  Rendered shared/_navbar.html.erb (Duration: 0.6ms | GC: 0.0ms)
  Rendered layout layouts/application.html.erb (Duration: 56.8ms | GC: 0.0ms)
Completed 200 OK in 174ms (Views: 61.4ms | ActiveRecord: 13.2ms (2 queries, 0 cached) | GC: 1.1ms)


Started GET "/" for ::1 at 2026-08-31 11:53:43 +0500
Processing by HomeController#index as HTML
  Rendering layout layouts/application.html.erb
  Rendering home/index.html.erb within layouts/application
  Rendered home/index.html.erb within layouts/application (Duration: 0.8ms | GC: 0.0ms)
  Rendered shared/_navbar.html.erb (Duration: 0.2ms | GC: 0.0ms)
  Rendered layout layouts/application.html.erb (Duration: 3.1ms | GC: 0.0ms)
Completed 200 OK in 11ms (Views: 5.6ms | ActiveRecord: 0.0ms (0 queries, 0 cached) | GC: 0.0ms)


Started GET "/tasks" for ::1 at 2026-08-31 11:53:44 +0500
Processing by TasksController#index as HTML
  Rendering layout layouts/application.html.erb
  Rendering tasks/index.html.erb within layouts/application
  [1m[36mTask Exists? (0.4ms)[0m  [1m[34mSELECT 1 AS one FROM "tasks" LIMIT 1 /*action='index',application='TaskManagementApp',controller='tasks'*/[0m
  ↳ app/views/tasks/index.html.erb:6
  [1m[36mTask Load (1.9ms)[0m  [1m[34mSELECT "tasks".* FROM "tasks" /*action='index',application='TaskManagementApp',controller='tasks'*/[0m
  ↳ app/views/tasks/_task.html.erb:2
  [1m[36mUser Load (0.4ms)[0m  [1m[34mSELECT "users".* FROM "users" WHERE "users"."id" = 1 LIMIT 1 /*action='index',application='TaskManagementApp',controller='tasks'*/[0m
  ↳ app/views/tasks/_task.html.erb:38
  [1m[36mCACHE User Load (0.0ms)[0m  [1m[34mSELECT "users".* FROM "users" WHERE "users"."id" = 1 LIMIT 1[0m
  ↳ app/views/tasks/_task.html.erb:38
  Rendered tasks/_task.html.erb (Duration: 10.1ms | GC: 0.0ms)
  Rendered tasks/index.html.erb within layouts/application (Duration: 12.9ms | GC: 0.0ms)
  Rendered shared/_navbar.html.erb (Duration: 0.2ms | GC: 0.0ms)
  Rendered layout layouts/application.html.erb (Duration: 14.6ms | GC: 0.0ms)
Completed 200 OK in 18ms (Views: 13.0ms | ActiveRecord: 2.8ms (4 queries, 1 cached) | GC: 0.0ms)


Started GET "/task-details" for ::1 at 2026-08-31 11:53:48 +0500
Processing by TasksController#details as HTML
  Rendering layout layouts/application.html.erb
  Rendering tasks/details.html.erb within layouts/application
  Rendered tasks/details.html.erb within layouts/application (Duration: 0.5ms | GC: 0.0ms)
  Rendered shared/_navbar.html.erb (Duration: 0.6ms | GC: 0.0ms)
  Rendered layout layouts/application.html.erb (Duration: 5.2ms | GC: 0.0ms)
Completed 200 OK in 7ms (Views: 5.8ms | ActiveRecord: 0.0ms (0 queries, 0 cached) | GC: 0.0ms)


Started GET "/tasks/new" for ::1 at 2026-08-31 11:53:48 +0500
Processing by TasksController#new as HTML
  Rendering layout layouts/application.html.erb
  Rendering tasks/new.html.erb within layouts/application
  [1m[36mUser Load (0.3ms)[0m  [1m[34mSELECT "users".* FROM "users" /*action='new',application='TaskManagementApp',controller='tasks'*/[0m
  ↳ app/views/tasks/new.html.erb:21
  Rendered tasks/new.html.erb within layouts/application (Duration: 10.8ms | GC: 0.0ms)
  Rendered shared/_navbar.html.erb (Duration: 0.2ms | GC: 0.0ms)
  Rendered layout layouts/application.html.erb (Duration: 12.1ms | GC: 0.0ms)
Completed 200 OK in 15ms (Views: 12.6ms | ActiveRecord: 0.3ms (1 query, 0 cached) | GC: 0.0ms)


Started GET "/" for ::1 at 2026-08-31 11:53:55 +0500
Processing by HomeController#index as HTML
  Rendering layout layouts/application.html.erb
  Rendering home/index.html.erb within layouts/application
  Rendered home/index.html.erb within layouts/application (Duration: 0.4ms | GC: 0.0ms)
  Rendered shared/_navbar.html.erb (Duration: 0.2ms | GC: 0.0ms)
  Rendered layout layouts/application.html.erb (Duration: 2.3ms | GC: 0.0ms)
Completed 200 OK in 5ms (Views: 2.9ms | ActiveRecord: 0.0ms (0 queries, 0 cached) | GC: 0.0ms)


Started GET "/tasks" for ::1 at 2026-08-31 11:57:56 +0500
Processing by TasksController#index as HTML
  Rendering layout layouts/application.html.erb
  Rendering tasks/index.html.erb within layouts/application
  [1m[36mTask Exists? (0.6ms)[0m  [1m[34mSELECT 1 AS one FROM "tasks" LIMIT 1 /*action='index',application='TaskManagementApp',controller='tasks'*/[0m
  ↳ app/views/tasks/index.html.erb:6
  [1m[36mTask Load (0.3ms)[0m  [1m[34mSELECT "tasks".* FROM "tasks" /*action='index',application='TaskManagementApp',controller='tasks'*/[0m
  ↳ app/views/tasks/_task.html.erb:2
  [1m[36mUser Load (0.4ms)[0m  [1m[34mSELECT "users".* FROM "users" WHERE "users"."id" = 1 LIMIT 1 /*action='index',application='TaskManagementApp',controller='tasks'*/[0m
  ↳ app/views/tasks/_task.html.erb:38
  [1m[36mCACHE User Load (0.0ms)[0m  [1m[34mSELECT "users".* FROM "users" WHERE "users"."id" = 1 LIMIT 1[0m
  ↳ app/views/tasks/_task.html.erb:38
  Rendered tasks/_task.html.erb (Duration: 7.9ms | GC: 0.0ms)
  Rendered tasks/index.html.erb within layouts/application (Duration: 10.7ms | GC: 0.0ms)
  Rendered shared/_navbar.html.erb (Duration: 0.2ms | GC: 0.0ms)
  Rendered layout layouts/application.html.erb (Duration: 12.4ms | GC: 0.0ms)
Completed 200 OK in 16ms (Views: 12.0ms | ActiveRecord: 1.2ms (4 queries, 1 cached) | GC: 0.0ms)


Started GET "/task-details" for ::1 at 2026-08-31 11:58:15 +0500
Processing by TasksController#details as HTML
  Rendering layout layouts/application.html.erb
  Rendering tasks/details.html.erb within layouts/application
  Rendered tasks/details.html.erb within layouts/application (Duration: 1.2ms | GC: 0.0ms)
  Rendered shared/_navbar.html.erb (Duration: 0.7ms | GC: 0.0ms)
  Rendered layout layouts/application.html.erb (Duration: 4.4ms | GC: 0.0ms)
Completed 200 OK in 6ms (Views: 5.0ms | ActiveRecord: 0.0ms (0 queries, 0 cached) | GC: 0.0ms)


Started GET "/tasks" for ::1 at 2026-08-31 11:58:15 +0500
Processing by TasksController#index as HTML
  Rendering layout layouts/application.html.erb
  Rendering tasks/index.html.erb within layouts/application
  [1m[36mTask Exists? (0.8ms)[0m  [1m[34mSELECT 1 AS one FROM "tasks" LIMIT 1 /*action='index',application='TaskManagementApp',controller='tasks'*/[0m
  ↳ app/views/tasks/index.html.erb:6
  [1m[36mTask Load (0.3ms)[0m  [1m[34mSELECT "tasks".* FROM "tasks" /*action='index',application='TaskManagementApp',controller='tasks'*/[0m
  ↳ app/views/tasks/_task.html.erb:2
  [1m[36mUser Load (0.6ms)[0m  [1m[34mSELECT "users".* FROM "users" WHERE "users"."id" = 1 LIMIT 1 /*action='index',application='TaskManagementApp',controller='tasks'*/[0m
  ↳ app/views/tasks/_task.html.erb:38
  [1m[36mCACHE User Load (0.0ms)[0m  [1m[34mSELECT "users".* FROM "users" WHERE "users"."id" = 1 LIMIT 1[0m
  ↳ app/views/tasks/_task.html.erb:38
  Rendered tasks/_task.html.erb (Duration: 8.2ms | GC: 0.0ms)
  Rendered tasks/index.html.erb within layouts/application (Duration: 10.8ms | GC: 0.0ms)
  Rendered shared/_navbar.html.erb (Duration: 0.2ms | GC: 0.0ms)
  Rendered layout layouts/application.html.erb (Duration: 12.0ms | GC: 0.0ms)
Completed 200 OK in 14ms (Views: 10.8ms | ActiveRecord: 1.7ms (4 queries, 1 cached) | GC: 0.0ms)


Started GET "/tasks/new" for ::1 at 2026-08-31 11:58:16 +0500
Processing by TasksController#new as HTML
  Rendering layout layouts/application.html.erb
  Rendering tasks/new.html.erb within layouts/application
  [1m[36mUser Load (0.6ms)[0m  [1m[34mSELECT "users".* FROM "users" /*action='new',application='TaskManagementApp',controller='tasks'*/[0m
  ↳ app/views/tasks/new.html.erb:21
  Rendered tasks/new.html.erb within layouts/application (Duration: 4.7ms | GC: 0.0ms)
  Rendered shared/_navbar.html.erb (Duration: 0.2ms | GC: 0.0ms)
  Rendered layout layouts/application.html.erb (Duration: 5.8ms | GC: 0.0ms)
Completed 200 OK in 8ms (Views: 5.8ms | ActiveRecord: 0.5ms (1 query, 0 cached) | GC: 0.0ms)


Started GET "/task-details" for ::1 at 2026-08-31 11:58:17 +0500
Processing by TasksController#details as HTML
  Rendering layout layouts/application.html.erb
  Rendering tasks/details.html.erb within layouts/application
  Rendered tasks/details.html.erb within layouts/application (Duration: 0.9ms | GC: 0.0ms)
  Rendered shared/_navbar.html.erb (Duration: 0.2ms | GC: 0.0ms)
  Rendered layout layouts/application.html.erb (Duration: 2.7ms | GC: 0.0ms)
Completed 200 OK in 5ms (Views: 3.2ms | ActiveRecord: 0.0ms (0 queries, 0 cached) | GC: 0.0ms)


Started GET "/tasks/2/edit" for ::1 at 2026-08-31 11:58:18 +0500
Processing by TasksController#edit as HTML
  Parameters: {"id" => "2"}
  [1m[36mTask Load (0.5ms)[0m  [1m[34mSELECT "tasks".* FROM "tasks" WHERE "tasks"."id" = 2 LIMIT 1 /*action='edit',application='TaskManagementApp',controller='tasks'*/[0m
  ↳ app/controllers/tasks_controller.rb:18:in 'TasksController#edit'
  Rendering layout layouts/application.html.erb
  Rendering tasks/edit.html.erb within layouts/application
  Rendered tasks/edit.html.erb within layouts/application (Duration: 2.1ms | GC: 0.0ms)
  Rendered shared/_navbar.html.erb (Duration: 0.3ms | GC: 0.0ms)
  Rendered layout layouts/application.html.erb (Duration: 3.7ms | GC: 0.0ms)
Completed 200 OK in 11ms (Views: 4.4ms | ActiveRecord: 0.5ms (1 query, 0 cached) | GC: 0.0ms)


Started GET "/task-details" for ::1 at 2026-08-31 11:58:24 +0500
Processing by TasksController#details as HTML
  Rendering layout layouts/application.html.erb
  Rendering tasks/details.html.erb within layouts/application
  Rendered tasks/details.html.erb within layouts/application (Duration: 1.3ms | GC: 0.0ms)
  Rendered shared/_navbar.html.erb (Duration: 0.5ms | GC: 0.0ms)
  Rendered layout layouts/application.html.erb (Duration: 4.2ms | GC: 0.0ms)
Completed 200 OK in 7ms (Views: 4.8ms | ActiveRecord: 0.0ms (0 queries, 0 cached) | GC: 0.0ms)


Started GET "/task-details?query=task2&commit=Search" for ::1 at 2026-08-31 11:58:27 +0500
Processing by TasksController#details as HTML
  Parameters: {"query" => "task2", "commit" => "Search"}
  [1m[36mTask Load (0.4ms)[0m  [1m[34mSELECT "tasks".* FROM "tasks" WHERE "tasks"."tittle" = 'task2' LIMIT 1 /*action='details',application='TaskManagementApp',controller='tasks'*/[0m
  ↳ app/controllers/tasks_controller.rb:10:in 'TasksController#details'
  Rendering layout layouts/application.html.erb
  Rendering tasks/details.html.erb within layouts/application
  [1m[36mUser Load (0.6ms)[0m  [1m[34mSELECT "users".* FROM "users" WHERE "users"."id" = 1 LIMIT 1 /*action='details',application='TaskManagementApp',controller='tasks'*/[0m
  ↳ app/views/tasks/details.html.erb:34
  Rendered tasks/details.html.erb within layouts/application (Duration: 5.5ms | GC: 0.0ms)
  Rendered shared/_navbar.html.erb (Duration: 0.2ms | GC: 0.0ms)
  Rendered layout layouts/application.html.erb (Duration: 6.8ms | GC: 0.0ms)
Completed 200 OK in 11ms (Views: 6.8ms | ActiveRecord: 1.0ms (2 queries, 0 cached) | GC: 0.0ms)


Started GET "/tasks/new" for ::1 at 2026-08-31 11:58:29 +0500
Processing by TasksController#new as HTML
  Rendering layout layouts/application.html.erb
  Rendering tasks/new.html.erb within layouts/application
  [1m[36mUser Load (0.5ms)[0m  [1m[34mSELECT "users".* FROM "users" /*action='new',application='TaskManagementApp',controller='tasks'*/[0m
  ↳ app/views/tasks/new.html.erb:21
  Rendered tasks/new.html.erb within layouts/application (Duration: 5.2ms | GC: 0.0ms)
  Rendered shared/_navbar.html.erb (Duration: 0.5ms | GC: 0.0ms)
  Rendered layout layouts/application.html.erb (Duration: 7.9ms | GC: 0.0ms)
Completed 200 OK in 10ms (Views: 8.2ms | ActiveRecord: 0.5ms (1 query, 0 cached) | GC: 0.0ms)


Started GET "/" for ::1 at 2026-08-31 11:58:31 +0500
Processing by HomeController#index as HTML
  Rendering layout layouts/application.html.erb
  Rendering home/index.html.erb within layouts/application
  Rendered home/index.html.erb within layouts/application (Duration: 0.2ms | GC: 0.0ms)
  Rendered shared/_navbar.html.erb (Duration: 0.2ms | GC: 0.0ms)
  Rendered layout layouts/application.html.erb (Duration: 2.2ms | GC: 0.0ms)
Completed 200 OK in 5ms (Views: 2.8ms | ActiveRecord: 0.0ms (0 queries, 0 cached) | GC: 0.0ms)


Started GET "/" for ::1 at 2026-08-31 11:58:37 +0500
Processing by HomeController#index as HTML
  Rendering layout layouts/application.html.erb
  Rendering home/index.html.erb within layouts/application
  Rendered home/index.html.erb within layouts/application (Duration: 0.2ms | GC: 0.0ms)
  Rendered shared/_navbar.html.erb (Duration: 0.2ms | GC: 0.0ms)
  Rendered layout layouts/application.html.erb (Duration: 1.9ms | GC: 0.0ms)
Completed 200 OK in 4ms (Views: 2.6ms | ActiveRecord: 0.0ms (0 queries, 0 cached) | GC: 0.0ms)


Started GET "/tasks" for ::1 at 2026-08-31 11:58:39 +0500
Processing by TasksController#index as HTML
  Rendering layout layouts/application.html.erb
  Rendering tasks/index.html.erb within layouts/application
  [1m[36mTask Exists? (0.3ms)[0m  [1m[34mSELECT 1 AS one FROM "tasks" LIMIT 1 /*action='index',application='TaskManagementApp',controller='tasks'*/[0m
  ↳ app/views/tasks/index.html.erb:6
  [1m[36mTask Load (0.7ms)[0m  [1m[34mSELECT "tasks".* FROM "tasks" /*action='index',application='TaskManagementApp',controller='tasks'*/[0m
  ↳ app/views/tasks/_task.html.erb:2
  [1m[36mUser Load (0.4ms)[0m  [1m[34mSELECT "users".* FROM "users" WHERE "users"."id" = 1 LIMIT 1 /*action='index',application='TaskManagementApp',controller='tasks'*/[0m
  ↳ app/views/tasks/_task.html.erb:38
  [1m[36mCACHE User Load (0.0ms)[0m  [1m[34mSELECT "users".* FROM "users" WHERE "users"."id" = 1 LIMIT 1[0m
  ↳ app/views/tasks/_task.html.erb:38
  Rendered tasks/_task.html.erb (Duration: 9.1ms | GC: 0.0ms)
  Rendered tasks/index.html.erb within layouts/application (Duration: 10.8ms | GC: 0.0ms)
  Rendered shared/_navbar.html.erb (Duration: 0.2ms | GC: 0.0ms)
  Rendered layout layouts/application.html.erb (Duration: 11.8ms | GC: 0.0ms)
Completed 200 OK in 14ms (Views: 10.8ms | ActiveRecord: 1.5ms (4 queries, 1 cached) | GC: 0.0ms)


Started GET "/tasks/2/edit" for ::1 at 2026-08-31 11:58:43 +0500
Processing by TasksController#edit as HTML
  Parameters: {"id" => "2"}
  [1m[36mTask Load (0.4ms)[0m  [1m[34mSELECT "tasks".* FROM "tasks" WHERE "tasks"."id" = 2 LIMIT 1 /*action='edit',application='TaskManagementApp',controller='tasks'*/[0m
  ↳ app/controllers/tasks_controller.rb:18:in 'TasksController#edit'
  Rendering layout layouts/application.html.erb
  Rendering tasks/edit.html.erb within layouts/application
  Rendered tasks/edit.html.erb within layouts/application (Duration: 1.6ms | GC: 0.0ms)
  Rendered shared/_navbar.html.erb (Duration: 0.2ms | GC: 0.0ms)
  Rendered layout layouts/application.html.erb (Duration: 2.8ms | GC: 0.0ms)
Completed 200 OK in 8ms (Views: 3.4ms | ActiveRecord: 0.4ms (1 query, 0 cached) | GC: 0.0ms)


Started GET "/" for ::1 at 2026-08-31 12:02:01 +0500
Processing by HomeController#index as HTML
  Rendering layout layouts/application.html.erb
  Rendering home/index.html.erb within layouts/application
  Rendered home/index.html.erb within layouts/application (Duration: 0.4ms | GC: 0.0ms)
  Rendered shared/_navbar.html.erb (Duration: 0.2ms | GC: 0.0ms)
  Rendered layout layouts/application.html.erb (Duration: 2.3ms | GC: 0.0ms)
Completed 200 OK in 5ms (Views: 3.1ms | ActiveRecord: 0.0ms (0 queries, 0 cached) | GC: 0.0ms)


Started GET "/" for ::1 at 2026-08-31 12:02:02 +0500
Processing by HomeController#index as HTML
  Rendering layout layouts/application.html.erb
  Rendering home/index.html.erb within layouts/application
  Rendered home/index.html.erb within layouts/application (Duration: 0.2ms | GC: 0.0ms)
  Rendered shared/_navbar.html.erb (Duration: 0.1ms | GC: 0.0ms)
  Rendered layout layouts/application.html.erb (Duration: 1.5ms | GC: 0.0ms)
Completed 200 OK in 4ms (Views: 2.1ms | ActiveRecord: 0.0ms (0 queries, 0 cached) | GC: 0.0ms)


Started GET "/" for ::1 at 2026-08-31 12:02:55 +0500
Processing by HomeController#index as HTML
  Rendering layout layouts/application.html.erb
  Rendering home/index.html.erb within layouts/application
  Rendered home/index.html.erb within layouts/application (Duration: 0.2ms | GC: 0.0ms)
  Rendered shared/_navbar.html.erb (Duration: 0.1ms | GC: 0.0ms)
  Rendered layout layouts/application.html.erb (Duration: 1.6ms | GC: 0.0ms)
Completed 200 OK in 6ms (Views: 3.1ms | ActiveRecord: 0.0ms (0 queries, 0 cached) | GC: 0.0ms)


Started GET "/" for ::1 at 2026-08-31 12:02:56 +0500
Processing by HomeController#index as HTML
  Rendering layout layouts/application.html.erb
  Rendering home/index.html.erb within layouts/application
  Rendered home/index.html.erb within layouts/application (Duration: 0.4ms | GC: 0.0ms)
  Rendered shared/_navbar.html.erb (Duration: 0.2ms | GC: 0.0ms)
  Rendered layout layouts/application.html.erb (Duration: 2.4ms | GC: 0.0ms)
Completed 200 OK in 5ms (Views: 3.7ms | ActiveRecord: 0.0ms (0 queries, 0 cached) | GC: 0.0ms)


Started GET "/" for ::1 at 2026-08-31 12:02:58 +0500
Processing by HomeController#index as HTML
  Rendering layout layouts/application.html.erb
  Rendering home/index.html.erb within layouts/application
  Rendered home/index.html.erb within layouts/application (Duration: 0.2ms | GC: 0.0ms)
  Rendered shared/_navbar.html.erb (Duration: 0.2ms | GC: 0.0ms)
  Rendered layout layouts/application.html.erb (Duration: 2.3ms | GC: 0.0ms)
Completed 200 OK in 4ms (Views: 2.9ms | ActiveRecord: 0.0ms (0 queries, 0 cached) | GC: 0.0ms)


Started GET "/" for ::1 at 2026-08-31 12:02:58 +0500
Processing by HomeController#index as HTML
  Rendering layout layouts/application.html.erb
  Rendering home/index.html.erb within layouts/application
  Rendered home/index.html.erb within layouts/application (Duration: 0.2ms | GC: 0.0ms)
  Rendered shared/_navbar.html.erb (Duration: 0.3ms | GC: 0.0ms)
  Rendered layout layouts/application.html.erb (Duration: 1.9ms | GC: 0.0ms)
Completed 200 OK in 4ms (Views: 2.5ms | ActiveRecord: 0.0ms (0 queries, 0 cached) | GC: 0.0ms)


Started GET "/" for ::1 at 2026-08-31 12:02:59 +0500
Processing by HomeController#index as HTML
  Rendering layout layouts/application.html.erb
  Rendering home/index.html.erb within layouts/application
  Rendered home/index.html.erb within layouts/application (Duration: 0.2ms | GC: 0.0ms)
  Rendered shared/_navbar.html.erb (Duration: 0.5ms | GC: 0.0ms)
  Rendered layout layouts/application.html.erb (Duration: 3.3ms | GC: 0.0ms)
Completed 200 OK in 5ms (Views: 3.9ms | ActiveRecord: 0.0ms (0 queries, 0 cached) | GC: 0.0ms)


Started GET "/" for ::1 at 2026-08-31 12:03:00 +0500
Processing by HomeController#index as HTML
  Rendering layout layouts/application.html.erb
  Rendering home/index.html.erb within layouts/application
  Rendered home/index.html.erb within layouts/application (Duration: 0.2ms | GC: 0.0ms)
  Rendered shared/_navbar.html.erb (Duration: 0.2ms | GC: 0.0ms)
  Rendered layout layouts/application.html.erb (Duration: 2.7ms | GC: 0.0ms)
Completed 200 OK in 5ms (Views: 3.5ms | ActiveRecord: 0.0ms (0 queries, 0 cached) | GC: 0.0ms)


Using vips to process variants requires the libvips library. Please install libvips using the instructions on the libvips website.
Started GET "/tasks/new" for ::1 at 2026-08-31 12:12:30 +0500
  [1m[36mActiveRecord::SchemaMigration Load (1.0ms)[0m  [1m[34mSELECT "schema_migrations"."version" FROM "schema_migrations" ORDER BY "schema_migrations"."version" ASC /*application='TaskManagementApp'*/[0m
Processing by TasksController#new as HTML
  Rendering layout layouts/application.html.erb
  Rendering tasks/new.html.erb within layouts/application
  [1m[36mUser Load (0.7ms)[0m  [1m[34mSELECT "users".* FROM "users" /*action='new',application='TaskManagementApp',controller='tasks'*/[0m
  ↳ app/views/tasks/new.html.erb:21
  Rendered tasks/new.html.erb within layouts/application (Duration: 38.1ms | GC: 0.0ms)
  Rendered shared/_navbar.html.erb (Duration: 1.0ms | GC: 0.0ms)
  Rendered layout layouts/application.html.erb (Duration: 57.3ms | GC: 0.0ms)
Completed 200 OK in 187ms (Views: 67.4ms | ActiveRecord: 20.8ms (1 query, 0 cached) | GC: 0.5ms)


Started POST "/tasks" for ::1 at 2026-08-31 12:12:47 +0500
Processing by TasksController#create as TURBO_STREAM
  Parameters: {"authenticity_token" => "[FILTERED]", "task" => {"tittle" => "", "description" => "test task ", "status" => "in-progress", "priority" => "high", "user_id" => "1"}, "commit" => "Create Task"}
  [1m[36mTRANSACTION (0.2ms)[0m  [1m[35mBEGIN /*action='create',application='TaskManagementApp',controller='tasks'*/[0m
  ↳ app/controllers/tasks_controller.rb:35:in 'TasksController#create'
  [1m[36mUser Load (3.9ms)[0m  [1m[34mSELECT "users".* FROM "users" WHERE "users"."id" = 1 LIMIT 1 /*action='create',application='TaskManagementApp',controller='tasks'*/[0m
  ↳ app/controllers/tasks_controller.rb:35:in 'TasksController#create'
  [1m[36mTRANSACTION (0.3ms)[0m  [1m[31mROLLBACK /*action='create',application='TaskManagementApp',controller='tasks'*/[0m
  ↳ app/controllers/tasks_controller.rb:35:in 'TasksController#create'
  Rendering layout layouts/application.html.erb
  Rendering tasks/new.html.erb within layouts/application
  [1m[36mUser Load (0.4ms)[0m  [1m[34mSELECT "users".* FROM "users" /*action='create',application='TaskManagementApp',controller='tasks'*/[0m
  ↳ app/views/tasks/new.html.erb:21
  Rendered tasks/new.html.erb within layouts/application (Duration: 5.6ms | GC: 0.0ms)
  Rendered shared/_navbar.html.erb (Duration: 0.2ms | GC: 0.0ms)
  Rendered layout layouts/application.html.erb (Duration: 7.0ms | GC: 0.0ms)
Completed 200 OK in 43ms (Views: 7.2ms | ActiveRecord: 4.7ms (2 queries, 0 cached) | GC: 0.0ms)


Started POST "/tasks" for ::1 at 2026-08-31 12:12:49 +0500
Processing by TasksController#create as TURBO_STREAM
  Parameters: {"authenticity_token" => "[FILTERED]", "task" => {"tittle" => "", "description" => "test task ", "status" => "in-progress", "priority" => "high", "user_id" => "1"}, "commit" => "Create Task"}
  [1m[36mTRANSACTION (0.2ms)[0m  [1m[35mBEGIN /*action='create',application='TaskManagementApp',controller='tasks'*/[0m
  ↳ app/controllers/tasks_controller.rb:35:in 'TasksController#create'
  [1m[36mUser Load (3.3ms)[0m  [1m[34mSELECT "users".* FROM "users" WHERE "users"."id" = 1 LIMIT 1 /*action='create',application='TaskManagementApp',controller='tasks'*/[0m
  ↳ app/controllers/tasks_controller.rb:35:in 'TasksController#create'
  [1m[36mTRANSACTION (0.3ms)[0m  [1m[31mROLLBACK /*action='create',application='TaskManagementApp',controller='tasks'*/[0m
  ↳ app/controllers/tasks_controller.rb:35:in 'TasksController#create'
  Rendering layout layouts/application.html.erb
  Rendering tasks/new.html.erb within layouts/application
  [1m[36mUser Load (0.4ms)[0m  [1m[34mSELECT "users".* FROM "users" /*action='create',application='TaskManagementApp',controller='tasks'*/[0m
  ↳ app/views/tasks/new.html.erb:21
  Rendered tasks/new.html.erb within layouts/application (Duration: 4.9ms | GC: 0.0ms)
  Rendered shared/_navbar.html.erb (Duration: 0.2ms | GC: 0.0ms)
  Rendered layout layouts/application.html.erb (Duration: 6.8ms | GC: 0.0ms)
Completed 200 OK in 17ms (Views: 7.5ms | ActiveRecord: 4.1ms (2 queries, 0 cached) | GC: 0.0ms)


Started POST "/tasks" for ::1 at 2026-08-31 12:12:49 +0500
Processing by TasksController#create as TURBO_STREAM
  Parameters: {"authenticity_token" => "[FILTERED]", "task" => {"tittle" => "", "description" => "test task ", "status" => "in-progress", "priority" => "high", "user_id" => "1"}, "commit" => "Create Task"}
  [1m[36mTRANSACTION (0.2ms)[0m  [1m[35mBEGIN /*action='create',application='TaskManagementApp',controller='tasks'*/[0m
  ↳ app/controllers/tasks_controller.rb:35:in 'TasksController#create'
  [1m[36mUser Load (2.4ms)[0m  [1m[34mSELECT "users".* FROM "users" WHERE "users"."id" = 1 LIMIT 1 /*action='create',application='TaskManagementApp',controller='tasks'*/[0m
  ↳ app/controllers/tasks_controller.rb:35:in 'TasksController#create'
  [1m[36mTRANSACTION (0.2ms)[0m  [1m[31mROLLBACK /*action='create',application='TaskManagementApp',controller='tasks'*/[0m
  ↳ app/controllers/tasks_controller.rb:35:in 'TasksController#create'
  Rendering layout layouts/application.html.erb
  Rendering tasks/new.html.erb within layouts/application
  [1m[36mUser Load (0.4ms)[0m  [1m[34mSELECT "users".* FROM "users" /*action='create',application='TaskManagementApp',controller='tasks'*/[0m
  ↳ app/views/tasks/new.html.erb:21
  Rendered tasks/new.html.erb within layouts/application (Duration: 3.7ms | GC: 0.0ms)
  Rendered shared/_navbar.html.erb (Duration: 0.2ms | GC: 0.0ms)
  Rendered layout layouts/application.html.erb (Duration: 5.1ms | GC: 0.0ms)
Completed 200 OK in 14ms (Views: 5.3ms | ActiveRecord: 3.2ms (2 queries, 0 cached) | GC: 0.0ms)


Started POST "/tasks" for ::1 at 2026-08-31 12:12:50 +0500
Processing by TasksController#create as TURBO_STREAM
  Parameters: {"authenticity_token" => "[FILTERED]", "task" => {"tittle" => "", "description" => "test task ", "status" => "in-progress", "priority" => "high", "user_id" => "1"}, "commit" => "Create Task"}
  [1m[36mTRANSACTION (0.2ms)[0m  [1m[35mBEGIN /*action='create',application='TaskManagementApp',controller='tasks'*/[0m
  ↳ app/controllers/tasks_controller.rb:35:in 'TasksController#create'
  [1m[36mUser Load (3.2ms)[0m  [1m[34mSELECT "users".* FROM "users" WHERE "users"."id" = 1 LIMIT 1 /*action='create',application='TaskManagementApp',controller='tasks'*/[0m
  ↳ app/controllers/tasks_controller.rb:35:in 'TasksController#create'
  [1m[36mTRANSACTION (0.2ms)[0m  [1m[31mROLLBACK /*action='create',application='TaskManagementApp',controller='tasks'*/[0m
  ↳ app/controllers/tasks_controller.rb:35:in 'TasksController#create'
  Rendering layout layouts/application.html.erb
  Rendering tasks/new.html.erb within layouts/application
  [1m[36mUser Load (0.4ms)[0m  [1m[34mSELECT "users".* FROM "users" /*action='create',application='TaskManagementApp',controller='tasks'*/[0m
  ↳ app/views/tasks/new.html.erb:21
  Rendered tasks/new.html.erb within layouts/application (Duration: 4.1ms | GC: 0.0ms)
  Rendered shared/_navbar.html.erb (Duration: 0.2ms | GC: 0.0ms)
  Rendered layout layouts/application.html.erb (Duration: 5.4ms | GC: 0.0ms)
Completed 200 OK in 15ms (Views: 5.5ms | ActiveRecord: 4.0ms (2 queries, 0 cached) | GC: 0.0ms)


Started POST "/tasks" for ::1 at 2026-08-31 12:12:50 +0500
Processing by TasksController#create as TURBO_STREAM
  Parameters: {"authenticity_token" => "[FILTERED]", "task" => {"tittle" => "", "description" => "test task ", "status" => "in-progress", "priority" => "high", "user_id" => "1"}, "commit" => "Create Task"}
  [1m[36mTRANSACTION (0.3ms)[0m  [1m[35mBEGIN /*action='create',application='TaskManagementApp',controller='tasks'*/[0m
  ↳ app/controllers/tasks_controller.rb:35:in 'TasksController#create'
  [1m[36mUser Load (2.7ms)[0m  [1m[34mSELECT "users".* FROM "users" WHERE "users"."id" = 1 LIMIT 1 /*action='create',application='TaskManagementApp',controller='tasks'*/[0m
  ↳ app/controllers/tasks_controller.rb:35:in 'TasksController#create'
  [1m[36mTRANSACTION (0.2ms)[0m  [1m[31mROLLBACK /*action='create',application='TaskManagementApp',controller='tasks'*/[0m
  ↳ app/controllers/tasks_controller.rb:35:in 'TasksController#create'
  Rendering layout layouts/application.html.erb
  Rendering tasks/new.html.erb within layouts/application
  [1m[36mUser Load (0.4ms)[0m  [1m[34mSELECT "users".* FROM "users" /*action='create',application='TaskManagementApp',controller='tasks'*/[0m
  ↳ app/views/tasks/new.html.erb:21
  Rendered tasks/new.html.erb within layouts/application (Duration: 3.9ms | GC: 0.0ms)
  Rendered shared/_navbar.html.erb (Duration: 0.2ms | GC: 0.0ms)
  Rendered layout layouts/application.html.erb (Duration: 5.2ms | GC: 0.0ms)
Completed 200 OK in 14ms (Views: 5.7ms | ActiveRecord: 3.6ms (2 queries, 0 cached) | GC: 0.0ms)


Started POST "/tasks" for ::1 at 2026-08-31 12:12:50 +0500
Processing by TasksController#create as TURBO_STREAM
  Parameters: {"authenticity_token" => "[FILTERED]", "task" => {"tittle" => "", "description" => "test task ", "status" => "in-progress", "priority" => "high", "user_id" => "1"}, "commit" => "Create Task"}
  [1m[36mTRANSACTION (0.2ms)[0m  [1m[35mBEGIN /*action='create',application='TaskManagementApp',controller='tasks'*/[0m
  ↳ app/controllers/tasks_controller.rb:35:in 'TasksController#create'
  [1m[36mUser Load (2.5ms)[0m  [1m[34mSELECT "users".* FROM "users" WHERE "users"."id" = 1 LIMIT 1 /*action='create',application='TaskManagementApp',controller='tasks'*/[0m
  ↳ app/controllers/tasks_controller.rb:35:in 'TasksController#create'
  [1m[36mTRANSACTION (0.2ms)[0m  [1m[31mROLLBACK /*action='create',application='TaskManagementApp',controller='tasks'*/[0m
  ↳ app/controllers/tasks_controller.rb:35:in 'TasksController#create'
  Rendering layout layouts/application.html.erb
  Rendering tasks/new.html.erb within layouts/application
  [1m[36mUser Load (0.3ms)[0m  [1m[34mSELECT "users".* FROM "users" /*action='create',application='TaskManagementApp',controller='tasks'*/[0m
  ↳ app/views/tasks/new.html.erb:21
  Rendered tasks/new.html.erb within layouts/application (Duration: 3.5ms | GC: 0.0ms)
  Rendered shared/_navbar.html.erb (Duration: 0.2ms | GC: 0.0ms)
  Rendered layout layouts/application.html.erb (Duration: 4.8ms | GC: 0.0ms)
Completed 200 OK in 14ms (Views: 5.1ms | ActiveRecord: 3.2ms (2 queries, 0 cached) | GC: 0.0ms)


Started POST "/tasks" for ::1 at 2026-08-31 12:12:50 +0500
Processing by TasksController#create as TURBO_STREAM
  Parameters: {"authenticity_token" => "[FILTERED]", "task" => {"tittle" => "", "description" => "test task ", "status" => "in-progress", "priority" => "high", "user_id" => "1"}, "commit" => "Create Task"}
  [1m[36mTRANSACTION (0.2ms)[0m  [1m[35mBEGIN /*action='create',application='TaskManagementApp',controller='tasks'*/[0m
  ↳ app/controllers/tasks_controller.rb:35:in 'TasksController#create'
  [1m[36mUser Load (3.8ms)[0m  [1m[34mSELECT "users".* FROM "users" WHERE "users"."id" = 1 LIMIT 1 /*action='create',application='TaskManagementApp',controller='tasks'*/[0m
  ↳ app/controllers/tasks_controller.rb:35:in 'TasksController#create'
  [1m[36mTRANSACTION (0.3ms)[0m  [1m[31mROLLBACK /*action='create',application='TaskManagementApp',controller='tasks'*/[0m
  ↳ app/controllers/tasks_controller.rb:35:in 'TasksController#create'
  Rendering layout layouts/application.html.erb
  Rendering tasks/new.html.erb within layouts/application
  [1m[36mUser Load (0.4ms)[0m  [1m[34mSELECT "users".* FROM "users" /*action='create',application='TaskManagementApp',controller='tasks'*/[0m
  ↳ app/views/tasks/new.html.erb:21
  Rendered tasks/new.html.erb within layouts/application (Duration: 5.1ms | GC: 0.0ms)
  Rendered shared/_navbar.html.erb (Duration: 0.2ms | GC: 0.0ms)
  Rendered layout layouts/application.html.erb (Duration: 6.8ms | GC: 0.0ms)
Completed 200 OK in 18ms (Views: 7.1ms | ActiveRecord: 4.7ms (2 queries, 0 cached) | GC: 0.0ms)


Started POST "/tasks" for ::1 at 2026-08-31 12:12:51 +0500
Processing by TasksController#create as TURBO_STREAM
  Parameters: {"authenticity_token" => "[FILTERED]", "task" => {"tittle" => "", "description" => "test task ", "status" => "in-progress", "priority" => "high", "user_id" => "1"}, "commit" => "Create Task"}
  [1m[36mTRANSACTION (0.5ms)[0m  [1m[35mBEGIN /*action='create',application='TaskManagementApp',controller='tasks'*/[0m
  ↳ app/controllers/tasks_controller.rb:35:in 'TasksController#create'
  [1m[36mUser Load (3.0ms)[0m  [1m[34mSELECT "users".* FROM "users" WHERE "users"."id" = 1 LIMIT 1 /*action='create',application='TaskManagementApp',controller='tasks'*/[0m
  ↳ app/controllers/tasks_controller.rb:35:in 'TasksController#create'
  [1m[36mTRANSACTION (0.2ms)[0m  [1m[31mROLLBACK /*action='create',application='TaskManagementApp',controller='tasks'*/[0m
  ↳ app/controllers/tasks_controller.rb:35:in 'TasksController#create'
  Rendering layout layouts/application.html.erb
  Rendering tasks/new.html.erb within layouts/application
  [1m[36mUser Load (0.3ms)[0m  [1m[34mSELECT "users".* FROM "users" /*action='create',application='TaskManagementApp',controller='tasks'*/[0m
  ↳ app/views/tasks/new.html.erb:21
  Rendered tasks/new.html.erb within layouts/application (Duration: 3.7ms | GC: 0.0ms)
  Rendered shared/_navbar.html.erb (Duration: 0.2ms | GC: 0.0ms)
  Rendered layout layouts/application.html.erb (Duration: 5.7ms | GC: 0.0ms)
Completed 200 OK in 16ms (Views: 6.2ms | ActiveRecord: 4.0ms (2 queries, 0 cached) | GC: 0.0ms)


Started POST "/tasks" for ::1 at 2026-08-31 12:12:51 +0500
Processing by TasksController#create as TURBO_STREAM
  Parameters: {"authenticity_token" => "[FILTERED]", "task" => {"tittle" => "", "description" => "test task ", "status" => "in-progress", "priority" => "high", "user_id" => "1"}, "commit" => "Create Task"}
  [1m[36mTRANSACTION (0.3ms)[0m  [1m[35mBEGIN /*action='create',application='TaskManagementApp',controller='tasks'*/[0m
  ↳ app/controllers/tasks_controller.rb:35:in 'TasksController#create'
  [1m[36mUser Load (2.7ms)[0m  [1m[34mSELECT "users".* FROM "users" WHERE "users"."id" = 1 LIMIT 1 /*action='create',application='TaskManagementApp',controller='tasks'*/[0m
  ↳ app/controllers/tasks_controller.rb:35:in 'TasksController#create'
  [1m[36mTRANSACTION (0.2ms)[0m  [1m[31mROLLBACK /*action='create',application='TaskManagementApp',controller='tasks'*/[0m
  ↳ app/controllers/tasks_controller.rb:35:in 'TasksController#create'
  Rendering layout layouts/application.html.erb
  Rendering tasks/new.html.erb within layouts/application
  [1m[36mUser Load (0.3ms)[0m  [1m[34mSELECT "users".* FROM "users" /*action='create',application='TaskManagementApp',controller='tasks'*/[0m
  ↳ app/views/tasks/new.html.erb:21
  Rendered tasks/new.html.erb within layouts/application (Duration: 4.1ms | GC: 0.0ms)
  Rendered shared/_navbar.html.erb (Duration: 0.2ms | GC: 0.0ms)
  Rendered layout layouts/application.html.erb (Duration: 5.7ms | GC: 0.0ms)
Completed 200 OK in 15ms (Views: 6.0ms | ActiveRecord: 3.5ms (2 queries, 0 cached) | GC: 0.0ms)


Started POST "/tasks" for ::1 at 2026-08-31 12:12:51 +0500
Processing by TasksController#create as TURBO_STREAM
  Parameters: {"authenticity_token" => "[FILTERED]", "task" => {"tittle" => "", "description" => "test task ", "status" => "in-progress", "priority" => "high", "user_id" => "1"}, "commit" => "Create Task"}
  [1m[36mTRANSACTION (0.2ms)[0m  [1m[35mBEGIN /*action='create',application='TaskManagementApp',controller='tasks'*/[0m
  ↳ app/controllers/tasks_controller.rb:35:in 'TasksController#create'
  [1m[36mUser Load (2.8ms)[0m  [1m[34mSELECT "users".* FROM "users" WHERE "users"."id" = 1 LIMIT 1 /*action='create',application='TaskManagementApp',controller='tasks'*/[0m
  ↳ app/controllers/tasks_controller.rb:35:in 'TasksController#create'
  [1m[36mTRANSACTION (0.2ms)[0m  [1m[31mROLLBACK /*action='create',application='TaskManagementApp',controller='tasks'*/[0m
  ↳ app/controllers/tasks_controller.rb:35:in 'TasksController#create'
  Rendering layout layouts/application.html.erb
  Rendering tasks/new.html.erb within layouts/application
  [1m[36mUser Load (0.4ms)[0m  [1m[34mSELECT "users".* FROM "users" /*action='create',application='TaskManagementApp',controller='tasks'*/[0m
  ↳ app/views/tasks/new.html.erb:21
  Rendered tasks/new.html.erb within layouts/application (Duration: 3.4ms | GC: 0.0ms)
  Rendered shared/_navbar.html.erb (Duration: 0.5ms | GC: 0.0ms)
  Rendered layout layouts/application.html.erb (Duration: 5.1ms | GC: 0.0ms)
Completed 200 OK in 14ms (Views: 5.3ms | ActiveRecord: 3.6ms (2 queries, 0 cached) | GC: 0.0ms)


Started POST "/tasks" for ::1 at 2026-08-31 12:12:51 +0500
Processing by TasksController#create as TURBO_STREAM
  Parameters: {"authenticity_token" => "[FILTERED]", "task" => {"tittle" => "", "description" => "test task ", "status" => "in-progress", "priority" => "high", "user_id" => "1"}, "commit" => "Create Task"}
  [1m[36mTRANSACTION (0.2ms)[0m  [1m[35mBEGIN /*action='create',application='TaskManagementApp',controller='tasks'*/[0m
  ↳ app/controllers/tasks_controller.rb:35:in 'TasksController#create'
  [1m[36mUser Load (2.8ms)[0m  [1m[34mSELECT "users".* FROM "users" WHERE "users"."id" = 1 LIMIT 1 /*action='create',application='TaskManagementApp',controller='tasks'*/[0m
  ↳ app/controllers/tasks_controller.rb:35:in 'TasksController#create'
  [1m[36mTRANSACTION (0.2ms)[0m  [1m[31mROLLBACK /*action='create',application='TaskManagementApp',controller='tasks'*/[0m
  ↳ app/controllers/tasks_controller.rb:35:in 'TasksController#create'
  Rendering layout layouts/application.html.erb
  Rendering tasks/new.html.erb within layouts/application
  [1m[36mUser Load (0.4ms)[0m  [1m[34mSELECT "users".* FROM "users" /*action='create',application='TaskManagementApp',controller='tasks'*/[0m
  ↳ app/views/tasks/new.html.erb:21
  Rendered tasks/new.html.erb within layouts/application (Duration: 4.4ms | GC: 0.0ms)
  Rendered shared/_navbar.html.erb (Duration: 0.3ms | GC: 0.0ms)
  Rendered layout layouts/application.html.erb (Duration: 5.6ms | GC: 0.0ms)
Completed 200 OK in 14ms (Views: 5.7ms | ActiveRecord: 3.6ms (2 queries, 0 cached) | GC: 0.0ms)


Started POST "/tasks" for ::1 at 2026-08-31 12:12:51 +0500
Processing by TasksController#create as TURBO_STREAM
  Parameters: {"authenticity_token" => "[FILTERED]", "task" => {"tittle" => "", "description" => "test task ", "status" => "in-progress", "priority" => "high", "user_id" => "1"}, "commit" => "Create Task"}
  [1m[36mTRANSACTION (0.3ms)[0m  [1m[35mBEGIN /*action='create',application='TaskManagementApp',controller='tasks'*/[0m
  ↳ app/controllers/tasks_controller.rb:35:in 'TasksController#create'
  [1m[36mUser Load (2.8ms)[0m  [1m[34mSELECT "users".* FROM "users" WHERE "users"."id" = 1 LIMIT 1 /*action='create',application='TaskManagementApp',controller='tasks'*/[0m
  ↳ app/controllers/tasks_controller.rb:35:in 'TasksController#create'
  [1m[36mTRANSACTION (0.2ms)[0m  [1m[31mROLLBACK /*action='create',application='TaskManagementApp',controller='tasks'*/[0m
  ↳ app/controllers/tasks_controller.rb:35:in 'TasksController#create'
  Rendering layout layouts/application.html.erb
  Rendering tasks/new.html.erb within layouts/application
  [1m[36mUser Load (0.3ms)[0m  [1m[34mSELECT "users".* FROM "users" /*action='create',application='TaskManagementApp',controller='tasks'*/[0m
  ↳ app/views/tasks/new.html.erb:21
  Rendered tasks/new.html.erb within layouts/application (Duration: 4.0ms | GC: 0.0ms)
  Rendered shared/_navbar.html.erb (Duration: 0.2ms | GC: 0.0ms)
  Rendered layout layouts/application.html.erb (Duration: 5.3ms | GC: 0.0ms)
Completed 200 OK in 14ms (Views: 5.6ms | ActiveRecord: 3.6ms (2 queries, 0 cached) | GC: 0.0ms)


Started POST "/tasks" for ::1 at 2026-08-31 12:12:53 +0500
Processing by TasksController#create as TURBO_STREAM
  Parameters: {"authenticity_token" => "[FILTERED]", "task" => {"tittle" => "", "description" => "test task ", "status" => "in-progress", "priority" => "high", "user_id" => "1"}, "commit" => "Create Task"}
  [1m[36mTRANSACTION (0.2ms)[0m  [1m[35mBEGIN /*action='create',application='TaskManagementApp',controller='tasks'*/[0m
  ↳ app/controllers/tasks_controller.rb:35:in 'TasksController#create'
  [1m[36mUser Load (2.5ms)[0m  [1m[34mSELECT "users".* FROM "users" WHERE "users"."id" = 1 LIMIT 1 /*action='create',application='TaskManagementApp',controller='tasks'*/[0m
  ↳ app/controllers/tasks_controller.rb:35:in 'TasksController#create'
  [1m[36mTRANSACTION (0.2ms)[0m  [1m[31mROLLBACK /*action='create',application='TaskManagementApp',controller='tasks'*/[0m
  ↳ app/controllers/tasks_controller.rb:35:in 'TasksController#create'
  Rendering layout layouts/application.html.erb
  Rendering tasks/new.html.erb within layouts/application
  [1m[36mUser Load (0.4ms)[0m  [1m[34mSELECT "users".* FROM "users" /*action='create',application='TaskManagementApp',controller='tasks'*/[0m
  ↳ app/views/tasks/new.html.erb:21
  Rendered tasks/new.html.erb within layouts/application (Duration: 3.8ms | GC: 0.0ms)
  Rendered shared/_navbar.html.erb (Duration: 0.2ms | GC: 0.0ms)
  Rendered layout layouts/application.html.erb (Duration: 5.3ms | GC: 0.0ms)
Completed 200 OK in 14ms (Views: 5.5ms | ActiveRecord: 3.3ms (2 queries, 0 cached) | GC: 0.0ms)


Started POST "/tasks" for ::1 at 2026-08-31 12:12:54 +0500
Processing by TasksController#create as TURBO_STREAM
  Parameters: {"authenticity_token" => "[FILTERED]", "task" => {"tittle" => "", "description" => "test task ", "status" => "in-progress", "priority" => "high", "user_id" => "1"}, "commit" => "Create Task"}
  [1m[36mTRANSACTION (0.2ms)[0m  [1m[35mBEGIN /*action='create',application='TaskManagementApp',controller='tasks'*/[0m
  ↳ app/controllers/tasks_controller.rb:35:in 'TasksController#create'
  [1m[36mUser Load (2.2ms)[0m  [1m[34mSELECT "users".* FROM "users" WHERE "users"."id" = 1 LIMIT 1 /*action='create',application='TaskManagementApp',controller='tasks'*/[0m
  ↳ app/controllers/tasks_controller.rb:35:in 'TasksController#create'
  [1m[36mTRANSACTION (0.2ms)[0m  [1m[31mROLLBACK /*action='create',application='TaskManagementApp',controller='tasks'*/[0m
  ↳ app/controllers/tasks_controller.rb:35:in 'TasksController#create'
  Rendering layout layouts/application.html.erb
  Rendering tasks/new.html.erb within layouts/application
  [1m[36mUser Load (0.3ms)[0m  [1m[34mSELECT "users".* FROM "users" /*action='create',application='TaskManagementApp',controller='tasks'*/[0m
  ↳ app/views/tasks/new.html.erb:21
  Rendered tasks/new.html.erb within layouts/application (Duration: 3.6ms | GC: 0.0ms)
  Rendered shared/_navbar.html.erb (Duration: 1.6ms | GC: 1.3ms)
  Rendered layout layouts/application.html.erb (Duration: 6.5ms | GC: 1.3ms)
Completed 200 OK in 39ms (Views: 6.9ms | ActiveRecord: 2.9ms (2 queries, 0 cached) | GC: 24.4ms)


Started POST "/tasks" for ::1 at 2026-08-31 12:12:54 +0500
Processing by TasksController#create as TURBO_STREAM
  Parameters: {"authenticity_token" => "[FILTERED]", "task" => {"tittle" => "", "description" => "test task ", "status" => "in-progress", "priority" => "high", "user_id" => "1"}, "commit" => "Create Task"}
  [1m[36mTRANSACTION (0.3ms)[0m  [1m[35mBEGIN /*action='create',application='TaskManagementApp',controller='tasks'*/[0m
  ↳ app/controllers/tasks_controller.rb:35:in 'TasksController#create'
  [1m[36mUser Load (2.4ms)[0m  [1m[34mSELECT "users".* FROM "users" WHERE "users"."id" = 1 LIMIT 1 /*action='create',application='TaskManagementApp',controller='tasks'*/[0m
  ↳ app/controllers/tasks_controller.rb:35:in 'TasksController#create'
  [1m[36mTRANSACTION (0.2ms)[0m  [1m[31mROLLBACK /*action='create',application='TaskManagementApp',controller='tasks'*/[0m
  ↳ app/controllers/tasks_controller.rb:35:in 'TasksController#create'
  Rendering layout layouts/application.html.erb
  Rendering tasks/new.html.erb within layouts/application
  [1m[36mUser Load (0.4ms)[0m  [1m[34mSELECT "users".* FROM "users" /*action='create',application='TaskManagementApp',controller='tasks'*/[0m
  ↳ app/views/tasks/new.html.erb:21
  Rendered tasks/new.html.erb within layouts/application (Duration: 4.9ms | GC: 1.0ms)
  Rendered shared/_navbar.html.erb (Duration: 0.2ms | GC: 0.0ms)
  Rendered layout layouts/application.html.erb (Duration: 6.3ms | GC: 1.0ms)
Completed 200 OK in 15ms (Views: 6.5ms | ActiveRecord: 3.3ms (2 queries, 0 cached) | GC: 1.0ms)


Started POST "/tasks" for ::1 at 2026-08-31 12:12:54 +0500
Processing by TasksController#create as TURBO_STREAM
  Parameters: {"authenticity_token" => "[FILTERED]", "task" => {"tittle" => "", "description" => "test task ", "status" => "in-progress", "priority" => "high", "user_id" => "1"}, "commit" => "Create Task"}
  [1m[36mTRANSACTION (0.2ms)[0m  [1m[35mBEGIN /*action='create',application='TaskManagementApp',controller='tasks'*/[0m
  ↳ app/controllers/tasks_controller.rb:35:in 'TasksController#create'
  [1m[36mUser Load (3.6ms)[0m  [1m[34mSELECT "users".* FROM "users" WHERE "users"."id" = 1 LIMIT 1 /*action='create',application='TaskManagementApp',controller='tasks'*/[0m
  ↳ app/controllers/tasks_controller.rb:35:in 'TasksController#create'
  [1m[36mTRANSACTION (0.2ms)[0m  [1m[31mROLLBACK /*action='create',application='TaskManagementApp',controller='tasks'*/[0m
  ↳ app/controllers/tasks_controller.rb:35:in 'TasksController#create'
  Rendering layout layouts/application.html.erb
  Rendering tasks/new.html.erb within layouts/application
  [1m[36mUser Load (0.5ms)[0m  [1m[34mSELECT "users".* FROM "users" /*action='create',application='TaskManagementApp',controller='tasks'*/[0m
  ↳ app/views/tasks/new.html.erb:21
  Rendered tasks/new.html.erb within layouts/application (Duration: 4.8ms | GC: 0.0ms)
  Rendered shared/_navbar.html.erb (Duration: 0.2ms | GC: 0.0ms)
  Rendered layout layouts/application.html.erb (Duration: 6.2ms | GC: 0.0ms)
Completed 200 OK in 16ms (Views: 6.6ms | ActiveRecord: 4.5ms (2 queries, 0 cached) | GC: 1.2ms)


Started POST "/tasks" for ::1 at 2026-08-31 12:12:54 +0500
Processing by TasksController#create as TURBO_STREAM
  Parameters: {"authenticity_token" => "[FILTERED]", "task" => {"tittle" => "", "description" => "test task ", "status" => "in-progress", "priority" => "high", "user_id" => "1"}, "commit" => "Create Task"}
  [1m[36mTRANSACTION (0.2ms)[0m  [1m[35mBEGIN /*action='create',application='TaskManagementApp',controller='tasks'*/[0m
  ↳ app/controllers/tasks_controller.rb:35:in 'TasksController#create'
  [1m[36mUser Load (2.1ms)[0m  [1m[34mSELECT "users".* FROM "users" WHERE "users"."id" = 1 LIMIT 1 /*action='create',application='TaskManagementApp',controller='tasks'*/[0m
  ↳ app/controllers/tasks_controller.rb:35:in 'TasksController#create'
  [1m[36mTRANSACTION (0.2ms)[0m  [1m[31mROLLBACK /*action='create',application='TaskManagementApp',controller='tasks'*/[0m
  ↳ app/controllers/tasks_controller.rb:35:in 'TasksController#create'
  Rendering layout layouts/application.html.erb
  Rendering tasks/new.html.erb within layouts/application
  [1m[36mUser Load (0.3ms)[0m  [1m[34mSELECT "users".* FROM "users" /*action='create',application='TaskManagementApp',controller='tasks'*/[0m
  ↳ app/views/tasks/new.html.erb:21
  Rendered tasks/new.html.erb within layouts/application (Duration: 5.5ms | GC: 1.6ms)
  Rendered shared/_navbar.html.erb (Duration: 0.2ms | GC: 0.0ms)
  Rendered layout layouts/application.html.erb (Duration: 6.9ms | GC: 1.6ms)
Completed 200 OK in 15ms (Views: 7.1ms | ActiveRecord: 2.8ms (2 queries, 0 cached) | GC: 1.6ms)


Started POST "/tasks" for ::1 at 2026-08-31 12:12:55 +0500
Processing by TasksController#create as TURBO_STREAM
  Parameters: {"authenticity_token" => "[FILTERED]", "task" => {"tittle" => "", "description" => "test task ", "status" => "in-progress", "priority" => "high", "user_id" => "1"}, "commit" => "Create Task"}
  [1m[36mTRANSACTION (0.2ms)[0m  [1m[35mBEGIN /*action='create',application='TaskManagementApp',controller='tasks'*/[0m
  ↳ app/controllers/tasks_controller.rb:35:in 'TasksController#create'
  [1m[36mUser Load (2.9ms)[0m  [1m[34mSELECT "users".* FROM "users" WHERE "users"."id" = 1 LIMIT 1 /*action='create',application='TaskManagementApp',controller='tasks'*/[0m
  ↳ app/controllers/tasks_controller.rb:35:in 'TasksController#create'
  [1m[36mTRANSACTION (0.2ms)[0m  [1m[31mROLLBACK /*action='create',application='TaskManagementApp',controller='tasks'*/[0m
  ↳ app/controllers/tasks_controller.rb:35:in 'TasksController#create'
  Rendering layout layouts/application.html.erb
  Rendering tasks/new.html.erb within layouts/application
  [1m[36mUser Load (0.3ms)[0m  [1m[34mSELECT "users".* FROM "users" /*action='create',application='TaskManagementApp',controller='tasks'*/[0m
  ↳ app/views/tasks/new.html.erb:21
  Rendered tasks/new.html.erb within layouts/application (Duration: 3.7ms | GC: 0.0ms)
  Rendered shared/_navbar.html.erb (Duration: 0.2ms | GC: 0.0ms)
  Rendered layout layouts/application.html.erb (Duration: 4.7ms | GC: 0.0ms)
Completed 200 OK in 15ms (Views: 4.9ms | ActiveRecord: 3.6ms (2 queries, 0 cached) | GC: 1.2ms)


Started POST "/tasks" for ::1 at 2026-08-31 12:12:55 +0500
Processing by TasksController#create as TURBO_STREAM
  Parameters: {"authenticity_token" => "[FILTERED]", "task" => {"tittle" => "", "description" => "test task ", "status" => "in-progress", "priority" => "high", "user_id" => "1"}, "commit" => "Create Task"}
  [1m[36mTRANSACTION (0.2ms)[0m  [1m[35mBEGIN /*action='create',application='TaskManagementApp',controller='tasks'*/[0m
  ↳ app/controllers/tasks_controller.rb:35:in 'TasksController#create'
  [1m[36mUser Load (3.3ms)[0m  [1m[34mSELECT "users".* FROM "users" WHERE "users"."id" = 1 LIMIT 1 /*action='create',application='TaskManagementApp',controller='tasks'*/[0m
  ↳ app/controllers/tasks_controller.rb:35:in 'TasksController#create'
  [1m[36mTRANSACTION (0.3ms)[0m  [1m[31mROLLBACK /*action='create',application='TaskManagementApp',controller='tasks'*/[0m
  ↳ app/controllers/tasks_controller.rb:35:in 'TasksController#create'
  Rendering layout layouts/application.html.erb
  Rendering tasks/new.html.erb within layouts/application
  [1m[36mUser Load (0.6ms)[0m  [1m[34mSELECT "users".* FROM "users" /*action='create',application='TaskManagementApp',controller='tasks'*/[0m
  ↳ app/views/tasks/new.html.erb:21
  Rendered tasks/new.html.erb within layouts/application (Duration: 3.9ms | GC: 0.0ms)
  Rendered shared/_navbar.html.erb (Duration: 0.2ms | GC: 0.0ms)
  Rendered layout layouts/application.html.erb (Duration: 5.0ms | GC: 0.0ms)
Completed 200 OK in 14ms (Views: 4.9ms | ActiveRecord: 4.3ms (2 queries, 0 cached) | GC: 0.8ms)


Started POST "/tasks" for ::1 at 2026-08-31 12:12:55 +0500
Processing by TasksController#create as TURBO_STREAM
  Parameters: {"authenticity_token" => "[FILTERED]", "task" => {"tittle" => "", "description" => "test task ", "status" => "in-progress", "priority" => "high", "user_id" => "1"}, "commit" => "Create Task"}
  [1m[36mTRANSACTION (0.3ms)[0m  [1m[35mBEGIN /*action='create',application='TaskManagementApp',controller='tasks'*/[0m
  ↳ app/controllers/tasks_controller.rb:35:in 'TasksController#create'
  [1m[36mUser Load (2.3ms)[0m  [1m[34mSELECT "users".* FROM "users" WHERE "users"."id" = 1 LIMIT 1 /*action='create',application='TaskManagementApp',controller='tasks'*/[0m
  ↳ app/controllers/tasks_controller.rb:35:in 'TasksController#create'
  [1m[36mTRANSACTION (0.2ms)[0m  [1m[31mROLLBACK /*action='create',application='TaskManagementApp',controller='tasks'*/[0m
  ↳ app/controllers/tasks_controller.rb:35:in 'TasksController#create'
  Rendering layout layouts/application.html.erb
  Rendering tasks/new.html.erb within layouts/application
  [1m[36mUser Load (0.4ms)[0m  [1m[34mSELECT "users".* FROM "users" /*action='create',application='TaskManagementApp',controller='tasks'*/[0m
  ↳ app/views/tasks/new.html.erb:21
  Rendered tasks/new.html.erb within layouts/application (Duration: 3.8ms | GC: 0.0ms)
  Rendered shared/_navbar.html.erb (Duration: 0.2ms | GC: 0.0ms)
  Rendered layout layouts/application.html.erb (Duration: 5.3ms | GC: 0.5ms)
Completed 200 OK in 14ms (Views: 5.4ms | ActiveRecord: 3.1ms (2 queries, 0 cached) | GC: 1.2ms)


Started POST "/tasks" for ::1 at 2026-08-31 12:12:55 +0500
Processing by TasksController#create as TURBO_STREAM
  Parameters: {"authenticity_token" => "[FILTERED]", "task" => {"tittle" => "", "description" => "test task ", "status" => "in-progress", "priority" => "high", "user_id" => "1"}, "commit" => "Create Task"}
  [1m[36mTRANSACTION (0.2ms)[0m  [1m[35mBEGIN /*action='create',application='TaskManagementApp',controller='tasks'*/[0m
  ↳ app/controllers/tasks_controller.rb:35:in 'TasksController#create'
  [1m[36mUser Load (2.3ms)[0m  [1m[34mSELECT "users".* FROM "users" WHERE "users"."id" = 1 LIMIT 1 /*action='create',application='TaskManagementApp',controller='tasks'*/[0m
  ↳ app/controllers/tasks_controller.rb:35:in 'TasksController#create'
  [1m[36mTRANSACTION (0.3ms)[0m  [1m[31mROLLBACK /*action='create',application='TaskManagementApp',controller='tasks'*/[0m
  ↳ app/controllers/tasks_controller.rb:35:in 'TasksController#create'
  Rendering layout layouts/application.html.erb
  Rendering tasks/new.html.erb within layouts/application
  [1m[36mUser Load (0.3ms)[0m  [1m[34mSELECT "users".* FROM "users" /*action='create',application='TaskManagementApp',controller='tasks'*/[0m
  ↳ app/views/tasks/new.html.erb:21
  Rendered tasks/new.html.erb within layouts/application (Duration: 3.3ms | GC: 0.0ms)
  Rendered shared/_navbar.html.erb (Duration: 0.2ms | GC: 0.0ms)
  Rendered layout layouts/application.html.erb (Duration: 5.1ms | GC: 0.5ms)
Completed 200 OK in 14ms (Views: 5.3ms | ActiveRecord: 3.0ms (2 queries, 0 cached) | GC: 0.5ms)


Started POST "/tasks" for ::1 at 2026-08-31 12:12:56 +0500
Processing by TasksController#create as TURBO_STREAM
  Parameters: {"authenticity_token" => "[FILTERED]", "task" => {"tittle" => "", "description" => "test task ", "status" => "in-progress", "priority" => "high", "user_id" => "1"}, "commit" => "Create Task"}
  [1m[36mTRANSACTION (0.2ms)[0m  [1m[35mBEGIN /*action='create',application='TaskManagementApp',controller='tasks'*/[0m
  ↳ app/controllers/tasks_controller.rb:35:in 'TasksController#create'
  [1m[36mUser Load (2.0ms)[0m  [1m[34mSELECT "users".* FROM "users" WHERE "users"."id" = 1 LIMIT 1 /*action='create',application='TaskManagementApp',controller='tasks'*/[0m
  ↳ app/controllers/tasks_controller.rb:35:in 'TasksController#create'
  [1m[36mTRANSACTION (0.2ms)[0m  [1m[31mROLLBACK /*action='create',application='TaskManagementApp',controller='tasks'*/[0m
  ↳ app/controllers/tasks_controller.rb:35:in 'TasksController#create'
  Rendering layout layouts/application.html.erb
  Rendering tasks/new.html.erb within layouts/application
  [1m[36mUser Load (0.3ms)[0m  [1m[34mSELECT "users".* FROM "users" /*action='create',application='TaskManagementApp',controller='tasks'*/[0m
  ↳ app/views/tasks/new.html.erb:21
  Rendered tasks/new.html.erb within layouts/application (Duration: 3.4ms | GC: 0.0ms)
  Rendered shared/_navbar.html.erb (Duration: 0.2ms | GC: 0.0ms)
  Rendered layout layouts/application.html.erb (Duration: 4.8ms | GC: 0.5ms)
Completed 200 OK in 13ms (Views: 5.1ms | ActiveRecord: 2.8ms (2 queries, 0 cached) | GC: 0.5ms)


Started POST "/tasks" for ::1 at 2026-08-31 12:12:56 +0500
Processing by TasksController#create as TURBO_STREAM
  Parameters: {"authenticity_token" => "[FILTERED]", "task" => {"tittle" => "", "description" => "test task ", "status" => "in-progress", "priority" => "high", "user_id" => "1"}, "commit" => "Create Task"}
  [1m[36mTRANSACTION (0.3ms)[0m  [1m[35mBEGIN /*action='create',application='TaskManagementApp',controller='tasks'*/[0m
  ↳ app/controllers/tasks_controller.rb:35:in 'TasksController#create'
  [1m[36mUser Load (2.7ms)[0m  [1m[34mSELECT "users".* FROM "users" WHERE "users"."id" = 1 LIMIT 1 /*action='create',application='TaskManagementApp',controller='tasks'*/[0m
  ↳ app/controllers/tasks_controller.rb:35:in 'TasksController#create'
  [1m[36mTRANSACTION (0.2ms)[0m  [1m[31mROLLBACK /*action='create',application='TaskManagementApp',controller='tasks'*/[0m
  ↳ app/controllers/tasks_controller.rb:35:in 'TasksController#create'
  Rendering layout layouts/application.html.erb
  Rendering tasks/new.html.erb within layouts/application
  [1m[36mUser Load (0.4ms)[0m  [1m[34mSELECT "users".* FROM "users" /*action='create',application='TaskManagementApp',controller='tasks'*/[0m
  ↳ app/views/tasks/new.html.erb:21
  Rendered tasks/new.html.erb within layouts/application (Duration: 4.3ms | GC: 0.0ms)
  Rendered shared/_navbar.html.erb (Duration: 0.2ms | GC: 0.0ms)
  Rendered layout layouts/application.html.erb (Duration: 5.7ms | GC: 0.5ms)
Completed 200 OK in 14ms (Views: 5.8ms | ActiveRecord: 3.6ms (2 queries, 0 cached) | GC: 0.5ms)


Started POST "/tasks" for ::1 at 2026-08-31 12:12:57 +0500
Processing by TasksController#create as TURBO_STREAM
  Parameters: {"authenticity_token" => "[FILTERED]", "task" => {"tittle" => "", "description" => "test task ", "status" => "in-progress", "priority" => "high", "user_id" => "1"}, "commit" => "Create Task"}
  [1m[36mTRANSACTION (0.2ms)[0m  [1m[35mBEGIN /*action='create',application='TaskManagementApp',controller='tasks'*/[0m
  ↳ app/controllers/tasks_controller.rb:35:in 'TasksController#create'
  [1m[36mUser Load (3.4ms)[0m  [1m[34mSELECT "users".* FROM "users" WHERE "users"."id" = 1 LIMIT 1 /*action='create',application='TaskManagementApp',controller='tasks'*/[0m
  ↳ app/controllers/tasks_controller.rb:35:in 'TasksController#create'
  [1m[36mTRANSACTION (0.2ms)[0m  [1m[31mROLLBACK /*action='create',application='TaskManagementApp',controller='tasks'*/[0m
  ↳ app/controllers/tasks_controller.rb:35:in 'TasksController#create'
  Rendering layout layouts/application.html.erb
  Rendering tasks/new.html.erb within layouts/application
  [1m[36mUser Load (0.4ms)[0m  [1m[34mSELECT "users".* FROM "users" /*action='create',application='TaskManagementApp',controller='tasks'*/[0m
  ↳ app/views/tasks/new.html.erb:21
  Rendered tasks/new.html.erb within layouts/application (Duration: 3.5ms | GC: 0.0ms)
  Rendered shared/_navbar.html.erb (Duration: 0.2ms | GC: 0.0ms)
  Rendered layout layouts/application.html.erb (Duration: 4.4ms | GC: 0.0ms)
Completed 200 OK in 16ms (Views: 4.6ms | ActiveRecord: 4.2ms (2 queries, 0 cached) | GC: 2.2ms)


Started POST "/tasks" for ::1 at 2026-08-31 12:12:58 +0500
Processing by TasksController#create as TURBO_STREAM
  Parameters: {"authenticity_token" => "[FILTERED]", "task" => {"tittle" => "", "description" => "test task ", "status" => "in-progress", "priority" => "high", "user_id" => "1"}, "commit" => "Create Task"}
  [1m[36mTRANSACTION (0.2ms)[0m  [1m[35mBEGIN /*action='create',application='TaskManagementApp',controller='tasks'*/[0m
  ↳ app/controllers/tasks_controller.rb:35:in 'TasksController#create'
  [1m[36mUser Load (3.0ms)[0m  [1m[34mSELECT "users".* FROM "users" WHERE "users"."id" = 1 LIMIT 1 /*action='create',application='TaskManagementApp',controller='tasks'*/[0m
  ↳ app/controllers/tasks_controller.rb:35:in 'TasksController#create'
  [1m[36mTRANSACTION (0.2ms)[0m  [1m[31mROLLBACK /*action='create',application='TaskManagementApp',controller='tasks'*/[0m
  ↳ app/controllers/tasks_controller.rb:35:in 'TasksController#create'
  Rendering layout layouts/application.html.erb
  Rendering tasks/new.html.erb within layouts/application
  [1m[36mUser Load (0.4ms)[0m  [1m[34mSELECT "users".* FROM "users" /*action='create',application='TaskManagementApp',controller='tasks'*/[0m
  ↳ app/views/tasks/new.html.erb:21
  Rendered tasks/new.html.erb within layouts/application (Duration: 4.0ms | GC: 0.0ms)
  Rendered shared/_navbar.html.erb (Duration: 0.2ms | GC: 0.0ms)
  Rendered layout layouts/application.html.erb (Duration: 5.1ms | GC: 0.0ms)
Completed 200 OK in 14ms (Views: 5.2ms | ActiveRecord: 3.8ms (2 queries, 0 cached) | GC: 0.0ms)


Started POST "/tasks" for ::1 at 2026-08-31 12:12:58 +0500
Processing by TasksController#create as TURBO_STREAM
  Parameters: {"authenticity_token" => "[FILTERED]", "task" => {"tittle" => "", "description" => "test task ", "status" => "in-progress", "priority" => "high", "user_id" => "1"}, "commit" => "Create Task"}
  [1m[36mTRANSACTION (0.2ms)[0m  [1m[35mBEGIN /*action='create',application='TaskManagementApp',controller='tasks'*/[0m
  ↳ app/controllers/tasks_controller.rb:35:in 'TasksController#create'
  [1m[36mUser Load (2.4ms)[0m  [1m[34mSELECT "users".* FROM "users" WHERE "users"."id" = 1 LIMIT 1 /*action='create',application='TaskManagementApp',controller='tasks'*/[0m
  ↳ app/controllers/tasks_controller.rb:35:in 'TasksController#create'
  [1m[36mTRANSACTION (0.2ms)[0m  [1m[31mROLLBACK /*action='create',application='TaskManagementApp',controller='tasks'*/[0m
  ↳ app/controllers/tasks_controller.rb:35:in 'TasksController#create'
  Rendering layout layouts/application.html.erb
  Rendering tasks/new.html.erb within layouts/application
  [1m[36mUser Load (0.3ms)[0m  [1m[34mSELECT "users".* FROM "users" /*action='create',application='TaskManagementApp',controller='tasks'*/[0m
  ↳ app/views/tasks/new.html.erb:21
  Rendered tasks/new.html.erb within layouts/application (Duration: 4.1ms | GC: 0.0ms)
  Rendered shared/_navbar.html.erb (Duration: 0.2ms | GC: 0.0ms)
  Rendered layout layouts/application.html.erb (Duration: 5.2ms | GC: 0.0ms)
Completed 200 OK in 13ms (Views: 5.4ms | ActiveRecord: 3.0ms (2 queries, 0 cached) | GC: 0.0ms)


Started POST "/tasks" for ::1 at 2026-08-31 12:12:58 +0500
Processing by TasksController#create as TURBO_STREAM
  Parameters: {"authenticity_token" => "[FILTERED]", "task" => {"tittle" => "", "description" => "test task ", "status" => "in-progress", "priority" => "high", "user_id" => "1"}, "commit" => "Create Task"}
  [1m[36mTRANSACTION (0.2ms)[0m  [1m[35mBEGIN /*action='create',application='TaskManagementApp',controller='tasks'*/[0m
  ↳ app/controllers/tasks_controller.rb:35:in 'TasksController#create'
  [1m[36mUser Load (2.4ms)[0m  [1m[34mSELECT "users".* FROM "users" WHERE "users"."id" = 1 LIMIT 1 /*action='create',application='TaskManagementApp',controller='tasks'*/[0m
  ↳ app/controllers/tasks_controller.rb:35:in 'TasksController#create'
  [1m[36mTRANSACTION (0.3ms)[0m  [1m[31mROLLBACK /*action='create',application='TaskManagementApp',controller='tasks'*/[0m
  ↳ app/controllers/tasks_controller.rb:35:in 'TasksController#create'
  Rendering layout layouts/application.html.erb
  Rendering tasks/new.html.erb within layouts/application
  [1m[36mUser Load (0.3ms)[0m  [1m[34mSELECT "users".* FROM "users" /*action='create',application='TaskManagementApp',controller='tasks'*/[0m
  ↳ app/views/tasks/new.html.erb:21
  Rendered tasks/new.html.erb within layouts/application (Duration: 3.2ms | GC: 0.0ms)
  Rendered shared/_navbar.html.erb (Duration: 0.2ms | GC: 0.0ms)
  Rendered layout layouts/application.html.erb (Duration: 4.6ms | GC: 0.0ms)
Completed 200 OK in 15ms (Views: 5.0ms | ActiveRecord: 3.2ms (2 queries, 0 cached) | GC: 0.0ms)


Started POST "/tasks" for ::1 at 2026-08-31 12:12:59 +0500
Processing by TasksController#create as TURBO_STREAM
  Parameters: {"authenticity_token" => "[FILTERED]", "task" => {"tittle" => "", "description" => "test task ", "status" => "in-progress", "priority" => "high", "user_id" => "1"}, "commit" => "Create Task"}
  [1m[36mTRANSACTION (0.2ms)[0m  [1m[35mBEGIN /*action='create',application='TaskManagementApp',controller='tasks'*/[0m
  ↳ app/controllers/tasks_controller.rb:35:in 'TasksController#create'
  [1m[36mUser Load (2.4ms)[0m  [1m[34mSELECT "users".* FROM "users" WHERE "users"."id" = 1 LIMIT 1 /*action='create',application='TaskManagementApp',controller='tasks'*/[0m
  ↳ app/controllers/tasks_controller.rb:35:in 'TasksController#create'
  [1m[36mTRANSACTION (0.2ms)[0m  [1m[31mROLLBACK /*action='create',application='TaskManagementApp',controller='tasks'*/[0m
  ↳ app/controllers/tasks_controller.rb:35:in 'TasksController#create'
  Rendering layout layouts/application.html.erb
  Rendering tasks/new.html.erb within layouts/application
  [1m[36mUser Load (0.4ms)[0m  [1m[34mSELECT "users".* FROM "users" /*action='create',application='TaskManagementApp',controller='tasks'*/[0m
  ↳ app/views/tasks/new.html.erb:21
  Rendered tasks/new.html.erb within layouts/application (Duration: 3.3ms | GC: 0.0ms)
  Rendered shared/_navbar.html.erb (Duration: 0.3ms | GC: 0.0ms)
  Rendered layout layouts/application.html.erb (Duration: 4.6ms | GC: 0.0ms)
Completed 200 OK in 13ms (Views: 4.9ms | ActiveRecord: 3.2ms (2 queries, 0 cached) | GC: 0.0ms)


Started POST "/tasks" for ::1 at 2026-08-31 12:12:59 +0500
Processing by TasksController#create as TURBO_STREAM
  Parameters: {"authenticity_token" => "[FILTERED]", "task" => {"tittle" => "", "description" => "test task ", "status" => "in-progress", "priority" => "high", "user_id" => "1"}, "commit" => "Create Task"}
  [1m[36mTRANSACTION (0.2ms)[0m  [1m[35mBEGIN /*action='create',application='TaskManagementApp',controller='tasks'*/[0m
  ↳ app/controllers/tasks_controller.rb:35:in 'TasksController#create'
  [1m[36mUser Load (2.5ms)[0m  [1m[34mSELECT "users".* FROM "users" WHERE "users"."id" = 1 LIMIT 1 /*action='create',application='TaskManagementApp',controller='tasks'*/[0m
  ↳ app/controllers/tasks_controller.rb:35:in 'TasksController#create'
  [1m[36mTRANSACTION (0.2ms)[0m  [1m[31mROLLBACK /*action='create',application='TaskManagementApp',controller='tasks'*/[0m
  ↳ app/controllers/tasks_controller.rb:35:in 'TasksController#create'
  Rendering layout layouts/application.html.erb
  Rendering tasks/new.html.erb within layouts/application
  [1m[36mUser Load (0.4ms)[0m  [1m[34mSELECT "users".* FROM "users" /*action='create',application='TaskManagementApp',controller='tasks'*/[0m
  ↳ app/views/tasks/new.html.erb:21
  Rendered tasks/new.html.erb within layouts/application (Duration: 3.7ms | GC: 0.0ms)
  Rendered shared/_navbar.html.erb (Duration: 0.2ms | GC: 0.0ms)
  Rendered layout layouts/application.html.erb (Duration: 4.7ms | GC: 0.0ms)
Completed 200 OK in 13ms (Views: 4.9ms | ActiveRecord: 3.3ms (2 queries, 0 cached) | GC: 0.0ms)


Started POST "/tasks" for ::1 at 2026-08-31 12:12:59 +0500
Processing by TasksController#create as TURBO_STREAM
  Parameters: {"authenticity_token" => "[FILTERED]", "task" => {"tittle" => "", "description" => "test task ", "status" => "in-progress", "priority" => "high", "user_id" => "1"}, "commit" => "Create Task"}
  [1m[36mTRANSACTION (0.3ms)[0m  [1m[35mBEGIN /*action='create',application='TaskManagementApp',controller='tasks'*/[0m
  ↳ app/controllers/tasks_controller.rb:35:in 'TasksController#create'
  [1m[36mUser Load (2.5ms)[0m  [1m[34mSELECT "users".* FROM "users" WHERE "users"."id" = 1 LIMIT 1 /*action='create',application='TaskManagementApp',controller='tasks'*/[0m
  ↳ app/controllers/tasks_controller.rb:35:in 'TasksController#create'
  [1m[36mTRANSACTION (0.3ms)[0m  [1m[31mROLLBACK /*action='create',application='TaskManagementApp',controller='tasks'*/[0m
  ↳ app/controllers/tasks_controller.rb:35:in 'TasksController#create'
  Rendering layout layouts/application.html.erb
  Rendering tasks/new.html.erb within layouts/application
  [1m[36mUser Load (0.3ms)[0m  [1m[34mSELECT "users".* FROM "users" /*action='create',application='TaskManagementApp',controller='tasks'*/[0m
  ↳ app/views/tasks/new.html.erb:21
  Rendered tasks/new.html.erb within layouts/application (Duration: 4.0ms | GC: 0.0ms)
  Rendered shared/_navbar.html.erb (Duration: 0.2ms | GC: 0.0ms)
  Rendered layout layouts/application.html.erb (Duration: 5.3ms | GC: 0.0ms)
Completed 200 OK in 33ms (Views: 5.6ms | ActiveRecord: 3.3ms (2 queries, 0 cached) | GC: 18.3ms)


Started POST "/tasks" for ::1 at 2026-08-31 12:13:40 +0500
Processing by TasksController#create as TURBO_STREAM
  Parameters: {"authenticity_token" => "[FILTERED]", "task" => {"tittle" => "", "description" => "test task ", "status" => "in-progress", "priority" => "high", "user_id" => "1"}, "commit" => "Create Task"}
  [1m[36mTRANSACTION (0.2ms)[0m  [1m[35mBEGIN /*action='create',application='TaskManagementApp',controller='tasks'*/[0m
  ↳ app/controllers/tasks_controller.rb:35:in 'TasksController#create'
  [1m[36mUser Load (3.8ms)[0m  [1m[34mSELECT "users".* FROM "users" WHERE "users"."id" = 1 LIMIT 1 /*action='create',application='TaskManagementApp',controller='tasks'*/[0m
  ↳ app/controllers/tasks_controller.rb:35:in 'TasksController#create'
  [1m[36mTRANSACTION (0.4ms)[0m  [1m[31mROLLBACK /*action='create',application='TaskManagementApp',controller='tasks'*/[0m
  ↳ app/controllers/tasks_controller.rb:35:in 'TasksController#create'
  Rendering layout layouts/application.html.erb
  Rendering tasks/new.html.erb within layouts/application
  [1m[36mUser Load (0.4ms)[0m  [1m[34mSELECT "users".* FROM "users" /*action='create',application='TaskManagementApp',controller='tasks'*/[0m
  ↳ app/views/tasks/new.html.erb:21
  Rendered tasks/new.html.erb within layouts/application (Duration: 6.5ms | GC: 1.1ms)
  Rendered shared/_navbar.html.erb (Duration: 0.2ms | GC: 0.0ms)
  Rendered layout layouts/application.html.erb (Duration: 8.2ms | GC: 1.1ms)
Completed 200 OK in 21ms (Views: 9.5ms | ActiveRecord: 4.8ms (2 queries, 0 cached) | GC: 1.1ms)


Started POST "/tasks" for ::1 at 2026-08-31 12:13:40 +0500
Processing by TasksController#create as TURBO_STREAM
  Parameters: {"authenticity_token" => "[FILTERED]", "task" => {"tittle" => "", "description" => "test task ", "status" => "in-progress", "priority" => "high", "user_id" => "1"}, "commit" => "Create Task"}
  [1m[36mTRANSACTION (0.5ms)[0m  [1m[35mBEGIN /*action='create',application='TaskManagementApp',controller='tasks'*/[0m
  ↳ app/controllers/tasks_controller.rb:35:in 'TasksController#create'
  [1m[36mUser Load (4.2ms)[0m  [1m[34mSELECT "users".* FROM "users" WHERE "users"."id" = 1 LIMIT 1 /*action='create',application='TaskManagementApp',controller='tasks'*/[0m
  ↳ app/controllers/tasks_controller.rb:35:in 'TasksController#create'
  [1m[36mTRANSACTION (0.2ms)[0m  [1m[31mROLLBACK /*action='create',application='TaskManagementApp',controller='tasks'*/[0m
  ↳ app/controllers/tasks_controller.rb:35:in 'TasksController#create'
  Rendering layout layouts/application.html.erb
  Rendering tasks/new.html.erb within layouts/application
  [1m[36mUser Load (0.5ms)[0m  [1m[34mSELECT "users".* FROM "users" /*action='create',application='TaskManagementApp',controller='tasks'*/[0m
  ↳ app/views/tasks/new.html.erb:21
  Rendered tasks/new.html.erb within layouts/application (Duration: 4.1ms | GC: 0.0ms)
  Rendered shared/_navbar.html.erb (Duration: 0.2ms | GC: 0.0ms)
  Rendered layout layouts/application.html.erb (Duration: 5.1ms | GC: 0.0ms)
Completed 200 OK in 15ms (Views: 5.1ms | ActiveRecord: 5.2ms (2 queries, 0 cached) | GC: 1.4ms)


Started POST "/tasks" for ::1 at 2026-08-31 12:13:41 +0500
Processing by TasksController#create as TURBO_STREAM
  Parameters: {"authenticity_token" => "[FILTERED]", "task" => {"tittle" => "", "description" => "test task ", "status" => "in-progress", "priority" => "high", "user_id" => "1"}, "commit" => "Create Task"}
  [1m[36mTRANSACTION (0.3ms)[0m  [1m[35mBEGIN /*action='create',application='TaskManagementApp',controller='tasks'*/[0m
  ↳ app/controllers/tasks_controller.rb:35:in 'TasksController#create'
  [1m[36mUser Load (2.2ms)[0m  [1m[34mSELECT "users".* FROM "users" WHERE "users"."id" = 1 LIMIT 1 /*action='create',application='TaskManagementApp',controller='tasks'*/[0m
  ↳ app/controllers/tasks_controller.rb:35:in 'TasksController#create'
  [1m[36mTRANSACTION (0.2ms)[0m  [1m[31mROLLBACK /*action='create',application='TaskManagementApp',controller='tasks'*/[0m
  ↳ app/controllers/tasks_controller.rb:35:in 'TasksController#create'
  Rendering layout layouts/application.html.erb
  Rendering tasks/new.html.erb within layouts/application
  [1m[36mUser Load (0.4ms)[0m  [1m[34mSELECT "users".* FROM "users" /*action='create',application='TaskManagementApp',controller='tasks'*/[0m
  ↳ app/views/tasks/new.html.erb:21
  Rendered tasks/new.html.erb within layouts/application (Duration: 5.2ms | GC: 1.6ms)
  Rendered shared/_navbar.html.erb (Duration: 0.2ms | GC: 0.0ms)
  Rendered layout layouts/application.html.erb (Duration: 6.2ms | GC: 1.6ms)
Completed 200 OK in 14ms (Views: 6.3ms | ActiveRecord: 3.0ms (2 queries, 0 cached) | GC: 1.6ms)


Started POST "/tasks" for ::1 at 2026-08-31 12:13:41 +0500
Processing by TasksController#create as TURBO_STREAM
  Parameters: {"authenticity_token" => "[FILTERED]", "task" => {"tittle" => "", "description" => "test task ", "status" => "in-progress", "priority" => "high", "user_id" => "1"}, "commit" => "Create Task"}
  [1m[36mTRANSACTION (0.3ms)[0m  [1m[35mBEGIN /*action='create',application='TaskManagementApp',controller='tasks'*/[0m
  ↳ app/controllers/tasks_controller.rb:35:in 'TasksController#create'
  [1m[36mUser Load (2.9ms)[0m  [1m[34mSELECT "users".* FROM "users" WHERE "users"."id" = 1 LIMIT 1 /*action='create',application='TaskManagementApp',controller='tasks'*/[0m
  ↳ app/controllers/tasks_controller.rb:35:in 'TasksController#create'
  [1m[36mTRANSACTION (0.2ms)[0m  [1m[31mROLLBACK /*action='create',application='TaskManagementApp',controller='tasks'*/[0m
  ↳ app/controllers/tasks_controller.rb:35:in 'TasksController#create'
  Rendering layout layouts/application.html.erb
  Rendering tasks/new.html.erb within layouts/application
  [1m[36mUser Load (0.4ms)[0m  [1m[34mSELECT "users".* FROM "users" /*action='create',application='TaskManagementApp',controller='tasks'*/[0m
  ↳ app/views/tasks/new.html.erb:21
  Rendered tasks/new.html.erb within layouts/application (Duration: 3.4ms | GC: 0.0ms)
  Rendered shared/_navbar.html.erb (Duration: 0.2ms | GC: 0.0ms)
  Rendered layout layouts/application.html.erb (Duration: 4.4ms | GC: 0.0ms)
Completed 200 OK in 15ms (Views: 4.7ms | ActiveRecord: 3.7ms (2 queries, 0 cached) | GC: 1.3ms)


Started POST "/tasks" for ::1 at 2026-08-31 12:13:41 +0500
Processing by TasksController#create as TURBO_STREAM
  Parameters: {"authenticity_token" => "[FILTERED]", "task" => {"tittle" => "", "description" => "test task ", "status" => "in-progress", "priority" => "high", "user_id" => "1"}, "commit" => "Create Task"}
  [1m[36mTRANSACTION (0.3ms)[0m  [1m[35mBEGIN /*action='create',application='TaskManagementApp',controller='tasks'*/[0m
  ↳ app/controllers/tasks_controller.rb:35:in 'TasksController#create'
  [1m[36mUser Load (3.2ms)[0m  [1m[34mSELECT "users".* FROM "users" WHERE "users"."id" = 1 LIMIT 1 /*action='create',application='TaskManagementApp',controller='tasks'*/[0m
  ↳ app/controllers/tasks_controller.rb:35:in 'TasksController#create'
  [1m[36mTRANSACTION (0.3ms)[0m  [1m[31mROLLBACK /*action='create',application='TaskManagementApp',controller='tasks'*/[0m
  ↳ app/controllers/tasks_controller.rb:35:in 'TasksController#create'
  Rendering layout layouts/application.html.erb
  Rendering tasks/new.html.erb within layouts/application
  [1m[36mUser Load (0.4ms)[0m  [1m[34mSELECT "users".* FROM "users" /*action='create',application='TaskManagementApp',controller='tasks'*/[0m
  ↳ app/views/tasks/new.html.erb:21
  Rendered tasks/new.html.erb within layouts/application (Duration: 3.9ms | GC: 0.0ms)
  Rendered shared/_navbar.html.erb (Duration: 0.2ms | GC: 0.0ms)
  Rendered layout layouts/application.html.erb (Duration: 5.5ms | GC: 0.0ms)
Completed 200 OK in 16ms (Views: 5.7ms | ActiveRecord: 4.1ms (2 queries, 0 cached) | GC: 1.0ms)


Started POST "/tasks" for ::1 at 2026-08-31 12:13:41 +0500
Processing by TasksController#create as TURBO_STREAM
  Parameters: {"authenticity_token" => "[FILTERED]", "task" => {"tittle" => "", "description" => "test task ", "status" => "in-progress", "priority" => "high", "user_id" => "1"}, "commit" => "Create Task"}
  [1m[36mTRANSACTION (0.3ms)[0m  [1m[35mBEGIN /*action='create',application='TaskManagementApp',controller='tasks'*/[0m
  ↳ app/controllers/tasks_controller.rb:35:in 'TasksController#create'
  [1m[36mUser Load (3.0ms)[0m  [1m[34mSELECT "users".* FROM "users" WHERE "users"."id" = 1 LIMIT 1 /*action='create',application='TaskManagementApp',controller='tasks'*/[0m
  ↳ app/controllers/tasks_controller.rb:35:in 'TasksController#create'
  [1m[36mTRANSACTION (0.2ms)[0m  [1m[31mROLLBACK /*action='create',application='TaskManagementApp',controller='tasks'*/[0m
  ↳ app/controllers/tasks_controller.rb:35:in 'TasksController#create'
  Rendering layout layouts/application.html.erb
  Rendering tasks/new.html.erb within layouts/application
  [1m[36mUser Load (0.3ms)[0m  [1m[34mSELECT "users".* FROM "users" /*action='create',application='TaskManagementApp',controller='tasks'*/[0m
  ↳ app/views/tasks/new.html.erb:21
  Rendered tasks/new.html.erb within layouts/application (Duration: 4.2ms | GC: 0.0ms)
  Rendered shared/_navbar.html.erb (Duration: 0.2ms | GC: 0.0ms)
  Rendered layout layouts/application.html.erb (Duration: 6.2ms | GC: 0.5ms)
Completed 200 OK in 17ms (Views: 6.5ms | ActiveRecord: 3.9ms (2 queries, 0 cached) | GC: 1.0ms)


Started POST "/tasks" for ::1 at 2026-08-31 12:13:42 +0500
Processing by TasksController#create as TURBO_STREAM
  Parameters: {"authenticity_token" => "[FILTERED]", "task" => {"tittle" => "", "description" => "test task ", "status" => "in-progress", "priority" => "high", "user_id" => "1"}, "commit" => "Create Task"}
  [1m[36mTRANSACTION (0.2ms)[0m  [1m[35mBEGIN /*action='create',application='TaskManagementApp',controller='tasks'*/[0m
  ↳ app/controllers/tasks_controller.rb:35:in 'TasksController#create'
  [1m[36mUser Load (2.3ms)[0m  [1m[34mSELECT "users".* FROM "users" WHERE "users"."id" = 1 LIMIT 1 /*action='create',application='TaskManagementApp',controller='tasks'*/[0m
  ↳ app/controllers/tasks_controller.rb:35:in 'TasksController#create'
  [1m[36mTRANSACTION (0.3ms)[0m  [1m[31mROLLBACK /*action='create',application='TaskManagementApp',controller='tasks'*/[0m
  ↳ app/controllers/tasks_controller.rb:35:in 'TasksController#create'
  Rendering layout layouts/application.html.erb
  Rendering tasks/new.html.erb within layouts/application
  [1m[36mUser Load (0.3ms)[0m  [1m[34mSELECT "users".* FROM "users" /*action='create',application='TaskManagementApp',controller='tasks'*/[0m
  ↳ app/views/tasks/new.html.erb:21
  Rendered tasks/new.html.erb within layouts/application (Duration: 3.2ms | GC: 0.0ms)
  Rendered shared/_navbar.html.erb (Duration: 0.2ms | GC: 0.0ms)
  Rendered layout layouts/application.html.erb (Duration: 5.1ms | GC: 0.5ms)
Completed 200 OK in 14ms (Views: 5.4ms | ActiveRecord: 3.1ms (2 queries, 0 cached) | GC: 0.5ms)


Started POST "/tasks" for ::1 at 2026-08-31 12:13:42 +0500
Processing by TasksController#create as TURBO_STREAM
  Parameters: {"authenticity_token" => "[FILTERED]", "task" => {"tittle" => "", "description" => "test task ", "status" => "in-progress", "priority" => "high", "user_id" => "1"}, "commit" => "Create Task"}
  [1m[36mTRANSACTION (0.4ms)[0m  [1m[35mBEGIN /*action='create',application='TaskManagementApp',controller='tasks'*/[0m
  ↳ app/controllers/tasks_controller.rb:35:in 'TasksController#create'
  [1m[36mUser Load (2.5ms)[0m  [1m[34mSELECT "users".* FROM "users" WHERE "users"."id" = 1 LIMIT 1 /*action='create',application='TaskManagementApp',controller='tasks'*/[0m
  ↳ app/controllers/tasks_controller.rb:35:in 'TasksController#create'
  [1m[36mTRANSACTION (0.2ms)[0m  [1m[31mROLLBACK /*action='create',application='TaskManagementApp',controller='tasks'*/[0m
  ↳ app/controllers/tasks_controller.rb:35:in 'TasksController#create'
  Rendering layout layouts/application.html.erb
  Rendering tasks/new.html.erb within layouts/application
  [1m[36mUser Load (0.3ms)[0m  [1m[34mSELECT "users".* FROM "users" /*action='create',application='TaskManagementApp',controller='tasks'*/[0m
  ↳ app/views/tasks/new.html.erb:21
  Rendered tasks/new.html.erb within layouts/application (Duration: 4.1ms | GC: 0.0ms)
  Rendered shared/_navbar.html.erb (Duration: 0.2ms | GC: 0.0ms)
  Rendered layout layouts/application.html.erb (Duration: 5.5ms | GC: 0.4ms)
Completed 200 OK in 14ms (Views: 5.7ms | ActiveRecord: 3.4ms (2 queries, 0 cached) | GC: 0.4ms)


Started GET "/tasks/new" for ::1 at 2026-08-31 12:20:49 +0500
Processing by TasksController#new as HTML
  Rendering layout layouts/application.html.erb
  Rendering tasks/new.html.erb within layouts/application
  [1m[36mUser Load (61.1ms)[0m  [1m[34mSELECT "users".* FROM "users" /*action='new',application='TaskManagementApp',controller='tasks'*/[0m
  ↳ app/views/tasks/new.html.erb:21
  Rendered tasks/new.html.erb within layouts/application (Duration: 84.4ms | GC: 18.2ms)
  Rendered shared/_navbar.html.erb (Duration: 1.3ms | GC: 0.6ms)
  Rendered layout layouts/application.html.erb (Duration: 105.8ms | GC: 26.1ms)
Completed 200 OK in 139ms (Views: 42.4ms | ActiveRecord: 68.4ms (1 query, 0 cached) | GC: 38.5ms)


Using vips to process variants requires the libvips library. Please install libvips using the instructions on the libvips website.
Using vips to process variants requires the libvips library. Please install libvips using the instructions on the libvips website.
Started GET "/tasks/new" for 127.0.0.1 at 2026-08-31 12:31:13 +0500
  [1m[36mActiveRecord::SchemaMigration Load (0.9ms)[0m  [1m[34mSELECT "schema_migrations"."version" FROM "schema_migrations" ORDER BY "schema_migrations"."version" ASC /*application='TaskManagementApp'*/[0m
Processing by TasksController#new as HTML
  Rendering layout layouts/application.html.erb
  Rendering tasks/new.html.erb within layouts/application
  [1m[36mUser Load (0.6ms)[0m  [1m[34mSELECT "users".* FROM "users" /*action='new',application='TaskManagementApp',controller='tasks'*/[0m
  ↳ app/views/tasks/new.html.erb:31
  Rendered tasks/new.html.erb within layouts/application (Duration: 39.1ms | GC: 0.0ms)
  Rendered shared/_navbar.html.erb (Duration: 0.6ms | GC: 0.0ms)
  Rendered layout layouts/application.html.erb (Duration: 57.5ms | GC: 0.0ms)
Completed 200 OK in 173ms (Views: 68.0ms | ActiveRecord: 13.8ms (1 query, 0 cached) | GC: 0.0ms)


Started POST "/tasks" for 127.0.0.1 at 2026-08-31 12:31:23 +0500
Processing by TasksController#create as TURBO_STREAM
  Parameters: {"authenticity_token" => "[FILTERED]", "task" => {"tittle" => "", "description" => "this is testong", "status" => "in-progress", "priority" => "high", "user_id" => "1"}, "commit" => "Create Task"}
  [1m[36mTRANSACTION (0.2ms)[0m  [1m[35mBEGIN /*action='create',application='TaskManagementApp',controller='tasks'*/[0m
  ↳ app/controllers/tasks_controller.rb:35:in 'TasksController#create'
  [1m[36mUser Load (2.1ms)[0m  [1m[34mSELECT "users".* FROM "users" WHERE "users"."id" = 1 LIMIT 1 /*action='create',application='TaskManagementApp',controller='tasks'*/[0m
  ↳ app/controllers/tasks_controller.rb:35:in 'TasksController#create'
  [1m[36mTRANSACTION (0.2ms)[0m  [1m[31mROLLBACK /*action='create',application='TaskManagementApp',controller='tasks'*/[0m
  ↳ app/controllers/tasks_controller.rb:35:in 'TasksController#create'
  Rendering layout layouts/application.html.erb
  Rendering tasks/new.html.erb within layouts/application
  [1m[36mUser Load (0.4ms)[0m  [1m[34mSELECT "users".* FROM "users" /*action='create',application='TaskManagementApp',controller='tasks'*/[0m
  ↳ app/views/tasks/new.html.erb:31
  Rendered tasks/new.html.erb within layouts/application (Duration: 4.7ms | GC: 0.0ms)
  Rendered shared/_navbar.html.erb (Duration: 0.2ms | GC: 0.0ms)
  Rendered layout layouts/application.html.erb (Duration: 6.0ms | GC: 0.0ms)
Completed 200 OK in 29ms (Views: 6.3ms | ActiveRecord: 2.9ms (2 queries, 0 cached) | GC: 0.0ms)


Started POST "/tasks" for 127.0.0.1 at 2026-08-31 12:31:25 +0500
Processing by TasksController#create as TURBO_STREAM
  Parameters: {"authenticity_token" => "[FILTERED]", "task" => {"tittle" => "", "description" => "this is testong", "status" => "in-progress", "priority" => "high", "user_id" => "1"}, "commit" => "Create Task"}
  [1m[36mTRANSACTION (0.5ms)[0m  [1m[35mBEGIN /*action='create',application='TaskManagementApp',controller='tasks'*/[0m
  ↳ app/controllers/tasks_controller.rb:35:in 'TasksController#create'
  [1m[36mUser Load (3.6ms)[0m  [1m[34mSELECT "users".* FROM "users" WHERE "users"."id" = 1 LIMIT 1 /*action='create',application='TaskManagementApp',controller='tasks'*/[0m
  ↳ app/controllers/tasks_controller.rb:35:in 'TasksController#create'
  [1m[36mTRANSACTION (0.4ms)[0m  [1m[31mROLLBACK /*action='create',application='TaskManagementApp',controller='tasks'*/[0m
  ↳ app/controllers/tasks_controller.rb:35:in 'TasksController#create'
  Rendering layout layouts/application.html.erb
  Rendering tasks/new.html.erb within layouts/application
  [1m[36mUser Load (7.5ms)[0m  [1m[34mSELECT "users".* FROM "users" /*action='create',application='TaskManagementApp',controller='tasks'*/[0m
  ↳ app/views/tasks/new.html.erb:31
  Rendered tasks/new.html.erb within layouts/application (Duration: 15.3ms | GC: 0.0ms)
  Rendered shared/_navbar.html.erb (Duration: 0.2ms | GC: 0.0ms)
  Rendered layout layouts/application.html.erb (Duration: 16.8ms | GC: 0.0ms)
Completed 200 OK in 31ms (Views: 10.2ms | ActiveRecord: 11.9ms (2 queries, 0 cached) | GC: 0.0ms)


Started POST "/tasks" for 127.0.0.1 at 2026-08-31 12:31:25 +0500
Processing by TasksController#create as TURBO_STREAM
  Parameters: {"authenticity_token" => "[FILTERED]", "task" => {"tittle" => "", "description" => "this is testong", "status" => "in-progress", "priority" => "high", "user_id" => "1"}, "commit" => "Create Task"}
  [1m[36mTRANSACTION (0.2ms)[0m  [1m[35mBEGIN /*action='create',application='TaskManagementApp',controller='tasks'*/[0m
  ↳ app/controllers/tasks_controller.rb:35:in 'TasksController#create'
  [1m[36mUser Load (2.5ms)[0m  [1m[34mSELECT "users".* FROM "users" WHERE "users"."id" = 1 LIMIT 1 /*action='create',application='TaskManagementApp',controller='tasks'*/[0m
  ↳ app/controllers/tasks_controller.rb:35:in 'TasksController#create'
  [1m[36mTRANSACTION (0.2ms)[0m  [1m[31mROLLBACK /*action='create',application='TaskManagementApp',controller='tasks'*/[0m
  ↳ app/controllers/tasks_controller.rb:35:in 'TasksController#create'
  Rendering layout layouts/application.html.erb
  Rendering tasks/new.html.erb within layouts/application
  [1m[36mUser Load (0.4ms)[0m  [1m[34mSELECT "users".* FROM "users" /*action='create',application='TaskManagementApp',controller='tasks'*/[0m
  ↳ app/views/tasks/new.html.erb:31
  Rendered tasks/new.html.erb within layouts/application (Duration: 4.6ms | GC: 0.0ms)
  Rendered shared/_navbar.html.erb (Duration: 0.2ms | GC: 0.0ms)
  Rendered layout layouts/application.html.erb (Duration: 5.9ms | GC: 0.0ms)
Completed 200 OK in 16ms (Views: 6.1ms | ActiveRecord: 3.3ms (2 queries, 0 cached) | GC: 0.0ms)


Started POST "/tasks" for 127.0.0.1 at 2026-08-31 12:31:26 +0500
Processing by TasksController#create as TURBO_STREAM
  Parameters: {"authenticity_token" => "[FILTERED]", "task" => {"tittle" => "", "description" => "this is testong", "status" => "in-progress", "priority" => "high", "user_id" => "1"}, "commit" => "Create Task"}
  [1m[36mTRANSACTION (8.0ms)[0m  [1m[35mBEGIN /*action='create',application='TaskManagementApp',controller='tasks'*/[0m
  ↳ app/controllers/tasks_controller.rb:35:in 'TasksController#create'
  [1m[36mUser Load (12.3ms)[0m  [1m[34mSELECT "users".* FROM "users" WHERE "users"."id" = 1 LIMIT 1 /*action='create',application='TaskManagementApp',controller='tasks'*/[0m
  ↳ app/controllers/tasks_controller.rb:35:in 'TasksController#create'
  [1m[36mTRANSACTION (0.3ms)[0m  [1m[31mROLLBACK /*action='create',application='TaskManagementApp',controller='tasks'*/[0m
  ↳ app/controllers/tasks_controller.rb:35:in 'TasksController#create'
  Rendering layout layouts/application.html.erb
  Rendering tasks/new.html.erb within layouts/application
  [1m[36mUser Load (0.5ms)[0m  [1m[34mSELECT "users".* FROM "users" /*action='create',application='TaskManagementApp',controller='tasks'*/[0m
  ↳ app/views/tasks/new.html.erb:31
  Rendered tasks/new.html.erb within layouts/application (Duration: 5.6ms | GC: 0.0ms)
  Rendered shared/_navbar.html.erb (Duration: 0.2ms | GC: 0.0ms)
  Rendered layout layouts/application.html.erb (Duration: 7.1ms | GC: 0.0ms)
Completed 200 OK in 29ms (Views: 7.6ms | ActiveRecord: 21.0ms (2 queries, 0 cached) | GC: 0.0ms)


Started GET "/" for 127.0.0.1 at 2026-08-31 12:31:47 +0500
Processing by HomeController#index as HTML
  Rendering layout layouts/application.html.erb
  Rendering home/index.html.erb within layouts/application
  Rendered home/index.html.erb within layouts/application (Duration: 0.6ms | GC: 0.0ms)
  Rendered shared/_navbar.html.erb (Duration: 0.2ms | GC: 0.0ms)
  Rendered layout layouts/application.html.erb (Duration: 2.6ms | GC: 0.0ms)
Completed 200 OK in 7ms (Views: 4.0ms | ActiveRecord: 0.0ms (0 queries, 0 cached) | GC: 0.0ms)


Started GET "/.well-known/appspecific/com.chrome.devtools.json" for 127.0.0.1 at 2026-08-31 12:31:51 +0500
  
ActionController::RoutingError (No route matches [GET] "/.well-known/appspecific/com.chrome.devtools.json"):
  
Started GET "/tasks/new" for 127.0.0.1 at 2026-08-31 12:31:56 +0500
Processing by TasksController#new as HTML
  Rendering layout layouts/application.html.erb
  Rendering tasks/new.html.erb within layouts/application
  [1m[36mUser Load (0.7ms)[0m  [1m[34mSELECT "users".* FROM "users" /*action='new',application='TaskManagementApp',controller='tasks'*/[0m
  ↳ app/views/tasks/new.html.erb:31
  Rendered tasks/new.html.erb within layouts/application (Duration: 5.5ms | GC: 0.0ms)
  Rendered shared/_navbar.html.erb (Duration: 0.2ms | GC: 0.0ms)
  Rendered layout layouts/application.html.erb (Duration: 7.0ms | GC: 0.0ms)
Completed 200 OK in 11ms (Views: 7.1ms | ActiveRecord: 0.7ms (1 query, 0 cached) | GC: 0.0ms)


Started GET "/tasks/new" for 127.0.0.1 at 2026-08-31 12:36:27 +0500
Processing by TasksController#new as HTML
  Rendering layout layouts/application.html.erb
  Rendering tasks/new.html.erb within layouts/application
  Rendered tasks/new.html.erb within layouts/application (Duration: 1.7ms | GC: 0.1ms)
  Rendered layout layouts/application.html.erb (Duration: 1.9ms | GC: 0.1ms)
Completed 500 Internal Server Error in 18ms (ActiveRecord: 2.6ms (0 queries, 0 cached) | GC: 0.2ms)


  
ActionView::Template::Error (undefined method 'error' for an instance of Task)
Caused by: NoMethodError (undefined method 'error' for an instance of Task)

Information for: ActionView::Template::Error (undefined method 'error' for an instance of Task):
    1: <%= form_with model: @task, class: "task-form" do |form| %>
    2:   <% if @task.error.any? %>
    3:     <div class="error-occur">
    4:       <h2><%= pluralize(@task.error.count, "errors") %>Unable to save this task: </h2>
    5:       <ul>
    6:         <% @task.error.full_messages.each do |msg| %>
  
app/views/tasks/new.html.erb:3
app/views/tasks/new.html.erb:2

Information for cause: NoMethodError (undefined method 'error' for an instance of Task):
  
app/views/tasks/new.html.erb:3
app/views/tasks/new.html.erb:2
Started GET "/favicon.ico" for 127.0.0.1 at 2026-08-31 12:36:28 +0500
  
ActionController::RoutingError (No route matches [GET] "/favicon.ico"):
  
Started GET "/tasks/new" for 127.0.0.1 at 2026-08-31 12:36:39 +0500
Processing by TasksController#new as HTML
  Rendering layout layouts/application.html.erb
  Rendering tasks/new.html.erb within layouts/application
  [1m[36mUser Load (0.4ms)[0m  [1m[34mSELECT "users".* FROM "users" /*action='new',application='TaskManagementApp',controller='tasks'*/[0m
  ↳ app/views/tasks/new.html.erb:31
  Rendered tasks/new.html.erb within layouts/application (Duration: 13.7ms | GC: 0.0ms)
  Rendered shared/_navbar.html.erb (Duration: 0.5ms | GC: 0.0ms)
  Rendered layout layouts/application.html.erb (Duration: 18.2ms | GC: 0.0ms)
Completed 200 OK in 32ms (Views: 17.8ms | ActiveRecord: 4.7ms (1 query, 0 cached) | GC: 0.0ms)


Started GET "/tasks/new" for 127.0.0.1 at 2026-08-31 12:38:38 +0500
Processing by TasksController#new as HTML
  Rendering layout layouts/application.html.erb
  Rendering tasks/new.html.erb within layouts/application
  [1m[36mUser Load (0.6ms)[0m  [1m[34mSELECT "users".* FROM "users" /*action='new',application='TaskManagementApp',controller='tasks'*/[0m
  ↳ app/views/tasks/new.html.erb:31
  Rendered tasks/new.html.erb within layouts/application (Duration: 15.5ms | GC: 1.1ms)
  Rendered shared/_navbar.html.erb (Duration: 0.7ms | GC: 0.0ms)
  Rendered layout layouts/application.html.erb (Duration: 20.6ms | GC: 1.7ms)
Completed 200 OK in 41ms (Views: 20.1ms | ActiveRecord: 5.6ms (1 query, 0 cached) | GC: 5.1ms)


Started POST "/tasks" for 127.0.0.1 at 2026-08-31 12:38:45 +0500
Processing by TasksController#create as TURBO_STREAM
  Parameters: {"authenticity_token" => "[FILTERED]", "task" => {"tittle" => "", "description" => "ffgfg", "status" => "in-progress", "priority" => "high", "user_id" => "1"}, "commit" => "Create Task"}
  [1m[36mTRANSACTION (0.3ms)[0m  [1m[35mBEGIN /*action='create',application='TaskManagementApp',controller='tasks'*/[0m
  ↳ app/controllers/tasks_controller.rb:35:in 'TasksController#create'
  [1m[36mUser Load (2.0ms)[0m  [1m[34mSELECT "users".* FROM "users" WHERE "users"."id" = 1 LIMIT 1 /*action='create',application='TaskManagementApp',controller='tasks'*/[0m
  ↳ app/controllers/tasks_controller.rb:35:in 'TasksController#create'
  [1m[36mTRANSACTION (0.3ms)[0m  [1m[31mROLLBACK /*action='create',application='TaskManagementApp',controller='tasks'*/[0m
  ↳ app/controllers/tasks_controller.rb:35:in 'TasksController#create'
  Rendering layout layouts/application.html.erb
  Rendering tasks/new.html.erb within layouts/application
  [1m[36mUser Load (0.4ms)[0m  [1m[34mSELECT "users".* FROM "users" /*action='create',application='TaskManagementApp',controller='tasks'*/[0m
  ↳ app/views/tasks/new.html.erb:31
  Rendered tasks/new.html.erb within layouts/application (Duration: 5.4ms | GC: 1.5ms)
  Rendered shared/_navbar.html.erb (Duration: 0.3ms | GC: 0.0ms)
  Rendered layout layouts/application.html.erb (Duration: 6.9ms | GC: 1.5ms)
Completed 422 Unprocessable Content in 19ms (Views: 7.1ms | ActiveRecord: 2.9ms (2 queries, 0 cached) | GC: 3.0ms)


Started GET "/tasks/new" for 127.0.0.1 at 2026-08-31 12:39:16 +0500
Processing by TasksController#new as HTML
  Rendering layout layouts/application.html.erb
  Rendering tasks/new.html.erb within layouts/application
  [1m[36mUser Load (0.5ms)[0m  [1m[34mSELECT "users".* FROM "users" /*action='new',application='TaskManagementApp',controller='tasks'*/[0m
  ↳ app/views/tasks/new.html.erb:31
  Rendered tasks/new.html.erb within layouts/application (Duration: 5.5ms | GC: 0.4ms)
  Rendered shared/_navbar.html.erb (Duration: 0.2ms | GC: 0.0ms)
  Rendered layout layouts/application.html.erb (Duration: 7.5ms | GC: 0.4ms)
Completed 200 OK in 12ms (Views: 8.0ms | ActiveRecord: 0.5ms (1 query, 0 cached) | GC: 0.4ms)


Started POST "/tasks" for 127.0.0.1 at 2026-08-31 12:39:22 +0500
Processing by TasksController#create as TURBO_STREAM
  Parameters: {"authenticity_token" => "[FILTERED]", "task" => {"tittle" => "task3", "description" => "", "status" => "in-progress", "priority" => "high", "user_id" => ""}, "commit" => "Create Task"}
  Rendering layout layouts/application.html.erb
  Rendering tasks/new.html.erb within layouts/application
  [1m[36mUser Load (0.4ms)[0m  [1m[34mSELECT "users".* FROM "users" /*action='create',application='TaskManagementApp',controller='tasks'*/[0m
  ↳ app/views/tasks/new.html.erb:31
  Rendered tasks/new.html.erb within layouts/application (Duration: 4.7ms | GC: 0.2ms)
  Rendered shared/_navbar.html.erb (Duration: 0.2ms | GC: 0.0ms)
  Rendered layout layouts/application.html.erb (Duration: 5.9ms | GC: 0.2ms)
Completed 422 Unprocessable Content in 9ms (Views: 6.0ms | ActiveRecord: 0.4ms (1 query, 0 cached) | GC: 0.2ms)


Started GET "/" for 127.0.0.1 at 2026-08-31 12:40:17 +0500
Processing by HomeController#index as HTML
  Rendering layout layouts/application.html.erb
  Rendering home/index.html.erb within layouts/application
  Rendered home/index.html.erb within layouts/application (Duration: 0.9ms | GC: 0.0ms)
  Rendered shared/_navbar.html.erb (Duration: 0.1ms | GC: 0.0ms)
  Rendered layout layouts/application.html.erb (Duration: 2.5ms | GC: 0.0ms)
Completed 200 OK in 6ms (Views: 4.2ms | ActiveRecord: 0.0ms (0 queries, 0 cached) | GC: 0.0ms)


Started GET "/tasks" for 127.0.0.1 at 2026-08-31 12:41:12 +0500
Processing by TasksController#index as HTML
  Rendering layout layouts/application.html.erb
  Rendering tasks/index.html.erb within layouts/application
  [1m[36mTask Exists? (0.7ms)[0m  [1m[34mSELECT 1 AS one FROM "tasks" LIMIT 1 /*action='index',application='TaskManagementApp',controller='tasks'*/[0m
  ↳ app/views/tasks/index.html.erb:6
  [1m[36mTask Load (0.3ms)[0m  [1m[34mSELECT "tasks".* FROM "tasks" /*action='index',application='TaskManagementApp',controller='tasks'*/[0m
  ↳ app/views/tasks/_task.html.erb:2
  [1m[36mUser Load (0.6ms)[0m  [1m[34mSELECT "users".* FROM "users" WHERE "users"."id" = 1 LIMIT 1 /*action='index',application='TaskManagementApp',controller='tasks'*/[0m
  ↳ app/views/tasks/_task.html.erb:38
  [1m[36mCACHE User Load (0.0ms)[0m  [1m[34mSELECT "users".* FROM "users" WHERE "users"."id" = 1 LIMIT 1[0m
  ↳ app/views/tasks/_task.html.erb:38
  Rendered tasks/_task.html.erb (Duration: 7.9ms | GC: 0.3ms)
  Rendered tasks/index.html.erb within layouts/application (Duration: 10.8ms | GC: 0.3ms)
  Rendered shared/_navbar.html.erb (Duration: 0.3ms | GC: 0.0ms)
  Rendered layout layouts/application.html.erb (Duration: 11.9ms | GC: 0.3ms)
Completed 200 OK in 20ms (Views: 10.9ms | ActiveRecord: 1.6ms (4 queries, 1 cached) | GC: 0.3ms)


Started GET "/tasks" for 127.0.0.1 at 2026-08-31 12:41:13 +0500
Processing by TasksController#index as HTML
  Rendering layout layouts/application.html.erb
  Rendering tasks/index.html.erb within layouts/application
  [1m[36mTask Exists? (0.4ms)[0m  [1m[34mSELECT 1 AS one FROM "tasks" LIMIT 1 /*action='index',application='TaskManagementApp',controller='tasks'*/[0m
  ↳ app/views/tasks/index.html.erb:6
  [1m[36mTask Load (0.5ms)[0m  [1m[34mSELECT "tasks".* FROM "tasks" /*action='index',application='TaskManagementApp',controller='tasks'*/[0m
  ↳ app/views/tasks/_task.html.erb:2
  [1m[36mUser Load (0.4ms)[0m  [1m[34mSELECT "users".* FROM "users" WHERE "users"."id" = 1 LIMIT 1 /*action='index',application='TaskManagementApp',controller='tasks'*/[0m
  ↳ app/views/tasks/_task.html.erb:38
  [1m[36mCACHE User Load (0.0ms)[0m  [1m[34mSELECT "users".* FROM "users" WHERE "users"."id" = 1 LIMIT 1[0m
  ↳ app/views/tasks/_task.html.erb:38
  Rendered tasks/_task.html.erb (Duration: 8.5ms | GC: 0.3ms)
  Rendered tasks/index.html.erb within layouts/application (Duration: 10.4ms | GC: 0.3ms)
  Rendered shared/_navbar.html.erb (Duration: 0.2ms | GC: 0.0ms)
  Rendered layout layouts/application.html.erb (Duration: 11.5ms | GC: 0.3ms)
Completed 200 OK in 14ms (Views: 10.7ms | ActiveRecord: 1.3ms (4 queries, 1 cached) | GC: 0.3ms)


Started GET "/" for 127.0.0.1 at 2026-08-31 12:41:15 +0500
Processing by HomeController#index as HTML
  Rendering layout layouts/application.html.erb
  Rendering home/index.html.erb within layouts/application
  Rendered home/index.html.erb within layouts/application (Duration: 0.2ms | GC: 0.0ms)
  Rendered shared/_navbar.html.erb (Duration: 0.1ms | GC: 0.0ms)
  Rendered layout layouts/application.html.erb (Duration: 1.4ms | GC: 0.0ms)
Completed 200 OK in 3ms (Views: 1.9ms | ActiveRecord: 0.0ms (0 queries, 0 cached) | GC: 0.0ms)


Started GET "/tasks" for 127.0.0.1 at 2026-08-31 12:42:01 +0500
Processing by TasksController#index as HTML
  Rendering layout layouts/application.html.erb
  Rendering tasks/index.html.erb within layouts/application
  [1m[36mTask Exists? (0.4ms)[0m  [1m[34mSELECT 1 AS one FROM "tasks" LIMIT 1 /*action='index',application='TaskManagementApp',controller='tasks'*/[0m
  ↳ app/views/tasks/index.html.erb:6
  [1m[36mTask Load (0.3ms)[0m  [1m[34mSELECT "tasks".* FROM "tasks" /*action='index',application='TaskManagementApp',controller='tasks'*/[0m
  ↳ app/views/tasks/_task.html.erb:2
  [1m[36mUser Load (0.4ms)[0m  [1m[34mSELECT "users".* FROM "users" WHERE "users"."id" = 1 LIMIT 1 /*action='index',application='TaskManagementApp',controller='tasks'*/[0m
  ↳ app/views/tasks/_task.html.erb:38
  [1m[36mCACHE User Load (0.0ms)[0m  [1m[34mSELECT "users".* FROM "users" WHERE "users"."id" = 1 LIMIT 1[0m
  ↳ app/views/tasks/_task.html.erb:38
  Rendered tasks/_task.html.erb (Duration: 9.2ms | GC: 0.0ms)
  Rendered tasks/index.html.erb within layouts/application (Duration: 11.4ms | GC: 0.0ms)
  Rendered shared/_navbar.html.erb (Duration: 0.5ms | GC: 0.0ms)
  Rendered layout layouts/application.html.erb (Duration: 13.9ms | GC: 0.0ms)
Completed 200 OK in 17ms (Views: 13.3ms | ActiveRecord: 1.2ms (4 queries, 1 cached) | GC: 0.0ms)


Started GET "/tasks" for 127.0.0.1 at 2026-08-31 12:42:05 +0500
Processing by TasksController#index as HTML
  Rendering layout layouts/application.html.erb
  Rendering tasks/index.html.erb within layouts/application
  [1m[36mTask Exists? (0.3ms)[0m  [1m[34mSELECT 1 AS one FROM "tasks" LIMIT 1 /*action='index',application='TaskManagementApp',controller='tasks'*/[0m
  ↳ app/views/tasks/index.html.erb:6
  [1m[36mTask Load (0.2ms)[0m  [1m[34mSELECT "tasks".* FROM "tasks" /*action='index',application='TaskManagementApp',controller='tasks'*/[0m
  ↳ app/views/tasks/_task.html.erb:2
  [1m[36mUser Load (0.3ms)[0m  [1m[34mSELECT "users".* FROM "users" WHERE "users"."id" = 1 LIMIT 1 /*action='index',application='TaskManagementApp',controller='tasks'*/[0m
  ↳ app/views/tasks/_task.html.erb:38
  [1m[36mCACHE User Load (0.0ms)[0m  [1m[34mSELECT "users".* FROM "users" WHERE "users"."id" = 1 LIMIT 1[0m
  ↳ app/views/tasks/_task.html.erb:38
  Rendered tasks/_task.html.erb (Duration: 6.9ms | GC: 0.0ms)
  Rendered tasks/index.html.erb within layouts/application (Duration: 8.4ms | GC: 0.0ms)
  Rendered shared/_navbar.html.erb (Duration: 0.2ms | GC: 0.0ms)
  Rendered layout layouts/application.html.erb (Duration: 9.5ms | GC: 0.0ms)
Completed 200 OK in 12ms (Views: 9.1ms | ActiveRecord: 0.9ms (4 queries, 1 cached) | GC: 0.0ms)


Started GET "/.well-known/appspecific/com.chrome.devtools.json" for 127.0.0.1 at 2026-08-31 12:43:37 +0500
  
ActionController::RoutingError (No route matches [GET] "/.well-known/appspecific/com.chrome.devtools.json"):
  
Using vips to process variants requires the libvips library. Please install libvips using the instructions on the libvips website.
Using vips to process variants requires the libvips library. Please install libvips using the instructions on the libvips website.
Using vips to process variants requires the libvips library. Please install libvips using the instructions on the libvips website.
Using vips to process variants requires the libvips library. Please install libvips using the instructions on the libvips website.
Started GET "/" for 127.0.0.1 at 2026-08-31 16:57:42 +0500
  [1m[36mActiveRecord::SchemaMigration Load (41.9ms)[0m  [1m[34mSELECT "schema_migrations"."version" FROM "schema_migrations" ORDER BY "schema_migrations"."version" ASC /*application='TaskManagementApp'*/[0m
Processing by HomeController#index as HTML
  Rendering layout layouts/application.html.erb
  Rendering home/index.html.erb within layouts/application
  Rendered home/index.html.erb within layouts/application (Duration: 1.0ms | GC: 0.0ms)
  Rendered shared/_navbar.html.erb (Duration: 0.7ms | GC: 0.0ms)
  Rendered layout layouts/application.html.erb (Duration: 78.7ms | GC: 23.9ms)
Completed 200 OK in 133ms (Views: 87.0ms | ActiveRecord: 0.0ms (0 queries, 0 cached) | GC: 24.7ms)


Started GET "/" for 127.0.0.1 at 2026-08-31 16:57:45 +0500
Processing by HomeController#index as HTML
  Rendering layout layouts/application.html.erb
  Rendering home/index.html.erb within layouts/application
  Rendered home/index.html.erb within layouts/application (Duration: 0.2ms | GC: 0.0ms)
  Rendered shared/_navbar.html.erb (Duration: 0.1ms | GC: 0.0ms)
  Rendered layout layouts/application.html.erb (Duration: 1.6ms | GC: 0.0ms)
Completed 200 OK in 4ms (Views: 2.1ms | ActiveRecord: 0.0ms (0 queries, 0 cached) | GC: 0.0ms)


Started GET "/" for 127.0.0.1 at 2026-08-31 16:59:58 +0500
Processing by HomeController#index as HTML
  Rendering layout layouts/application.html.erb
  Rendering home/index.html.erb within layouts/application
  Rendered home/index.html.erb within layouts/application (Duration: 0.6ms | GC: 0.0ms)
  Rendered shared/_navbar.html.erb (Duration: 1.2ms | GC: 0.6ms)
  Rendered layout layouts/application.html.erb (Duration: 8.4ms | GC: 3.2ms)
Completed 200 OK in 14ms (Views: 11.0ms | ActiveRecord: 0.0ms (0 queries, 0 cached) | GC: 3.2ms)


Started GET "/" for 127.0.0.1 at 2026-08-31 17:00:00 +0500
Processing by HomeController#index as HTML
  Rendering layout layouts/application.html.erb
  Rendering home/index.html.erb within layouts/application
  Rendered home/index.html.erb within layouts/application (Duration: 0.3ms | GC: 0.0ms)
  Rendered shared/_navbar.html.erb (Duration: 1.7ms | GC: 1.0ms)
  Rendered layout layouts/application.html.erb (Duration: 5.8ms | GC: 2.0ms)
Completed 200 OK in 11ms (Views: 7.7ms | ActiveRecord: 0.0ms (0 queries, 0 cached) | GC: 2.7ms)


Started GET "/" for 127.0.0.1 at 2026-08-31 17:00:50 +0500
Processing by HomeController#index as HTML
  Rendering layout layouts/application.html.erb
  Rendering home/index.html.erb within layouts/application
  Rendered home/index.html.erb within layouts/application (Duration: 0.6ms | GC: 0.0ms)
  Rendered shared/_navbar.html.erb (Duration: 0.6ms | GC: 0.0ms)
  Rendered layout layouts/application.html.erb (Duration: 5.6ms | GC: 0.5ms)
Completed 200 OK in 10ms (Views: 7.7ms | ActiveRecord: 0.0ms (0 queries, 0 cached) | GC: 0.5ms)


Started GET "/" for 127.0.0.1 at 2026-08-31 17:03:22 +0500
Processing by HomeController#index as HTML
  Rendering layout layouts/application.html.erb
  Rendering home/index.html.erb within layouts/application
  Rendered home/index.html.erb within layouts/application (Duration: 0.6ms | GC: 0.0ms)
  Rendered shared/_navbar.html.erb (Duration: 0.6ms | GC: 0.0ms)
  Rendered layout layouts/application.html.erb (Duration: 12.4ms | GC: 0.2ms)
Completed 200 OK in 18ms (Views: 15.8ms | ActiveRecord: 0.0ms (0 queries, 0 cached) | GC: 0.2ms)


Started GET "/" for 127.0.0.1 at 2026-08-31 17:03:32 +0500
Processing by HomeController#index as HTML
  Rendering layout layouts/application.html.erb
  Rendering home/index.html.erb within layouts/application
  Rendered home/index.html.erb within layouts/application (Duration: 0.2ms | GC: 0.0ms)
  Rendered shared/_navbar.html.erb (Duration: 0.2ms | GC: 0.0ms)
  Rendered layout layouts/application.html.erb (Duration: 2.0ms | GC: 0.0ms)
Completed 200 OK in 5ms (Views: 2.8ms | ActiveRecord: 0.0ms (0 queries, 0 cached) | GC: 0.0ms)


Started GET "/task-details" for 127.0.0.1 at 2026-08-31 17:03:33 +0500
Processing by TasksController#details as HTML
  Rendering layout layouts/application.html.erb
  Rendering tasks/details.html.erb within layouts/application
  Rendered tasks/details.html.erb within layouts/application (Duration: 2.7ms | GC: 0.0ms)
  Rendered shared/_navbar.html.erb (Duration: 0.2ms | GC: 0.0ms)
  Rendered layout layouts/application.html.erb (Duration: 4.4ms | GC: 0.0ms)
Completed 200 OK in 9ms (Views: 5.8ms | ActiveRecord: 0.0ms (0 queries, 0 cached) | GC: 0.0ms)


Started GET "/tasks" for 127.0.0.1 at 2026-08-31 17:03:33 +0500
Processing by TasksController#index as HTML
  Rendering layout layouts/application.html.erb
  Rendering tasks/index.html.erb within layouts/application
  [1m[36mTask Exists? (0.8ms)[0m  [1m[34mSELECT 1 AS one FROM "tasks" LIMIT 1 /*action='index',application='TaskManagementApp',controller='tasks'*/[0m
  ↳ app/views/tasks/index.html.erb:6
  [1m[36mTask Load (0.4ms)[0m  [1m[34mSELECT "tasks".* FROM "tasks" /*action='index',application='TaskManagementApp',controller='tasks'*/[0m
  ↳ app/views/tasks/_task.html.erb:2
  [1m[36mUser Load (0.7ms)[0m  [1m[34mSELECT "users".* FROM "users" WHERE "users"."id" = 1 LIMIT 1 /*action='index',application='TaskManagementApp',controller='tasks'*/[0m
  ↳ app/views/tasks/_task.html.erb:38
  [1m[36mCACHE User Load (0.0ms)[0m  [1m[34mSELECT "users".* FROM "users" WHERE "users"."id" = 1 LIMIT 1[0m
  ↳ app/views/tasks/_task.html.erb:38
  Rendered tasks/_task.html.erb (Duration: 39.7ms | GC: 0.8ms)
  Rendered tasks/index.html.erb within layouts/application (Duration: 112.3ms | GC: 0.9ms)
  Rendered shared/_navbar.html.erb (Duration: 0.2ms | GC: 0.0ms)
  Rendered layout layouts/application.html.erb (Duration: 113.8ms | GC: 0.9ms)
Completed 200 OK in 140ms (Views: 91.6ms | ActiveRecord: 22.8ms (4 queries, 1 cached) | GC: 1.1ms)


Started GET "/" for 127.0.0.1 at 2026-08-31 17:03:36 +0500
Processing by HomeController#index as HTML
  Rendering layout layouts/application.html.erb
  Rendering home/index.html.erb within layouts/application
  Rendered home/index.html.erb within layouts/application (Duration: 0.2ms | GC: 0.0ms)
  Rendered shared/_navbar.html.erb (Duration: 0.1ms | GC: 0.0ms)
  Rendered layout layouts/application.html.erb (Duration: 1.5ms | GC: 0.0ms)
Completed 200 OK in 4ms (Views: 2.0ms | ActiveRecord: 0.0ms (0 queries, 0 cached) | GC: 0.0ms)


Started GET "/" for 127.0.0.1 at 2026-08-31 17:03:37 +0500
Processing by HomeController#index as HTML
  Rendering layout layouts/application.html.erb
  Rendering home/index.html.erb within layouts/application
  Rendered home/index.html.erb within layouts/application (Duration: 0.2ms | GC: 0.0ms)
  Rendered shared/_navbar.html.erb (Duration: 0.1ms | GC: 0.0ms)
  Rendered layout layouts/application.html.erb (Duration: 1.6ms | GC: 0.0ms)
Completed 200 OK in 4ms (Views: 2.1ms | ActiveRecord: 0.0ms (0 queries, 0 cached) | GC: 0.0ms)


Started GET "/tasks" for 127.0.0.1 at 2026-08-31 17:03:38 +0500
Processing by TasksController#index as HTML
  Rendering layout layouts/application.html.erb
  Rendering tasks/index.html.erb within layouts/application
  [1m[36mTask Exists? (0.4ms)[0m  [1m[34mSELECT 1 AS one FROM "tasks" LIMIT 1 /*action='index',application='TaskManagementApp',controller='tasks'*/[0m
  ↳ app/views/tasks/index.html.erb:6
  [1m[36mTask Load (0.4ms)[0m  [1m[34mSELECT "tasks".* FROM "tasks" /*action='index',application='TaskManagementApp',controller='tasks'*/[0m
  ↳ app/views/tasks/_task.html.erb:2
  [1m[36mUser Load (0.4ms)[0m  [1m[34mSELECT "users".* FROM "users" WHERE "users"."id" = 1 LIMIT 1 /*action='index',application='TaskManagementApp',controller='tasks'*/[0m
  ↳ app/views/tasks/_task.html.erb:38
  [1m[36mCACHE User Load (0.0ms)[0m  [1m[34mSELECT "users".* FROM "users" WHERE "users"."id" = 1 LIMIT 1[0m
  ↳ app/views/tasks/_task.html.erb:38
  Rendered tasks/_task.html.erb (Duration: 6.3ms | GC: 0.0ms)
  Rendered tasks/index.html.erb within layouts/application (Duration: 8.1ms | GC: 0.0ms)
  Rendered shared/_navbar.html.erb (Duration: 0.2ms | GC: 0.0ms)
  Rendered layout layouts/application.html.erb (Duration: 9.5ms | GC: 0.0ms)
Completed 200 OK in 12ms (Views: 8.8ms | ActiveRecord: 1.2ms (4 queries, 1 cached) | GC: 0.0ms)


